path,sha256,label_letter,in_eval,source_path
images/0004f0875a7adf9d825d552e4c1dea38e6213fff930a12467f3a1d756ad8831a.jpg,0004f0875a7adf9d825d552e4c1dea38e6213fff930a12467f3a1d756ad8831a,E,1,Miner/1 (11092).jpg
images/00057fa9e81f4190eebcf9a1a4269dffc1cb8e973329685637492b9daf1746a1.jpg,00057fa9e81f4190eebcf9a1a4269dffc1cb8e973329685637492b9daf1746a1,E,1,Miner/1 (10476).jpg
images/003819c39e7059f092c37a9674ce68fe1088ba36ce52b668da9b0973ff254332.jpg,003819c39e7059f092c37a9674ce68fe1088ba36ce52b668da9b0973ff254332,D,1,Phoma/4 (560).jpg
images/004f48f4b13f88f873c5fa064eea94ef8686dbbf6da2da1f868a4918c158822c.jpg,004f48f4b13f88f873c5fa064eea94ef8686dbbf6da2da1f868a4918c158822c,B,1,Leaf rust/1 (31).jpg
images/005cecebf36611f11686751d7545598876186952406e3d761334e2de3d0c1129.jpg,005cecebf36611f11686751d7545598876186952406e3d761334e2de3d0c1129,E,1,Miner/1 (11970).jpg
images/0073016e23521000105223adf2246532f55317d574916e7652c08fe8ed8a8790.jpg,0073016e23521000105223adf2246532f55317d574916e7652c08fe8ed8a8790,C,1,Cerscospora/8 (505).jpg
images/007fdee42f162c0636b2dc4a9db05073e19166117f68ce4a3a596c726d3c6b22.jpg,007fdee42f162c0636b2dc4a9db05073e19166117f68ce4a3a596c726d3c6b22,E,1,Miner/1 (12867).jpg
images/0081649108bf98e88bc503dd56f06c75cc5997cf120723ef06a58b654e2c047b.jpg,0081649108bf98e88bc503dd56f06c75cc5997cf120723ef06a58b654e2c047b,E,1,Miner/1 (10406).jpg
images/00a21ce3ae247128d95e563252c5b8a8633ac0327f114a2b393a0cbf032b315a.jpg,00a21ce3ae247128d95e563252c5b8a8633ac0327f114a2b393a0cbf032b315a,B,1,Leaf rust/2 (621).jpg
images/00ba3bac5c3e0fcac2bb8c66b6db4a68659eeefc0ea223f156c4f853da02a75e.jpg,00ba3bac5c3e0fcac2bb8c66b6db4a68659eeefc0ea223f156c4f853da02a75e,E,1,Miner/1 (14262).jpg
images/00bed8cc7621fa3dda526093fe88769914d8fce5060d89c3ed135eac975ca0d2.jpg,00bed8cc7621fa3dda526093fe88769914d8fce5060d89c3ed135eac975ca0d2,B,1,Leaf rust/2 (586).jpg
images/00c7341bcda114c0597edfc176dc0f2671df865f72749da4676c6c9243751582.jpg,00c7341bcda114c0597edfc176dc0f2671df865f72749da4676c6c9243751582,E,1,Miner/1 (10429).jpg
images/00d1d85a479bc0ac02756d93642c12e73605dd4d3fbef33c3861bd9b48aa6ab4.jpg,00d1d85a479bc0ac02756d93642c12e73605dd4d3fbef33c3861bd9b48aa6ab4,E,1,Miner/1 (11776).jpg
images/00e246c03b35c839a77f450b84c70a718770e936b4608851c86e3830326f8d86.jpg,00e246c03b35c839a77f450b84c70a718770e936b4608851c86e3830326f8d86,B,1,Leaf rust/1 (345).jpg
images/00f4f088fe9fe1d985c4aac0b142b115ba24a2ff19e3906c5e87abbfe71f4670.jpg,00f4f088fe9fe1d985c4aac0b142b115ba24a2ff19e3906c5e87abbfe71f4670,D,1,Phoma/1 (559).jpg
images/00fdd118cde69ce56602d5dde4f52ab707f6964ec12f0648f04b5bfeba6a5d96.jpg,00fdd118cde69ce56602d5dde4f52ab707f6964ec12f0648f04b5bfeba6a5d96,B,1,Leaf rust/2 (725).jpg
images/01062411f797cfc244f3425896f19f3369866deadc2d73439d06d729f251a3cd.jpg,01062411f797cfc244f3425896f19f3369866deadc2d73439d06d729f251a3cd,B,1,Leaf rust/2 (761).jpg
images/010841b586a7ba70f0b096cd412c392b9f2664e171a19ef187cefad3d216bf88.jpg,010841b586a7ba70f0b096cd412c392b9f2664e171a19ef187cefad3d216bf88,E,1,Miner/1 (13692).jpg
images/013582b6181759542aa0594d048913b12f5cd8deef70bd3d8d2347dedbc7070c.jpg,013582b6181759542aa0594d048913b12f5cd8deef70bd3d8d2347dedbc7070c,B,1,Leaf rust/2 (894).jpg
images/015aaa3d487f7ff8ee437ea39b9bcf3f5fdbedd6d4bdec70483c10c7d2933642.jpg,015aaa3d487f7ff8ee437ea39b9bcf3f5fdbedd6d4bdec70483c10c7d2933642,B,1,Leaf rust/1 (138).jpg
images/015c77fb110c21aae37dac0a25d2c6163d2b88f852be198a3f8625ccbda46d2c.jpg,015c77fb110c21aae37dac0a25d2c6163d2b88f852be198a3f8625ccbda46d2c,E,1,Miner/1 (12197).jpg
images/0168f32fe7c41f6443a899fd4b5940c44f911c3d24192b38cf166d9aaccceb50.jpg,0168f32fe7c41f6443a899fd4b5940c44f911c3d24192b38cf166d9aaccceb50,B,1,Leaf rust/2 (544).jpg
images/01716209f4e2a706aaf9f96a31201eb5082f658bd3df63a530f1120be08b6ca7.jpg,01716209f4e2a706aaf9f96a31201eb5082f658bd3df63a530f1120be08b6ca7,E,1,Miner/1 (13216).jpg
images/0172f278bfbfb00cce658fbe08c559012a1c68e57bdb7185d606368e3c45c068.jpg,0172f278bfbfb00cce658fbe08c559012a1c68e57bdb7185d606368e3c45c068,E,1,Miner/1 (12084).jpg
images/0173b140281f4bcc2b9480f96e997f6ee4818328fc6ab31b7a7108615937b2e8.jpg,0173b140281f4bcc2b9480f96e997f6ee4818328fc6ab31b7a7108615937b2e8,E,1,Miner/1 (15616).jpg
images/017f8805c361013eedf514069f328b55862c1aa2ddabf97ddda6cd6c2eb05c24.jpg,017f8805c361013eedf514069f328b55862c1aa2ddabf97ddda6cd6c2eb05c24,E,1,Miner/1 (12096).jpg
images/0182a4a769c3734bbd0be5f72c910d59a6844eb4c81b396480c60456f114c48a.jpg,0182a4a769c3734bbd0be5f72c910d59a6844eb4c81b396480c60456f114c48a,E,1,Miner/1 (11716).jpg
images/0194f13044b14dfc6af877fb9937464c2bdce003bf38b4b277412131c1827cf6.jpg,0194f13044b14dfc6af877fb9937464c2bdce003bf38b4b277412131c1827cf6,E,1,Miner/1 (13841).jpg
images/01acbe0c533362a659db757010f98c5beee76c670a295081b601662b1f3d1074.jpg,01acbe0c533362a659db757010f98c5beee76c670a295081b601662b1f3d1074,E,1,Miner/1 (13994).jpg
images/01c0e431730c653fce753b68e9b925de1aca667e5c1ac87030adca1060ed2d96.jpg,01c0e431730c653fce753b68e9b925de1aca667e5c1ac87030adca1060ed2d96,E,1,Miner/1 (12038).jpg
images/01deb17d7e61598608253d79a34c37e8aeb6ead7be1db9de53e70f06f64b1e39.jpg,01deb17d7e61598608253d79a34c37e8aeb6ead7be1db9de53e70f06f64b1e39,E,1,Miner/1 (12188).jpg
images/01f472a7c3396f8a8b4b4bdc39a5e90de4da2243b6a8c456cdfe55f38e678774.jpg,01f472a7c3396f8a8b4b4bdc39a5e90de4da2243b6a8c456cdfe55f38e678774,E,1,Miner/1 (10347).jpg
images/01f6ccb1bcbd8fe12c02b620cbf5ef3586f3d609bcf303685646286cbaa9c918.jpg,01f6ccb1bcbd8fe12c02b620cbf5ef3586f3d609bcf303685646286cbaa9c918,B,1,Leaf rust/2 (873).jpg
images/01f97170bb3a7478fd5ddae6366b87a467a54177fb16e88a02c17fb8bd2a292a.jpg,01f97170bb3a7478fd5ddae6366b87a467a54177fb16e88a02c17fb8bd2a292a,E,1,Miner/1 (14172).jpg
images/020df42c6ed2a3f6a48c6665e4eb5efad86689d6f371b6421b130d9fe17f25a4.jpg,020df42c6ed2a3f6a48c6665e4eb5efad86689d6f371b6421b130d9fe17f25a4,B,1,Leaf rust/2 (703).jpg
images/0212a8456e332b2140c7fa5b6e3e3de5613eea71f36f894c05888b5f6c46cbbd.jpg,0212a8456e332b2140c7fa5b6e3e3de5613eea71f36f894c05888b5f6c46cbbd,E,1,Miner/1 (10199).jpg
images/02178285493eac6764766dc5d13d5479dd48498e4d9bdd0d27fcd35a56e13999.jpg,02178285493eac6764766dc5d13d5479dd48498e4d9bdd0d27fcd35a56e13999,E,1,Miner/1 (11820).jpg
images/0245fcb617eb13e2eb714d7b78025ce79441be76dc0b4d8e3a1cc438bd71bfca.jpg,0245fcb617eb13e2eb714d7b78025ce79441be76dc0b4d8e3a1cc438bd71bfca,B,1,Leaf rust/1 (254).jpg
images/02485824d4d0dad1cdf62213e63081f0476e97160aaf017ef08671a49ab39521.jpg,02485824d4d0dad1cdf62213e63081f0476e97160aaf017ef08671a49ab39521,B,1,Leaf rust/2 (679).jpg
images/025848b0ca4f0902e36db1ece45864e5bf9d676ea35e6e02b7841de8b76ac01e.jpg,025848b0ca4f0902e36db1ece45864e5bf9d676ea35e6e02b7841de8b76ac01e,D,1,Phoma/3 (1276).jpg
images/0259f968679b533b0c2c67adf44bc79022902b772556d1b8d1f9c2b7d12e4490.jpg,0259f968679b533b0c2c67adf44bc79022902b772556d1b8d1f9c2b7d12e4490,B,1,Leaf rust/2 (1001).jpg
images/025ee7234b18e7290adaf1fee5498d10f752e3f009dba77ad2290bc134dbd897.jpg,025ee7234b18e7290adaf1fee5498d10f752e3f009dba77ad2290bc134dbd897,C,1,Cerscospora/8 (866).jpg
images/0261e5ed8c650c015f97e2cde3cc099a4551fc30669cc39a2234f5cc80374c48.jpg,0261e5ed8c650c015f97e2cde3cc099a4551fc30669cc39a2234f5cc80374c48,B,1,Leaf rust/2 (993).jpg
images/027a30a2c29d32ef3d059ed8a5fb62b332813dcdc48a06b5dbb46597d0164414.jpg,027a30a2c29d32ef3d059ed8a5fb62b332813dcdc48a06b5dbb46597d0164414,B,1,Leaf rust/1 (123).jpg
images/02b8224466e8014ca55bbd066f8dd8e95a2428005c940048d8d424186987d57b.jpg,02b8224466e8014ca55bbd066f8dd8e95a2428005c940048d8d424186987d57b,E,1,Miner/1 (10618).jpg
images/02ea0f06439a252fa1f2624278cbc64b2f71ff8c0f0f884716cd316e65ade958.jpg,02ea0f06439a252fa1f2624278cbc64b2f71ff8c0f0f884716cd316e65ade958,E,1,Miner/1 (14261).jpg
images/02f19fe6010c26052665d98042b31e4a7f4a3e11f90a731265fca096ab2a611b.jpg,02f19fe6010c26052665d98042b31e4a7f4a3e11f90a731265fca096ab2a611b,D,1,Phoma/4 (564).jpg
images/032a49df1f9a2eb89e6ce03173d9cb57b0bd4f6384a1b7cd93746ddaaeac7f3d.jpg,032a49df1f9a2eb89e6ce03173d9cb57b0bd4f6384a1b7cd93746ddaaeac7f3d,E,1,Miner/1 (10339).jpg
images/0350c5eb10fdd9bdb14ed1be8f0a9bdbd6f52a0beb478376b7ed0f6257b551b5.jpg,0350c5eb10fdd9bdb14ed1be8f0a9bdbd6f52a0beb478376b7ed0f6257b551b5,E,1,Miner/1 (14963).jpg
images/03592d91cf71898b8902e7dfccd576e2b75457ad3fb08c8fa667aba1517a110a.jpg,03592d91cf71898b8902e7dfccd576e2b75457ad3fb08c8fa667aba1517a110a,B,1,Leaf rust/1 (320).jpg
images/03798ff49bc0d4d18a50c38d2193fb1256dadd4edd49355ea24cd73f2131c343.jpg,03798ff49bc0d4d18a50c38d2193fb1256dadd4edd49355ea24cd73f2131c343,E,1,Miner/1 (1065).jpg
images/0390fc5263e5ed52d49bae5ca37c0d6b16cb2b370a6cdabd2ae86a3d80213ab5.jpg,0390fc5263e5ed52d49bae5ca37c0d6b16cb2b370a6cdabd2ae86a3d80213ab5,D,1,Phoma/1 (526).jpg
images/03a56489c517390bf15373a5f09da3b6ef86c461eebb3963d254e2577b9421f7.jpg,03a56489c517390bf15373a5f09da3b6ef86c461eebb3963d254e2577b9421f7,D,1,Phoma/3 (1512).jpg
images/03b52a6aa0a49344ef784bcce5b8bc0db9fab35931865c75d0132b00a83d1b96.jpg,03b52a6aa0a49344ef784bcce5b8bc0db9fab35931865c75d0132b00a83d1b96,E,1,Miner/1 (11708).jpg
images/03ba82d829a55c3e8d609e14477dc8c8ff08ef933dd6ad67a41084362b80651b.jpg,03ba82d829a55c3e8d609e14477dc8c8ff08ef933dd6ad67a41084362b80651b,E,1,Miner/1 (12209).jpg
images/03c462757b4adbf74763822eddb82df2565e29ce549ad90ab9cef235d2db0d70.jpg,03c462757b4adbf74763822eddb82df2565e29ce549ad90ab9cef235d2db0d70,C,1,Cerscospora/6 (293).jpg
images/03e734dfb1e3a8b518e3902f5ae43938f236241338aa140192ad01de582c010d.jpg,03e734dfb1e3a8b518e3902f5ae43938f236241338aa140192ad01de582c010d,E,1,Miner/1 (14017).jpg
images/03eea2ad5be3435eb640967063d433c3a29d0093eb3726ce0f7ef66772fdec5f.jpg,03eea2ad5be3435eb640967063d433c3a29d0093eb3726ce0f7ef66772fdec5f,E,1,Miner/1 (12186).jpg
images/040c15408c3d59d74c90fc3d99fb9aa7a379d068284e3bf3a897dd7492e3068a.jpg,040c15408c3d59d74c90fc3d99fb9aa7a379d068284e3bf3a897dd7492e3068a,C,1,Cerscospora/4 (769).jpg
images/04152dd795ee856ba95601c77366008ce755f67d2ea2fee203456f1188b7389d.jpg,04152dd795ee856ba95601c77366008ce755f67d2ea2fee203456f1188b7389d,C,1,Cerscospora/4 (191).jpg
images/041c8686810423ea3dfbeb0aaf645044710635772f1a81c25d054f47a9b4c035.jpg,041c8686810423ea3dfbeb0aaf645044710635772f1a81c25d054f47a9b4c035,B,1,Leaf rust/1 (192).jpg
images/0425ccbdef933a4d113b5c7a67a837ab9e3918f6bfb2c7fa6198d67b4ffaf0ff.jpg,0425ccbdef933a4d113b5c7a67a837ab9e3918f6bfb2c7fa6198d67b4ffaf0ff,E,1,Miner/1 (15360).jpg
images/042674bd626ddc57677476e2ea14afb710d5d2f40ae3eea6d1afc677802f2676.jpg,042674bd626ddc57677476e2ea14afb710d5d2f40ae3eea6d1afc677802f2676,D,1,Phoma/3 (1231).jpg
images/042f9d8218c2ec7449c1e4a55cec4367043b707098e6c24d16865482c6c9029e.jpg,042f9d8218c2ec7449c1e4a55cec4367043b707098e6c24d16865482c6c9029e,B,1,Leaf rust/2 (614).jpg
images/043821934786b8f700f73c432c0e7112871772a194e007f561d95aaf88d3e033.jpg,043821934786b8f700f73c432c0e7112871772a194e007f561d95aaf88d3e033,E,1,Miner/1 (11370).jpg
images/049cd330210eec64c0a46a068499e7e7d97c76b2b608e14724e7c33290650b0a.jpg,049cd330210eec64c0a46a068499e7e7d97c76b2b608e14724e7c33290650b0a,E,1,Miner/1 (12204).jpg
images/04a6b556b3bc558b99e120a5fa954a4743fdf63c16de4490adf2a484de2daf20.jpg,04a6b556b3bc558b99e120a5fa954a4743fdf63c16de4490adf2a484de2daf20,B,1,Leaf rust/1 (403).jpg
images/04b125f2f675233695f128fc47da856f37f9bd59b7c9b31cacd5fba6bb0c7672.jpg,04b125f2f675233695f128fc47da856f37f9bd59b7c9b31cacd5fba6bb0c7672,B,1,Leaf rust/1 (271).jpg
images/04bb8d90e8711b8def75c72cdff133c953bc37f9d3870e93b4d8f3eefd7ddee4.jpg,04bb8d90e8711b8def75c72cdff133c953bc37f9d3870e93b4d8f3eefd7ddee4,B,1,Leaf rust/1 (371).jpg
images/04dbd2867e0e47becbe4ef5eba74628b88b6fdc89060d824707ed27e38f3755f.jpg,04dbd2867e0e47becbe4ef5eba74628b88b6fdc89060d824707ed27e38f3755f,D,1,Phoma/4 (591).jpg
images/05026e4378eb307cd10ddf3d8a8998a72b9227590186e4c7041a0521e91cfd11.jpg,05026e4378eb307cd10ddf3d8a8998a72b9227590186e4c7041a0521e91cfd11,B,1,Leaf rust/1 (129).jpg
images/05053f525551194ee93f10da7bee05466d800f35813b330a02bc85855bf291aa.jpg,05053f525551194ee93f10da7bee05466d800f35813b330a02bc85855bf291aa,D,1,Phoma/2 (106).jpg
images/0511fe2625faf3d9b74b8c5a25b0387fc1d1aec085eb15bb583ae46ea5020883.jpg,0511fe2625faf3d9b74b8c5a25b0387fc1d1aec085eb15bb583ae46ea5020883,E,1,Miner/1 (1070).jpg
images/0517c27f29ce8ad28385776edd13e33212a3a7f1a77a37959d2a3db3111fdcda.jpg,0517c27f29ce8ad28385776edd13e33212a3a7f1a77a37959d2a3db3111fdcda,C,1,Cerscospora/8 (596).jpg
images/052ccfa980ab73e729d5c07c75672a8190aff1020f3c828358179778ccbc2e08.jpg,052ccfa980ab73e729d5c07c75672a8190aff1020f3c828358179778ccbc2e08,E,1,Miner/1 (10217).jpg
images/053a49c8972ed51540e8d9f49bb364e873ae4254e8295a2e9b872ba8b3e2ebfc.jpg,053a49c8972ed51540e8d9f49bb364e873ae4254e8295a2e9b872ba8b3e2ebfc,E,1,Miner/1 (10059).jpg
images/053b995bc9880587e4814898bc763214c9c8f01e3d81f3abdf52652c00737e54.jpg,053b995bc9880587e4814898bc763214c9c8f01e3d81f3abdf52652c00737e54,B,1,Leaf rust/1 (231).jpg
images/054d7acc0c7bbaf5885b8cdc240de2ad46cc3a9e02a8128e72b8d2aca8d673f4.jpg,054d7acc0c7bbaf5885b8cdc240de2ad46cc3a9e02a8128e72b8d2aca8d673f4,D,1,Phoma/2 (543).jpg
images/056e92dd4499a93bcf274f3de3e2ae077f5604984fb8e7981aa8b095e734571d.jpg,056e92dd4499a93bcf274f3de3e2ae077f5604984fb8e7981aa8b095e734571d,D,1,Phoma/4 (131).jpg
images/0575798f54b77908ec97dbaa38a7d1dbf3165b78a66ec16d6fc8bdc479f053dc.jpg,0575798f54b77908ec97dbaa38a7d1dbf3165b78a66ec16d6fc8bdc479f053dc,B,1,Leaf rust/2 (542).jpg
images/05925581b2cb16724aab4351aa38610281239455e14a613b510a11fafb91d2e3.jpg,05925581b2cb16724aab4351aa38610281239455e14a613b510a11fafb91d2e3,E,1,Miner/1 (12127).jpg
images/05989a896e844aa7f5ba7970367ac4141725f4691dd11720f8d6d3634cfa5f6d.jpg,05989a896e844aa7f5ba7970367ac4141725f4691dd11720f8d6d3634cfa5f6d,D,1,Phoma/1 (11).jpg
images/05ad9d4d078aff8b5649241faa6fb32b3ab5beafaa0778d0108b6d39851829db.jpg,05ad9d4d078aff8b5649241faa6fb32b3ab5beafaa0778d0108b6d39851829db,E,1,Miner/1 (12787).jpg
images/05b657b1d015569423753166281acc4d717af6d5e8165b086a4cf3f421947f99.jpg,05b657b1d015569423753166281acc4d717af6d5e8165b086a4cf3f421947f99,E,1,Miner/1 (12521).jpg
images/05c8e68657cac068d773034cbc4f2f8d1d55eee6481007cadf1d184d8486c817.jpg,05c8e68657cac068d773034cbc4f2f8d1d55eee6481007cadf1d184d8486c817,E,1,Miner/1 (14783).jpg
images/05d6c14254de7d47b590bef6f31a29a4bcfc1a79cc2eecfe1be473a6107a0fbe.jpg,05d6c14254de7d47b590bef6f31a29a4bcfc1a79cc2eecfe1be473a6107a0fbe,B,1,Leaf rust/1 (506).jpg
images/05dab07b6eed8f87846afcbd9f5fc0e7684176de298a32341742a1bd19bd2692.jpg,05dab07b6eed8f87846afcbd9f5fc0e7684176de298a32341742a1bd19bd2692,D,1,Phoma/2 (13).jpg
images/05dd443c04972efc01571351c1a2920c2959be675ea61274d6a45daa4d28d6f7.jpg,05dd443c04972efc01571351c1a2920c2959be675ea61274d6a45daa4d28d6f7,E,1,Miner/1 (11866).jpg
images/05ddba14d5b4f5ebfd4ed6de9bd4322cec5ce4164289e3c015d185c4a3b7e150.jpg,05ddba14d5b4f5ebfd4ed6de9bd4322cec5ce4164289e3c015d185c4a3b7e150,E,1,Miner/1 (11822).jpg
images/05ecd7ed524babbd80cbd41ae9bdb19b5cde9858da88618520f073d6791145d4.jpg,05ecd7ed524babbd80cbd41ae9bdb19b5cde9858da88618520f073d6791145d4,E,1,Miner/1 (11902).jpg
images/0610d2d545f29ae177b8b78932712099c39d89d327bc9acb1d3bdd1c5f24e9b9.jpg,0610d2d545f29ae177b8b78932712099c39d89d327bc9acb1d3bdd1c5f24e9b9,B,1,Leaf rust/2 (903).jpg
images/061208924478a99567d98053f383183191f5202975a7c2f10fc80ebd9dfb0635.jpg,061208924478a99567d98053f383183191f5202975a7c2f10fc80ebd9dfb0635,E,1,Miner/1 (15819).jpg
images/0616c9c48bdfa958f1589fcd5ed15493dd03dfa00d9a59d342149d759827df7a.jpg,0616c9c48bdfa958f1589fcd5ed15493dd03dfa00d9a59d342149d759827df7a,D,1,Phoma/3 (1007).jpg
images/061f37b7d7fb95a1242fb5e08897c213619d22c4b8b51f2065ecb6b68c8c7319.jpg,061f37b7d7fb95a1242fb5e08897c213619d22c4b8b51f2065ecb6b68c8c7319,E,1,Miner/1 (10195).jpg
images/062dc3f0c3fd6b2bb6c5549b7cebb5c97c720a046435389b61d814eb1c3cc2cc.jpg,062dc3f0c3fd6b2bb6c5549b7cebb5c97c720a046435389b61d814eb1c3cc2cc,E,1,Miner/1 (10090).jpg
images/0647b2326194646e83ad0ebb7172cd72305756be8bc1a542f63c7d49b8b0f728.jpg,0647b2326194646e83ad0ebb7172cd72305756be8bc1a542f63c7d49b8b0f728,E,1,Miner/1 (12525).jpg
images/0661fe5c17abff375fb738b6855606295a8ef0998a7963e9e3c5f5149e5938d6.jpg,0661fe5c17abff375fb738b6855606295a8ef0998a7963e9e3c5f5149e5938d6,B,1,Leaf rust/1 (89).jpg
images/06932ad0d1fd7bc7130ce29e557ae669bd8f614b12744690311dcfb32fd936ce.jpg,06932ad0d1fd7bc7130ce29e557ae669bd8f614b12744690311dcfb32fd936ce,E,1,Miner/1 (12522).jpg
images/06b5f448af3aa71974df75bcc75a2eab01044162042fb02c0668d75142f4c044.jpg,06b5f448af3aa71974df75bcc75a2eab01044162042fb02c0668d75142f4c044,E,1,Miner/1 (10542).jpg
images/06b71017117d564157d420597e1d754c6ab75b0552a18910be3701ba04ee6f7c.jpg,06b71017117d564157d420597e1d754c6ab75b0552a18910be3701ba04ee6f7c,D,1,Phoma/2 (293).jpg
images/06b83b0850485bfc501b6f6fd5eb92d9eb71c13491e3cc97b359858b30655dce.jpg,06b83b0850485bfc501b6f6fd5eb92d9eb71c13491e3cc97b359858b30655dce,E,1,Miner/1 (10407).jpg
images/06ceb0ead2b2efaf548483c2097519c929eb386d73b9ebb74acc29a12eb74a76.jpg,06ceb0ead2b2efaf548483c2097519c929eb386d73b9ebb74acc29a12eb74a76,D,1,Phoma/3 (1234).jpg
images/07079dd38430feeda774ab0c6e0e7865ed79614a814a9b4a7f695965a4c9e7b9.jpg,07079dd38430feeda774ab0c6e0e7865ed79614a814a9b4a7f695965a4c9e7b9,B,1,Leaf rust/1 (335).jpg
images/0711919025d4a02d53792ae4cc76da15738142cf52a6b5b9077692aecd65e5a6.jpg,0711919025d4a02d53792ae4cc76da15738142cf52a6b5b9077692aecd65e5a6,E,1,Miner/1 (13587).jpg
images/0732484ff296f283c82a9abafd4cf21a5e7f231d4b9b7540453b2e6df8abecba.jpg,0732484ff296f283c82a9abafd4cf21a5e7f231d4b9b7540453b2e6df8abecba,B,1,Leaf rust/1 (73).jpg
images/0743579424616990edf1685723d7548c62830dca78db3186e654e360a729f02e.jpg,0743579424616990edf1685723d7548c62830dca78db3186e654e360a729f02e,E,1,Miner/1 (10267).jpg
images/075509a6bf04ffdf1693486ff315022d0865778dd33027c52d49e87a3a6109ab.jpg,075509a6bf04ffdf1693486ff315022d0865778dd33027c52d49e87a3a6109ab,D,1,Phoma/1 (774).jpg
images/07ac9106aa2e5c43eb9a96266c94a1f773acf9557e8f574bd9b40305abb389e0.jpg,07ac9106aa2e5c43eb9a96266c94a1f773acf9557e8f574bd9b40305abb389e0,D,1,Phoma/2 (328).jpg
images/07af981cb7a3eb7654cf4558d8d36c1d3750f00b432ced8c0ad9fb1bcb13986e.jpg,07af981cb7a3eb7654cf4558d8d36c1d3750f00b432ced8c0ad9fb1bcb13986e,E,1,Miner/1 (15805).jpg
images/07be1c48aceb48a12ae58442be79dc8c303f6d7f26a3675f6ec17bb491ec9c83.jpg,07be1c48aceb48a12ae58442be79dc8c303f6d7f26a3675f6ec17bb491ec9c83,B,1,Leaf rust/2 (618).jpg
images/07cd8d396b584e7e50fe5cc4e5d642fe0e92f1dda1ae8f392d943ab808863b6b.jpg,07cd8d396b584e7e50fe5cc4e5d642fe0e92f1dda1ae8f392d943ab808863b6b,E,1,Miner/1 (10423).jpg
images/07d5bffb8284808da52c38e708bd067f6f8fc24877c22b30b79a52ccb1daccf6.jpg,07d5bffb8284808da52c38e708bd067f6f8fc24877c22b30b79a52ccb1daccf6,D,1,Phoma/4 (21).jpg
images/07dc7b921c6ad65322b98fa74c94e20d0b3ff8cd4da01c83ec682abb7db83061.jpg,07dc7b921c6ad65322b98fa74c94e20d0b3ff8cd4da01c83ec682abb7db83061,E,1,Miner/1 (15490).jpg
images/07e1c016e750679339644d237b09e062c2593bfb08bffce5f2fc242c95035f5f.jpg,07e1c016e750679339644d237b09e062c2593bfb08bffce5f2fc242c95035f5f,E,1,Miner/1 (15763).jpg
images/07e703b762cee58787ebc294131a27b91006e06acea47edcabf123a65d6bd7e9.jpg,07e703b762cee58787ebc294131a27b91006e06acea47edcabf123a65d6bd7e9,E,1,Miner/1 (13860).jpg
images/07f8c4bfd8a24b91016b059adbf593895510700f98eb91c6e6f195106a4f165e.jpg,07f8c4bfd8a24b91016b059adbf593895510700f98eb91c6e6f195106a4f165e,A,1,Healthy/1 (1).jpg
images/0818f254f0355f70609b8d55eac696821645332d7d1e93d8c1f05734c2f6a14b.jpg,0818f254f0355f70609b8d55eac696821645332d7d1e93d8c1f05734c2f6a14b,C,1,Cerscospora/8 (674).jpg
images/083006c46f5b2e00c07d4d8d9b66fab865e9a3af9ffaa0d37d1d1548c9765eaa.jpg,083006c46f5b2e00c07d4d8d9b66fab865e9a3af9ffaa0d37d1d1548c9765eaa,E,1,Miner/1 (15768).jpg
images/0882cf91062e4e55f112a2bd8e8199a84af3fc67c929d2249049bcca0a00c822.jpg,0882cf91062e4e55f112a2bd8e8199a84af3fc67c929d2249049bcca0a00c822,E,1,Miner/1 (10462).jpg
images/0891b2187ed49c9c89fc4d4a5837fadb56ff1f35958591d56d272c0ea64e20af.jpg,0891b2187ed49c9c89fc4d4a5837fadb56ff1f35958591d56d272c0ea64e20af,B,1,Leaf rust/1 (259).jpg
images/08df4ea52fc06890e2845403237f79ec993932d456902ad4711e97813c0d4cdb.jpg,08df4ea52fc06890e2845403237f79ec993932d456902ad4711e97813c0d4cdb,B,1,Leaf rust/1 (163).jpg
images/08f862954ed71bc7fc89903b97da1780190e2dc168b1cc5dd9c17fb1d53d2bc9.jpg,08f862954ed71bc7fc89903b97da1780190e2dc168b1cc5dd9c17fb1d53d2bc9,E,1,Miner/1 (15821).jpg
images/0908be6fd0000374f4835c4677473c27726dc31c02383bebfb409f61244c5f67.jpg,0908be6fd0000374f4835c4677473c27726dc31c02383bebfb409f61244c5f67,C,1,Cerscospora/8 (506).jpg
images/0921b0fe0a59f1b403a1416a8799cd54ba7d9b807ce426fcb2fea1f759e92175.jpg,0921b0fe0a59f1b403a1416a8799cd54ba7d9b807ce426fcb2fea1f759e92175,D,1,Phoma/1 (285).jpg
images/092d302fcef8af65be58a1868755ead020c2f9cdd95b3e13ea91515b8048c439.jpg,092d302fcef8af65be58a1868755ead020c2f9cdd95b3e13ea91515b8048c439,B,1,Leaf rust/1 (40).jpg
images/096b107edaf8873e7f48bec04571472f5cc321fc48c949618ad862e8360540bf.jpg,096b107edaf8873e7f48bec04571472f5cc321fc48c949618ad862e8360540bf,D,1,Phoma/1 (131).jpg
images/096b2b713f36ec3603f866c63042a9b9a057df2a204843d84f7fc13be9a07da0.jpg,096b2b713f36ec3603f866c63042a9b9a057df2a204843d84f7fc13be9a07da0,E,1,Miner/1 (14979).jpg
images/09af9482464dd8dc87aaa55744caf19e1817e045a0a7c4a8c64fdc5fde05f5c5.jpg,09af9482464dd8dc87aaa55744caf19e1817e045a0a7c4a8c64fdc5fde05f5c5,E,1,Miner/1 (10318).jpg
images/09b474f0e9222f28d059f02d80765d1d53c6d0cf697620a87f82674ea241fce7.jpg,09b474f0e9222f28d059f02d80765d1d53c6d0cf697620a87f82674ea241fce7,B,1,Leaf rust/1 (499).jpg
images/09c90def54a46e8c3b59091de09f9b9baddabde4e13d856d00affea8aa9b0f37.jpg,09c90def54a46e8c3b59091de09f9b9baddabde4e13d856d00affea8aa9b0f37,E,1,Miner/1 (12047).jpg
images/09edfeb65bc2b77558a564ba5e236243da4efec3f7772be0077e71d468700e55.jpg,09edfeb65bc2b77558a564ba5e236243da4efec3f7772be0077e71d468700e55,D,1,Phoma/4 (408).jpg
images/0a01cf885650c3025e790deaf17d758d25a7e3ca5a56f1c24108bb76bb2fc86a.jpg,0a01cf885650c3025e790deaf17d758d25a7e3ca5a56f1c24108bb76bb2fc86a,D,1,Phoma/3 (1237).jpg
images/0a1ac19b4c5ebe66fba5abf1688385a1b61a158b1ac976c52d1ce8cb71e0a15c.jpg,0a1ac19b4c5ebe66fba5abf1688385a1b61a158b1ac976c52d1ce8cb71e0a15c,E,1,Miner/1 (12596).jpg
images/0a29916106b9513ee2d96907c17c5ba3b31119fe791badebb247114e7ab1cb1a.jpg,0a29916106b9513ee2d96907c17c5ba3b31119fe791badebb247114e7ab1cb1a,C,1,Cerscospora/6 (555).jpg
images/0a2a76490c7ea871500b93deb7ba7c22bdb77df4a9218259fd1c2f7bf5a8fa22.jpg,0a2a76490c7ea871500b93deb7ba7c22bdb77df4a9218259fd1c2f7bf5a8fa22,E,1,Miner/1 (13584).jpg
images/0a385233ce191bf12355cd540b3ca52866f962044e949b8d6cf784882944be46.jpg,0a385233ce191bf12355cd540b3ca52866f962044e949b8d6cf784882944be46,E,1,Miner/1 (13981).jpg
images/0a449181da41a83e6f585f9f8902dced7d0799d31348fb6f1bd89b5e2db561b7.jpg,0a449181da41a83e6f585f9f8902dced7d0799d31348fb6f1bd89b5e2db561b7,E,1,Miner/1 (10175).jpg
images/0a4b6bb08cb4b7aea5a88c684bc936b776b2f7065d86a9c8465356be90d0b7d3.jpg,0a4b6bb08cb4b7aea5a88c684bc936b776b2f7065d86a9c8465356be90d0b7d3,D,1,Phoma/3 (1491).jpg
images/0a610d9f5516c615877c38182d2f058c48d48e72e40af155a3f3862977a22275.jpg,0a610d9f5516c615877c38182d2f058c48d48e72e40af155a3f3862977a22275,B,1,Leaf rust/2 (809).jpg
images/0a62a30e796700b73b6ab4651a5f07794c43a27331958bab9e028f8c7abe22be.jpg,0a62a30e796700b73b6ab4651a5f07794c43a27331958bab9e028f8c7abe22be,E,1,Miner/1 (14790).jpg
images/0a66d8211f0968da1823d88fd8bb3c961e2a0ce7008a537149db794647cde6b1.jpg,0a66d8211f0968da1823d88fd8bb3c961e2a0ce7008a537149db794647cde6b1,D,1,Phoma/2 (16).jpg
images/0a69bfd876baae72387a963f9f0337c666e9fb626c5d18532a7d8621b767b57d.jpg,0a69bfd876baae72387a963f9f0337c666e9fb626c5d18532a7d8621b767b57d,B,1,Leaf rust/2 (893).jpg
images/0a7ec12f98b6a3fcdfeb7d4fa47977f2fa0953cd1429c4dcc15c29f055f38b68.jpg,0a7ec12f98b6a3fcdfeb7d4fa47977f2fa0953cd1429c4dcc15c29f055f38b68,B,1,Leaf rust/2 (937).jpg
images/0a8194f14fc027daf8098d3098e719f1e3fa8b5ecc68ff1093b3dfd57e7d4140.jpg,0a8194f14fc027daf8098d3098e719f1e3fa8b5ecc68ff1093b3dfd57e7d4140,E,1,Miner/1 (11826).jpg
images/0a8a1a910535eff77caf5fd8f0d5a908538f661b22a3498e0368abdcf1bd9aff.jpg,0a8a1a910535eff77caf5fd8f0d5a908538f661b22a3498e0368abdcf1bd9aff,C,1,Cerscospora/4 (217).jpg
images/0a9cd8bfe8ecc405a08dc146fa3b7ede101af5fcfbacfe71d73592c895585ba7.jpg,0a9cd8bfe8ecc405a08dc146fa3b7ede101af5fcfbacfe71d73592c895585ba7,E,1,Miner/1 (14221).jpg
images/0aa4b0a76fb7b3223c9ec6e69be4aeb6ca98399dc0645fcb0f4abecd0744ac9d.jpg,0aa4b0a76fb7b3223c9ec6e69be4aeb6ca98399dc0645fcb0f4abecd0744ac9d,B,1,Leaf rust/2 (626).jpg
images/0adc5966847e72c21871be9e0cbf6a9536731a92d68dfc932a04f55dedf6c7c8.jpg,0adc5966847e72c21871be9e0cbf6a9536731a92d68dfc932a04f55dedf6c7c8,E,1,Miner/1 (10468).jpg
images/0afa53f9e437b5ebc426092a1619a0f91aa825c1e6fddaf46ae10277a3edc32d.jpg,0afa53f9e437b5ebc426092a1619a0f91aa825c1e6fddaf46ae10277a3edc32d,E,1,Miner/1 (13404).jpg
images/0b108a64e8e10c7db9c2e58d1376f1d05dd3e5418753aaecd72c05985a1ee4b1.jpg,0b108a64e8e10c7db9c2e58d1376f1d05dd3e5418753aaecd72c05985a1ee4b1,E,1,Miner/1 (12539).jpg
images/0b14215a5fb6fb0904f149b0ca90680c660a28b1d0ddcd288d733bc043c7735e.jpg,0b14215a5fb6fb0904f149b0ca90680c660a28b1d0ddcd288d733bc043c7735e,E,1,Miner/1 (12733).jpg
images/0b2dbdbdecf1ae833acaee93a42bc64f7a2bc341bc831528de1be7717820f6f6.jpg,0b2dbdbdecf1ae833acaee93a42bc64f7a2bc341bc831528de1be7717820f6f6,D,1,Phoma/4 (635).jpg
images/0b5092916504a381e00a1b2c62410a8b8d4b3c4d454f09c79e9487022cb2c2fd.jpg,0b5092916504a381e00a1b2c62410a8b8d4b3c4d454f09c79e9487022cb2c2fd,E,1,Miner/1 (14126).jpg
images/0b587ba9756946eb4cf77ae632381e148e9f88dc4ec46be82ac1e13914edfb1d.jpg,0b587ba9756946eb4cf77ae632381e148e9f88dc4ec46be82ac1e13914edfb1d,E,1,Miner/1 (13499).jpg
images/0b5c14a0006c052f057e3114ee31adb150499f31deb7546ea38204551addea29.jpg,0b5c14a0006c052f057e3114ee31adb150499f31deb7546ea38204551addea29,E,1,Miner/1 (12039).jpg
images/0b5e98720aee9f2826996469c6e7f6c745a4f3a4b82b1d05f5ad658baab32ec2.jpg,0b5e98720aee9f2826996469c6e7f6c745a4f3a4b82b1d05f5ad658baab32ec2,E,1,Miner/1 (11924).jpg
images/0b673356ac89cc79565a475fc5b70757c32f47268e95accacffba5a01bf74b15.jpg,0b673356ac89cc79565a475fc5b70757c32f47268e95accacffba5a01bf74b15,E,1,Miner/1 (10718).jpg
images/0b6f1ed7c6bb3da09def35009d154990bb253f294d7e3feec2b65f593ea4f3fe.jpg,0b6f1ed7c6bb3da09def35009d154990bb253f294d7e3feec2b65f593ea4f3fe,D,1,Phoma/1 (293).jpg
images/0b96f52ba0ee469aa0ec38ccd51b4db6b7a412ad43c4bbfce1911a5b08b8452b.jpg,0b96f52ba0ee469aa0ec38ccd51b4db6b7a412ad43c4bbfce1911a5b08b8452b,E,1,Miner/1 (11818).jpg
images/0ba76f2df6a3fb34024be8514599d0e40eca3a3a1c2f66198d2419ca69a03260.jpg,0ba76f2df6a3fb34024be8514599d0e40eca3a3a1c2f66198d2419ca69a03260,E,1,Miner/1 (11717).jpg
images/0ba8aa355b5411bf672dad61e6d6745396558552e1472b3994ab12be3d5e9dc4.jpg,0ba8aa355b5411bf672dad61e6d6745396558552e1472b3994ab12be3d5e9dc4,D,1,Phoma/1 (317).jpg
images/0bbb47181d503c2cfe755e368171281b181e597ccc75a9427ee88d50bdaf3d25.jpg,0bbb47181d503c2cfe755e368171281b181e597ccc75a9427ee88d50bdaf3d25,B,1,Leaf rust/2 (722).jpg
images/0bc8a35ec2e05be6223cd5a3faf8d9abbe07679205f57bc53db97f22854ecd37.jpg,0bc8a35ec2e05be6223cd5a3faf8d9abbe07679205f57bc53db97f22854ecd37,D,1,Phoma/1 (409).jpg
images/0be1a324d63386e9dce287106842eebd86267badf08a7f678afe52218d555e6b.jpg,0be1a324d63386e9dce287106842eebd86267badf08a7f678afe52218d555e6b,E,1,Miner/1 (14086).jpg
images/0bfbdc1afeb3e42eab3cbab9d590c52aa103c3be88707cdbcc3703bac8813bf0.jpg,0bfbdc1afeb3e42eab3cbab9d590c52aa103c3be88707cdbcc3703bac8813bf0,E,1,Miner/1 (10181).jpg
images/0c0bdeabde603bfae9717a533f37b7e1aef19acd8b34f28c7dac336428f4c42f.jpg,0c0bdeabde603bfae9717a533f37b7e1aef19acd8b34f28c7dac336428f4c42f,B,1,Leaf rust/2 (1021).jpg
images/0c0c54dd2a9d66d1678eaebae0af4e9826e9531dcf7ad0cfaa1b48c64a98bb50.jpg,0c0c54dd2a9d66d1678eaebae0af4e9826e9531dcf7ad0cfaa1b48c64a98bb50,E,1,Miner/1 (12796).jpg
images/0c121930ee5cc574282b8fe216b06145939d43b07e9caf259e1066f59c7375b3.jpg,0c121930ee5cc574282b8fe216b06145939d43b07e9caf259e1066f59c7375b3,B,1,Leaf rust/1 (395).jpg
images/0c1d9f62ccdd4d6e91e68a2285c368161caa28153d958d05198bef70b97c31f0.jpg,0c1d9f62ccdd4d6e91e68a2285c368161caa28153d958d05198bef70b97c31f0,C,1,Cerscospora/4 (172).jpg
images/0c5e27d67993a8b9f08ec476d7e1ac1994b64fdb2809acbceadcb36c9469dcc3.jpg,0c5e27d67993a8b9f08ec476d7e1ac1994b64fdb2809acbceadcb36c9469dcc3,C,1,Cerscospora/7 (334).jpg
images/0c70c015667d68f9eb0be17e98c659ed8c7facac64dd1ae5da747655c30226dd.jpg,0c70c015667d68f9eb0be17e98c659ed8c7facac64dd1ae5da747655c30226dd,D,1,Phoma/2 (554).jpg
images/0c9e0cfe16abe508f66fa22e09d042821706f49da64e46e4bb73bab46118f718.jpg,0c9e0cfe16abe508f66fa22e09d042821706f49da64e46e4bb73bab46118f718,B,1,Leaf rust/1 (507).jpg
images/0cbc4ea0dcad05aac9a2e06015623624cbc7abb4238c794330586836db2b2c16.jpg,0cbc4ea0dcad05aac9a2e06015623624cbc7abb4238c794330586836db2b2c16,C,1,Cerscospora/6 (437).jpg
images/0ccd95f734cfbeb75c2a50f384cb36defa9dede6b690949035e798f5025d6fb5.jpg,0ccd95f734cfbeb75c2a50f384cb36defa9dede6b690949035e798f5025d6fb5,B,1,Leaf rust/1 (365).jpg
images/0cd112368ac9907b29fa0eafc6fdc23c958a40895954b202ecd8b0443409f912.jpg,0cd112368ac9907b29fa0eafc6fdc23c958a40895954b202ecd8b0443409f912,E,1,Miner/1 (11714).jpg
images/0cd7622676d4c3b737626ce82878fb1aa33f5a12058247d1a2ffd4befa21fb00.jpg,0cd7622676d4c3b737626ce82878fb1aa33f5a12058247d1a2ffd4befa21fb00,D,1,Phoma/3 (921).jpg
images/0cd846c42c0b7a59d2563e1bc55b70d4baeffb2a526e9991d042c7174d062cc5.jpg,0cd846c42c0b7a59d2563e1bc55b70d4baeffb2a526e9991d042c7174d062cc5,D,1,Phoma/2 (434).jpg
images/0cf2494d7c9489ae1f93599c0541084876e71969aa4334a42fc8d1439d823317.jpg,0cf2494d7c9489ae1f93599c0541084876e71969aa4334a42fc8d1439d823317,D,1,Phoma/3 (1494).jpg
images/0d085050ac8c8027c1eb7725e44e6a2707132664c7fa143fa94457bcbbd08df4.jpg,0d085050ac8c8027c1eb7725e44e6a2707132664c7fa143fa94457bcbbd08df4,C,1,Cerscospora/8 (847).jpg
images/0d09c9cf1c213c105d843ad76067b3f0847270a1de35b7a7a66417c0dae02931.jpg,0d09c9cf1c213c105d843ad76067b3f0847270a1de35b7a7a66417c0dae02931,E,1,Miner/1 (15335).jpg
images/0d0bdbfdd6810356cd4644975c8726f1fc1ec9e73f5f045b2cda2ad45ce80901.jpg,0d0bdbfdd6810356cd4644975c8726f1fc1ec9e73f5f045b2cda2ad45ce80901,C,1,Cerscospora/8 (119).jpg
images/0d1860166428cb5243be4ccdbc4ab06c7cd874ba85217d56772eb832a4e8bd82.jpg,0d1860166428cb5243be4ccdbc4ab06c7cd874ba85217d56772eb832a4e8bd82,D,1,Phoma/1 (151).jpg
images/0d242acbbd8e11853ee22d03d269c8c1106f9b28797fb3b4506a7b51c1170013.jpg,0d242acbbd8e11853ee22d03d269c8c1106f9b28797fb3b4506a7b51c1170013,E,1,Miner/1 (12126).jpg
images/0d8a35701824a621f0ef183f898ce6add14a1d26d9cf766e8374b273d6e54182.jpg,0d8a35701824a621f0ef183f898ce6add14a1d26d9cf766e8374b273d6e54182,E,1,Miner/1 (10054).jpg
images/0dae235d601ecbfa60c1b3eb07ed7f9eaf001e0bf839ad0c7a0bb969ec4ff0b5.jpg,0dae235d601ecbfa60c1b3eb07ed7f9eaf001e0bf839ad0c7a0bb969ec4ff0b5,D,1,Phoma/4 (283).jpg
images/0dc39f674011c737f8b087812e1eafe4b175393acd1d1509d17c9b3f7aebc03f.jpg,0dc39f674011c737f8b087812e1eafe4b175393acd1d1509d17c9b3f7aebc03f,E,1,Miner/1 (12858).jpg
images/0dc414a8b43ebd588ed3103c2b1467d6f154617813ff0479c6e2cefbdb4a818a.jpg,0dc414a8b43ebd588ed3103c2b1467d6f154617813ff0479c6e2cefbdb4a818a,E,1,Miner/1 (11698).jpg
images/0dd391fe88757f9c99396456f07c576cf9f687bb7ddb2daf70edb86a302698b5.jpg,0dd391fe88757f9c99396456f07c576cf9f687bb7ddb2daf70edb86a302698b5,E,1,Miner/1 (10337).jpg
images/0dd68484aeeb314794e5b627eeacecdec035694fb35f62c5078a1be35b8ba85d.jpg,0dd68484aeeb314794e5b627eeacecdec035694fb35f62c5078a1be35b8ba85d,E,1,Miner/1 (13221).jpg
images/0de540b73e25d8f00628863f368cb929c73ae6b11d9de0aea03e634394a6c915.jpg,0de540b73e25d8f00628863f368cb929c73ae6b11d9de0aea03e634394a6c915,E,1,Miner/1 (12738).jpg
images/0defc652bd1c7d96e270bfc4645b25586be9dc6090a3b54cac0715617538edba.jpg,0defc652bd1c7d96e270bfc4645b25586be9dc6090a3b54cac0715617538edba,D,1,Phoma/1 (392).jpg
images/0dfffd1361c8287d82241864f72088143fd400c34a05506990590e8dee96ec12.jpg,0dfffd1361c8287d82241864f72088143fd400c34a05506990590e8dee96ec12,B,1,Leaf rust/1 (341).jpg
images/0e1b8fb0f93332ddc58ba624593248b3e5d45c304be9a59b3138adfc7bd16beb.jpg,0e1b8fb0f93332ddc58ba624593248b3e5d45c304be9a59b3138adfc7bd16beb,B,1,Leaf rust/1 (493).jpg
images/0e214c27dc74f29534e32398063a036fe957d8f85d3797a0b7b4f89ed3c32faf.jpg,0e214c27dc74f29534e32398063a036fe957d8f85d3797a0b7b4f89ed3c32faf,B,1,Leaf rust/2 (532).jpg
images/0e25a3646e24339d701eed8442f6bc07a030acea6b09d8c95c26d33cd6561a6a.jpg,0e25a3646e24339d701eed8442f6bc07a030acea6b09d8c95c26d33cd6561a6a,B,1,Leaf rust/1 (2).jpg
images/0e4a8027b7ea1e3fac6ab6bbb29610eb470fca4a6aac8bb846670c86021ead2f.jpg,0e4a8027b7ea1e3fac6ab6bbb29610eb470fca4a6aac8bb846670c86021ead2f,D,1,Phoma/3 (1233).jpg
images/0e4dfd04294ec8bb9bf5a30dd93cbde9b1b550e8d18e071f85b570ed8c3b3502.jpg,0e4dfd04294ec8bb9bf5a30dd93cbde9b1b550e8d18e071f85b570ed8c3b3502,E,1,Miner/1 (10962).jpg
images/0e4e7ff015c697a6e5fde98bde21503e2473afca9ba1277900321ab1bcc622aa.jpg,0e4e7ff015c697a6e5fde98bde21503e2473afca9ba1277900321ab1bcc622aa,E,1,Miner/1 (11436).jpg
images/0e65dee068b987b602cc1ffe46c5d80fa7d9e12652d2550dd0426831f2cc1f04.jpg,0e65dee068b987b602cc1ffe46c5d80fa7d9e12652d2550dd0426831f2cc1f04,E,1,Miner/1 (14205).jpg
images/0e74ed6f756b5208d917dfdd463bcd171f16ac93ad6936dfcf84029b8406c742.jpg,0e74ed6f756b5208d917dfdd463bcd171f16ac93ad6936dfcf84029b8406c742,E,1,Miner/1 (10963).jpg
images/0e7fcd077ef60e839911353423df4feae5f9df8e111e5739945d30821fdcfa3f.jpg,0e7fcd077ef60e839911353423df4feae5f9df8e111e5739945d30821fdcfa3f,C,1,Cerscospora/4 (767).jpg
images/0e8212ddb349aeead28a2b4db04f0a4703b3671250c7a127f76b26005cdfb136.jpg,0e8212ddb349aeead28a2b4db04f0a4703b3671250c7a127f76b26005cdfb136,E,1,Miner/1 (13496).jpg
images/0e82e426f1b6482edd2ad1f7c44536f69fbeca95d1be7c7b247f9b1ad1b643e3.jpg,0e82e426f1b6482edd2ad1f7c44536f69fbeca95d1be7c7b247f9b1ad1b643e3,B,1,Leaf rust/1 (6).jpeg
images/0e861559fc132da5ec3fbec1793b356197a33b7859c20aaff42057d8f5f613ec.jpg,0e861559fc132da5ec3fbec1793b356197a33b7859c20aaff42057d8f5f613ec,E,1,Miner/1 (11522).jpg
images/0e8e1db34d074ecb2fb190e2409321bc837bc96bb3307f748c0ea06e91d8c4e2.jpg,0e8e1db34d074ecb2fb190e2409321bc837bc96bb3307f748c0ea06e91d8c4e2,E,1,Miner/1 (11775).jpg
images/0e90e8f08fd78ed4fe40504adfb3d0dce0fd84e080ad86c7800d8bb5eb918412.jpg,0e90e8f08fd78ed4fe40504adfb3d0dce0fd84e080ad86c7800d8bb5eb918412,E,1,Miner/1 (10671).jpg
images/0ea95e651122de2d4f74f916a53f330d77fa68fae473516e79ead34bd078840b.jpg,0ea95e651122de2d4f74f916a53f330d77fa68fae473516e79ead34bd078840b,B,1,Leaf rust/2 (996).jpg
images/0eac9de776441c13aa084f55a77f1e91ecffe3b15a7f977fe0703dc36b6c30ed.jpg,0eac9de776441c13aa084f55a77f1e91ecffe3b15a7f977fe0703dc36b6c30ed,B,1,Leaf rust/1 (456).jpg
images/0eaed847b212557453296c38ea53ae5d6d540c705466763033788d7d2b61b644.jpg,0eaed847b212557453296c38ea53ae5d6d540c705466763033788d7d2b61b644,B,1,Leaf rust/1 (99).jpg
images/0ec2663288b69b0ccd6e9f5371957bcd53ce35d2ecbdadf8421a926fade4fe23.jpg,0ec2663288b69b0ccd6e9f5371957bcd53ce35d2ecbdadf8421a926fade4fe23,E,1,Miner/1 (10362).jpg
images/0ed9174262d2a3c2c288891aa235df8a8610db9fab26fc445062d854ed47aa48.jpg,0ed9174262d2a3c2c288891aa235df8a8610db9fab26fc445062d854ed47aa48,E,1,Miner/1 (15808).jpg
images/0eec12d73ad8bfacd99fb2d3cd2297fc78b4d362f3dbcfae9b5a1c659dface66.jpg,0eec12d73ad8bfacd99fb2d3cd2297fc78b4d362f3dbcfae9b5a1c659dface66,E,1,Miner/1 (12137).jpg
images/0f26ccff093aefd38a26f21eac86644b71d2c6cf9b229554544fdf7efa0132d5.jpg,0f26ccff093aefd38a26f21eac86644b71d2c6cf9b229554544fdf7efa0132d5,D,1,Phoma/3 (1391).jpg
images/0f2c5314c8cfb7c876a3671ee5d4efc1e0364e11e7b292c55bff35a7a33ca0e6.jpg,0f2c5314c8cfb7c876a3671ee5d4efc1e0364e11e7b292c55bff35a7a33ca0e6,E,1,Miner/1 (14916).jpg
images/0f311480cc489367ee38400c1f4479760ef8d63a94c8e4e3c452652a3d0a5285.jpg,0f311480cc489367ee38400c1f4479760ef8d63a94c8e4e3c452652a3d0a5285,B,1,Leaf rust/1 (358).jpg
images/0f3405977a8ecd65fc6cec644115b58cee5555bdf398d43d9e926e08c2ca9419.jpg,0f3405977a8ecd65fc6cec644115b58cee5555bdf398d43d9e926e08c2ca9419,E,1,Miner/1 (13691).jpg
images/0f40d9249370ecca7ecc37f19f1b6e67d9da1228830488a4e87c584062459898.jpg,0f40d9249370ecca7ecc37f19f1b6e67d9da1228830488a4e87c584062459898,B,1,Leaf rust/1 (494).jpg
images/0f50fa64174c1cebb780bfff02baea50527f64910fb9b8a17a4ffa9584e90f84.jpg,0f50fa64174c1cebb780bfff02baea50527f64910fb9b8a17a4ffa9584e90f84,E,1,Miner/1 (11889).jpg
images/0f53c446ffef5233ac0efa2829b483e81b9ffe78e521774d8ff1aff1b8a39342.jpg,0f53c446ffef5233ac0efa2829b483e81b9ffe78e521774d8ff1aff1b8a39342,D,1,Phoma/2 (407).jpg
images/0f69654996b8e74702cc4a52a2451eaab7383d4720b7ea7b0256591e7f7a083c.jpg,0f69654996b8e74702cc4a52a2451eaab7383d4720b7ea7b0256591e7f7a083c,C,1,Cerscospora/8 (734).jpg
images/0f97e71545d35118686dc796a9d1ebcf95d26f102dbf579b3419cc16ebee5023.jpg,0f97e71545d35118686dc796a9d1ebcf95d26f102dbf579b3419cc16ebee5023,E,1,Miner/1 (11899).jpg
images/0faddb72f2205e2056bc99c523f6998911ac545b1fc71ac7b68d06bfd5e27e8a.jpg,0faddb72f2205e2056bc99c523f6998911ac545b1fc71ac7b68d06bfd5e27e8a,B,1,Leaf rust/1 (84).jpg
images/0fb6b989884bebc92287b1f2271c29b7b952a6740937bafb2c08cb6f62c54605.jpg,0fb6b989884bebc92287b1f2271c29b7b952a6740937bafb2c08cb6f62c54605,B,1,Leaf rust/1 (258).jpg
images/0fce8971d0c20e46c20f74543e80a8eecb8f2a5d1d6bb8c655b55a7cf5c8471e.jpg,0fce8971d0c20e46c20f74543e80a8eecb8f2a5d1d6bb8c655b55a7cf5c8471e,E,1,Miner/1 (11918).jpg
images/0fd6485105b2d7395fcc742c586011687ceb5ceab71d29031b4d0fe32fba9549.jpg,0fd6485105b2d7395fcc742c586011687ceb5ceab71d29031b4d0fe32fba9549,C,1,Cerscospora/8 (814).jpg
images/0ff2ba7e65cddba650816fa6d776eaca4a3f346c5a98023fa21caa5a240a1a57.jpg,0ff2ba7e65cddba650816fa6d776eaca4a3f346c5a98023fa21caa5a240a1a57,B,1,Leaf rust/1 (300).jpg
images/0ff661026b8b8ae41f5deb75f5346f0707e529f6a36c5c6dd2fb8065ed3a2ac6.jpg,0ff661026b8b8ae41f5deb75f5346f0707e529f6a36c5c6dd2fb8065ed3a2ac6,E,1,Miner/1 (13635).jpg
images/0ffaad94fcd49cf5202edfd878e41859f38075c790d71a5552f430af8774d274.jpg,0ffaad94fcd49cf5202edfd878e41859f38075c790d71a5552f430af8774d274,B,1,Leaf rust/1 (107).jpg
images/10077b72fc870672c43c2ed4efb30615f7a932a068b8de7a9837e2edaea6af90.jpg,10077b72fc870672c43c2ed4efb30615f7a932a068b8de7a9837e2edaea6af90,B,1,Leaf rust/2 (11).jpeg
images/100a37d1fa6db3966ba380853a4314a200210a357beb84ca54c9013b8d413062.jpg,100a37d1fa6db3966ba380853a4314a200210a357beb84ca54c9013b8d413062,E,1,Miner/1 (14044).jpg
images/1016fbdae017b1d1cb850f2c2990e1367de372171d546f65f4b522eb95d409ab.jpg,1016fbdae017b1d1cb850f2c2990e1367de372171d546f65f4b522eb95d409ab,E,1,Miner/1 (12590).jpg
images/102b9b641075c40a8720010dd6a9494183df4ff1567759a071d16548efbbea3e.jpg,102b9b641075c40a8720010dd6a9494183df4ff1567759a071d16548efbbea3e,D,1,Phoma/2 (192).jpg
images/103294c6af88e2c4221423ce67fb2435ac8d1376177be373873ec9e8660dde57.jpg,103294c6af88e2c4221423ce67fb2435ac8d1376177be373873ec9e8660dde57,B,1,Leaf rust/2 (759).jpg
images/10451765311c3fba0cedd14de059e5c01cdeede39a87bb4e7ad20560b82a893c.jpg,10451765311c3fba0cedd14de059e5c01cdeede39a87bb4e7ad20560b82a893c,E,1,Miner/1 (14177).jpg
images/104eef1dd4a8f3a568cdb082ebc22e99f99de916acfc817c929dc17c22205dc0.jpg,104eef1dd4a8f3a568cdb082ebc22e99f99de916acfc817c929dc17c22205dc0,E,1,Miner/1 (11677).jpg
images/1051be4995dbe238b845c1e4a59625d637ca0e1c9e5a004f71427eceab42a595.jpg,1051be4995dbe238b845c1e4a59625d637ca0e1c9e5a004f71427eceab42a595,E,1,Miner/1 (10119).jpg
images/1072aebd7e16f0fc5ee8e2a471f3c00accdde7b4ff702c7fefef66d9c2804079.jpg,1072aebd7e16f0fc5ee8e2a471f3c00accdde7b4ff702c7fefef66d9c2804079,E,1,Miner/1 (14971).jpg
images/107a0e306234f0c19a458c970168522060782bc26c0e108b43b77a3e479c38ec.jpg,107a0e306234f0c19a458c970168522060782bc26c0e108b43b77a3e479c38ec,E,1,Miner/1 (11095).jpg
images/109a18ecc91b7768cde35f48c0e26127e9c539b698cf01bea3ce782cfb559c12.jpg,109a18ecc91b7768cde35f48c0e26127e9c539b698cf01bea3ce782cfb559c12,B,1,Leaf rust/2 (1020).jpg
images/10add4734399152e6e80e802f3696530d4e754ec31e2d48318cfdeee06803c7f.jpg,10add4734399152e6e80e802f3696530d4e754ec31e2d48318cfdeee06803c7f,E,1,Miner/1 (15461).jpg
images/10bc80b91cd39e2c2b7af84d84d392005844bc9583ef5f04e6efe449b103b3e5.jpg,10bc80b91cd39e2c2b7af84d84d392005844bc9583ef5f04e6efe449b103b3e5,E,1,Miner/1 (11722).jpg
images/10bf7192ec9e311db905d39c69bae1dddd6fb8391d1b439185c494adc3c7625c.jpg,10bf7192ec9e311db905d39c69bae1dddd6fb8391d1b439185c494adc3c7625c,B,1,Leaf rust/2 (962).jpg
images/10d61952861dc0872a524b42a8f3b4ba71803bd01e73eaf3e80fdf79dcc74f53.jpg,10d61952861dc0872a524b42a8f3b4ba71803bd01e73eaf3e80fdf79dcc74f53,B,1,Leaf rust/2 (865).jpg
images/10ee537da87d0d6d14b48c0a2e32674ca1541fc5ffb729aa72fbd5709b392a5e.jpg,10ee537da87d0d6d14b48c0a2e32674ca1541fc5ffb729aa72fbd5709b392a5e,B,1,Leaf rust/1 (55).jpg
images/10f1e58dabbd807fb8fbde4a321b3e3cfd6f4d4c5b51526efc57a950c56132d4.jpg,10f1e58dabbd807fb8fbde4a321b3e3cfd6f4d4c5b51526efc57a950c56132d4,E,1,Miner/1 (12212).jpg
images/10f8896e891533fcad90c0742184ecf90387716b4bc1901a0030669fa0b93952.jpg,10f8896e891533fcad90c0742184ecf90387716b4bc1901a0030669fa0b93952,D,1,Phoma/3 (1349).jpg
images/1101bc3911d92c2697475db123ac2fb04b730c08bff48d2152fa3f624c594b6a.jpg,1101bc3911d92c2697475db123ac2fb04b730c08bff48d2152fa3f624c594b6a,E,1,Miner/1 (13977).jpg
images/1108da478f5ee8697471a3311632242674c4172bd1dc9ae75ca3a71c8afadf6a.jpg,1108da478f5ee8697471a3311632242674c4172bd1dc9ae75ca3a71c8afadf6a,E,1,Miner/1 (12552).jpg
images/110ae75e8fffc3436e5cf9e5c166bbdf66922c4c60c65e942a3d2c282d597033.jpg,110ae75e8fffc3436e5cf9e5c166bbdf66922c4c60c65e942a3d2c282d597033,B,1,Leaf rust/2 (692).jpg
images/111d643814a6ef40c4e58b4fcbc192bace6d02773562ebe60df4bdb8fb0b4a15.jpg,111d643814a6ef40c4e58b4fcbc192bace6d02773562ebe60df4bdb8fb0b4a15,B,1,Leaf rust/1 (402).jpg
images/112aeaadf3702b1aeaef9669f2825e707a3a890b00a8b91490a8bdbb2b1f71de.jpg,112aeaadf3702b1aeaef9669f2825e707a3a890b00a8b91490a8bdbb2b1f71de,B,1,Leaf rust/2 (941).jpg
images/113d4761cfc37e79b25d7340c2e82027c1c9f39e17e159a61f03e701930d550c.jpg,113d4761cfc37e79b25d7340c2e82027c1c9f39e17e159a61f03e701930d550c,B,1,Leaf rust/2 (816).jpg
images/114a1bf9a6f24a36886c5e036404e706392b02533813974ae7a8f9760d51a83b.jpg,114a1bf9a6f24a36886c5e036404e706392b02533813974ae7a8f9760d51a83b,E,1,Miner/1 (15884).jpg
images/1153c76dd5ea6578c08d2884cd625303a4ddf7126ae6c28a2610ddaa6e17ad3d.jpg,1153c76dd5ea6578c08d2884cd625303a4ddf7126ae6c28a2610ddaa6e17ad3d,D,1,Phoma/4 (143).jpg
images/117590693174547bf8986efdb2cecb59b6258e5e8913813f67851427ac06fd9b.jpg,117590693174547bf8986efdb2cecb59b6258e5e8913813f67851427ac06fd9b,D,1,Phoma/1 (193).jpg
images/118c69ce123a94a6f8851dfb10ec59a75d4631c9961dbbd698afb12dd20f83a6.jpg,118c69ce123a94a6f8851dfb10ec59a75d4631c9961dbbd698afb12dd20f83a6,E,1,Miner/1 (10390).jpg
images/11ab2d0c65e98fca056f24b993ce1252c71c0d7f53edf68456296a370dda5a0a.jpg,11ab2d0c65e98fca056f24b993ce1252c71c0d7f53edf68456296a370dda5a0a,E,1,Miner/1 (10606).jpg
images/11d42311200264bf410d7a4570d15e18a413eddbe28ae3a9594a4a268afd779b.jpg,11d42311200264bf410d7a4570d15e18a413eddbe28ae3a9594a4a268afd779b,B,1,Leaf rust/1 (98).jpg
images/1202aa5e2f24a00e5db95c90742be018d0e8c0b20d3d612993cfb161daee4bd1.jpg,1202aa5e2f24a00e5db95c90742be018d0e8c0b20d3d612993cfb161daee4bd1,B,1,Leaf rust/1 (3).jpeg
images/120885bb277e9989bc416db923485c44c55ddde1846bf0e918b0d44e9d117c2c.jpg,120885bb277e9989bc416db923485c44c55ddde1846bf0e918b0d44e9d117c2c,D,1,Phoma/3 (1037).jpg
images/12139d64835ee978c5364ee07d84062332f25a9185517bc04b31206d390f5929.jpg,12139d64835ee978c5364ee07d84062332f25a9185517bc04b31206d390f5929,B,1,Leaf rust/2 (991).jpg
images/123dd6c92eae90c9157c5bcd209a792b90aaf15b2e0b72b006e18347e0ef53b8.jpg,123dd6c92eae90c9157c5bcd209a792b90aaf15b2e0b72b006e18347e0ef53b8,E,1,Miner/1 (11098).jpg
images/123fb3c9ed2b2839cf4f428a7cdf0ff294ecd37313f8eb441ed461e01ddc7577.jpg,123fb3c9ed2b2839cf4f428a7cdf0ff294ecd37313f8eb441ed461e01ddc7577,E,1,Miner/1 (11434).jpg
images/1243cc0b429ed8803c18cce58a3140cc280e8153cb416e465187635ab3adbfd0.jpg,1243cc0b429ed8803c18cce58a3140cc280e8153cb416e465187635ab3adbfd0,B,1,Leaf rust/2 (755).jpg
images/12512da0ffcd23bd214e0e9aee2dad38d86fc5974265dd602053f836324ae9b6.jpg,12512da0ffcd23bd214e0e9aee2dad38d86fc5974265dd602053f836324ae9b6,B,1,Leaf rust/1 (483).jpg
images/1256502f6849385c5145c650178fff095d2361201676660f5262cd39879ac037.jpg,1256502f6849385c5145c650178fff095d2361201676660f5262cd39879ac037,C,1,Cerscospora/6 (270).jpg
images/126092c651542e888ff61a6d7dbf7e35c28a181d40df244abfb2af50c2f2d8ee.jpg,126092c651542e888ff61a6d7dbf7e35c28a181d40df244abfb2af50c2f2d8ee,D,1,Phoma/3 (1055).jpg
images/1265276b7ff3434d91d2c5de1afa6f153528b2880d7c5c7972728de9b65f5278.jpg,1265276b7ff3434d91d2c5de1afa6f153528b2880d7c5c7972728de9b65f5278,E,1,Miner/1 (14652).jpg
images/1278260cf9968f388d7c5aea88517b6a78ae5291d52ca6863231ac63607a8d3a.jpg,1278260cf9968f388d7c5aea88517b6a78ae5291d52ca6863231ac63607a8d3a,B,1,Leaf rust/2 (835).jpg
images/1290c88a1a26b8293ac62afbf15ee68958c6c10d3c00197fd4c9412fa54e4e3e.jpg,1290c88a1a26b8293ac62afbf15ee68958c6c10d3c00197fd4c9412fa54e4e3e,E,1,Miner/1 (10464).jpg
images/129e5aeee19abced40f16ba3f32c6784254c350b4145b0d6c9849d8824e1a853.jpg,129e5aeee19abced40f16ba3f32c6784254c350b4145b0d6c9849d8824e1a853,B,1,Leaf rust/2 (592).jpg
images/12a6d4bd4cb8d3be045848228e034f630c348fe50cba0498b759878e06290b9a.jpg,12a6d4bd4cb8d3be045848228e034f630c348fe50cba0498b759878e06290b9a,E,1,Miner/1 (14791).jpg
images/12b014d13c6806b9f3c9d6b007533defba46d3e4b98d1ddc93dbadbce97ec029.jpg,12b014d13c6806b9f3c9d6b007533defba46d3e4b98d1ddc93dbadbce97ec029,E,1,Miner/1 (12792).jpg
images/12c504b46a0c3aea14d8ff298f447fc1d14f42b3a0fc9e4181d5550f02407ecc.jpg,12c504b46a0c3aea14d8ff298f447fc1d14f42b3a0fc9e4181d5550f02407ecc,B,1,Leaf rust/1 (37).jpg
images/12c822b43c4f24ea24c81df1e2362a404ea294115ad9dfc893a72856036d26cb.jpg,12c822b43c4f24ea24c81df1e2362a404ea294115ad9dfc893a72856036d26cb,D,1,Phoma/3 (1283).jpg
images/12ccc7928b31cd82aec689131b7b89e3768af34aef0c2cff7284fa3cee033b23.jpg,12ccc7928b31cd82aec689131b7b89e3768af34aef0c2cff7284fa3cee033b23,E,1,Miner/1 (11895).jpg
images/12d440535d37dfe44c4ba7a277384bf55258293174c3f5104d9177c8a0f982f9.jpg,12d440535d37dfe44c4ba7a277384bf55258293174c3f5104d9177c8a0f982f9,E,1,Miner/1 (13991).jpg
images/12e2bbe98cb29ed9fec5d8a636690cd25e633655d42cbdce49e05e017184d63a.jpg,12e2bbe98cb29ed9fec5d8a636690cd25e633655d42cbdce49e05e017184d63a,E,1,Miner/1 (14016).jpg
images/12f54de3ff75f760ee1cae982bdcf35ef9de8e7324897a5622085b494fbfe25f.jpg,12f54de3ff75f760ee1cae982bdcf35ef9de8e7324897a5622085b494fbfe25f,E,1,Miner/1 (11281).jpg
images/12fc19b632e79316f1642a81892bf828d8bf0acb37f3061d45154fa6d414aeb1.jpg,12fc19b632e79316f1642a81892bf828d8bf0acb37f3061d45154fa6d414aeb1,E,1,Miner/1 (11867).jpg
images/12fd1e32ea033c85425b011e0cb4926177dfc2a7eccb62f057cfae191a499a4c.jpg,12fd1e32ea033c85425b011e0cb4926177dfc2a7eccb62f057cfae191a499a4c,E,1,Miner/1 (11375).jpg
images/1301a0d3f79edb583d3f696dd5e890ca13d768803b8e1639e91805c3c79c9055.jpg,1301a0d3f79edb583d3f696dd5e890ca13d768803b8e1639e91805c3c79c9055,B,1,Leaf rust/1 (496).jpg
images/1305a0f2d2f1058ac208a028e0e6b89a0a2e982818ddf2d2d07dab9fb550a839.jpg,1305a0f2d2f1058ac208a028e0e6b89a0a2e982818ddf2d2d07dab9fb550a839,C,1,Cerscospora/4 (551).jpg
images/1318e8bec03e1eecd2f4de261d7e92bd6c7c374eb1036ba5e26cea0905f456f0.jpg,1318e8bec03e1eecd2f4de261d7e92bd6c7c374eb1036ba5e26cea0905f456f0,E,1,Miner/1 (14313).jpg
images/132bba26cddd4de20ab963d0ff3e41ade26a7c2d0eea1d6bbee06cecd26e6e49.jpg,132bba26cddd4de20ab963d0ff3e41ade26a7c2d0eea1d6bbee06cecd26e6e49,C,1,Cerscospora/8 (287).jpg
images/133028b17718a8592a542c724c101690046bf13f7b11e56748cff2502765203a.jpg,133028b17718a8592a542c724c101690046bf13f7b11e56748cff2502765203a,E,1,Miner/1 (11737).jpg
images/133b1db2f095bd630e27e0c77652de2398b5e336c97b90759c3c0aae6f5ebdd3.jpg,133b1db2f095bd630e27e0c77652de2398b5e336c97b90759c3c0aae6f5ebdd3,E,1,Miner/1 (12589).jpg
images/133d090bfacbe94ad3abfd9d464e8df228e684d4e235e4dee50c26ccc1c5330c.jpg,133d090bfacbe94ad3abfd9d464e8df228e684d4e235e4dee50c26ccc1c5330c,D,1,Phoma/2 (823).jpg
images/1351d150a7813912f4fa935b341e83977d6eb5382aab59be914ae35f3df78b1a.jpg,1351d150a7813912f4fa935b341e83977d6eb5382aab59be914ae35f3df78b1a,C,1,Cerscospora/4 (1046).jpg
images/1353dfdccd8bf6d598452a62495a63a025b87078899712bb8773fceca0f03075.jpg,1353dfdccd8bf6d598452a62495a63a025b87078899712bb8773fceca0f03075,E,1,Miner/1 (14250).jpg
images/13588738df3da75fd2632212863ef6bd801f77b45f9d703b89696c03afd67b02.jpg,13588738df3da75fd2632212863ef6bd801f77b45f9d703b89696c03afd67b02,C,1,Cerscospora/8 (10).jpg
images/135f67df6da4a652aa76cdd39492e274d6f11f06cd7ab8b3279fa5926865e2ea.jpg,135f67df6da4a652aa76cdd39492e274d6f11f06cd7ab8b3279fa5926865e2ea,A,1,Healthy/1 (4167).jpg
images/1373b61996c28f22f8b02afc71f231d1116cf2b59be114b2ad4fade5b28a9f0d.jpg,1373b61996c28f22f8b02afc71f231d1116cf2b59be114b2ad4fade5b28a9f0d,B,1,Leaf rust/1 (471).jpg
images/13a3256e8f35af3a1cfad1007b87063f572f04deaee2902c03fe73b9ffd8ae7b.jpg,13a3256e8f35af3a1cfad1007b87063f572f04deaee2902c03fe73b9ffd8ae7b,E,1,Miner/1 (11736).jpg
images/13a3fe78fa89c097025199b9c4e4d584feccdfe03779243ac1ca161ad6527b03.jpg,13a3fe78fa89c097025199b9c4e4d584feccdfe03779243ac1ca161ad6527b03,E,1,Miner/1 (12661).jpg
images/13b040db89311d3583f1561c0420130c6d9c1a122b09239f2c07195bb7757d10.jpg,13b040db89311d3583f1561c0420130c6d9c1a122b09239f2c07195bb7757d10,E,1,Miner/1 (11117).jpg
images/13b0b3a6880b893849e8d62c4269a0ca66dd19243825146d5de51e9c1576ba74.jpg,13b0b3a6880b893849e8d62c4269a0ca66dd19243825146d5de51e9c1576ba74,E,1,Miner/1 (14120).jpg
images/13b4cb8f1c49e7d9faf6d60b14e8e2f3cb9f1513331b608622cfb68d8ebe8258.jpg,13b4cb8f1c49e7d9faf6d60b14e8e2f3cb9f1513331b608622cfb68d8ebe8258,E,1,Miner/1 (14087).jpg
images/13ccc25c295627ad0e49d4a1d2a8e4416f460ebb8b79caca40ee3b44f0af85c3.jpg,13ccc25c295627ad0e49d4a1d2a8e4416f460ebb8b79caca40ee3b44f0af85c3,E,1,Miner/1 (10736).jpg
images/13d27161bddd105efeb09c48b871fb1d713e1f4c1db02b2d73e07a95cd212384.jpg,13d27161bddd105efeb09c48b871fb1d713e1f4c1db02b2d73e07a95cd212384,D,1,Phoma/1 (316).jpg
images/13d384f4b4bb5962c378851394885a3338fd789988b05df5a93b09373081fda4.jpg,13d384f4b4bb5962c378851394885a3338fd789988b05df5a93b09373081fda4,E,1,Miner/1 (11372).jpg
images/13f005c7e15bc72ba669d5f817a53527c9790d68c46a419e5098e059c5d67f18.jpg,13f005c7e15bc72ba669d5f817a53527c9790d68c46a419e5098e059c5d67f18,D,1,Phoma/2 (558).jpg
images/13f3a650cd6cac0728b8e9856c8a72f47b10661d7e88c4c4080f40185b4cfa76.jpg,13f3a650cd6cac0728b8e9856c8a72f47b10661d7e88c4c4080f40185b4cfa76,A,1,Healthy/1 (3812).jpg
images/13f5faa42b04cc623eefaba76229b41e97618a8663e6be3bfa425e727ff40e2e.jpg,13f5faa42b04cc623eefaba76229b41e97618a8663e6be3bfa425e727ff40e2e,E,1,Miner/1 (14960).jpg
images/14093d6ef0227811d68a97b59f02bc5bfa99b78f063d9494df879c01907fbd96.jpg,14093d6ef0227811d68a97b59f02bc5bfa99b78f063d9494df879c01907fbd96,D,1,Phoma/3 (1022).jpg
images/141a1d9276aa667174eea436cddf042f695cd2ba2625b70fd86b228bdd9dd6f8.jpg,141a1d9276aa667174eea436cddf042f695cd2ba2625b70fd86b228bdd9dd6f8,B,1,Leaf rust/2 (933).jpg
images/141faafacc0f7be330ddd68c6650c2c4a94fbc7f5a52e73560699ebca781b355.jpg,141faafacc0f7be330ddd68c6650c2c4a94fbc7f5a52e73560699ebca781b355,C,1,Cerscospora/6 (101).jpg
images/1430bf48d45db59ec31c4bf73a1f863506c4655b7b30707f480d19122cf8e024.jpg,1430bf48d45db59ec31c4bf73a1f863506c4655b7b30707f480d19122cf8e024,B,1,Leaf rust/2 (1007).jpg
images/143d2c9a7b3b21327bb443c9c50b89c7492107bacf71f01ebc3ffe965a8d94d8.jpg,143d2c9a7b3b21327bb443c9c50b89c7492107bacf71f01ebc3ffe965a8d94d8,E,1,Miner/1 (14321).jpg
images/147b60015558fe5df0c55fe332cdd9c5557a74f4ca1a05e697889285487f7cb0.jpg,147b60015558fe5df0c55fe332cdd9c5557a74f4ca1a05e697889285487f7cb0,B,1,Leaf rust/2 (563).jpg
images/148193c575e5f48b5eada4cafb982edc276159b6498b0f363a787daf8e7be78e.jpg,148193c575e5f48b5eada4cafb982edc276159b6498b0f363a787daf8e7be78e,B,1,Leaf rust/1 (103).jpg
images/149fce6310a2e6e0002777a71b85a249d4963c25fcbf8d1489ff221c20eb4717.jpg,149fce6310a2e6e0002777a71b85a249d4963c25fcbf8d1489ff221c20eb4717,D,1,Phoma/4 (228).jpg
images/14a4eff8436b792226da0fa226fd11a34613093485e90b575056de65874bcba2.jpg,14a4eff8436b792226da0fa226fd11a34613093485e90b575056de65874bcba2,C,1,Cerscospora/4 (337).jpg
images/14aea577441613eef815a9098be04548521931d6c81afbbe883504772ceca588.jpg,14aea577441613eef815a9098be04548521931d6c81afbbe883504772ceca588,D,1,Phoma/1 (140).jpg
images/14bddcf2c6a22b7a42ee0f1f11b5ef054faa6f5d950e1eb9e159491eeb9a7867.jpg,14bddcf2c6a22b7a42ee0f1f11b5ef054faa6f5d950e1eb9e159491eeb9a7867,C,1,Cerscospora/4 (683).jpg
images/14c1c33ada195963ed8692cdd240b09ff748a46fc67c2ff2b73b26e237959614.jpg,14c1c33ada195963ed8692cdd240b09ff748a46fc67c2ff2b73b26e237959614,B,1,Leaf rust/2 (883).jpg
images/14c2b0f15c4665b0d777207fe7e6a4e50ce72b30ca3cce8c7edd4c8461cb2c27.jpg,14c2b0f15c4665b0d777207fe7e6a4e50ce72b30ca3cce8c7edd4c8461cb2c27,B,1,Leaf rust/2 (516).jpg
images/14d74cc8da822730d90045057b30c5bbcf75c6c84ddfa7489e48ca8c1bc361e6.jpg,14d74cc8da822730d90045057b30c5bbcf75c6c84ddfa7489e48ca8c1bc361e6,B,1,Leaf rust/1 (424).jpg
images/14f8976e4e3b8f34fa6f65b2446eeb986fbc17e77f918e931f7f86204746b252.jpg,14f8976e4e3b8f34fa6f65b2446eeb986fbc17e77f918e931f7f86204746b252,B,1,Leaf rust/2 (905).jpg
images/1506a0bd5caf0e1c62858a59c7226fc676098d1cd2219d7cf99beaae75fc29c6.jpg,1506a0bd5caf0e1c62858a59c7226fc676098d1cd2219d7cf99beaae75fc29c6,E,1,Miner/1 (13562).jpg
images/1519dd71992e6c1912e78e7d54359dae6bd4840e62b6e52c24270e9a82385178.jpg,1519dd71992e6c1912e78e7d54359dae6bd4840e62b6e52c24270e9a82385178,E,1,Miner/1 (10408).jpg
images/1522ac1cf0bbd965e0f16ea3164a908846378be6774a951adea3449fbaf183ca.jpg,1522ac1cf0bbd965e0f16ea3164a908846378be6774a951adea3449fbaf183ca,E,1,Miner/1 (14035).jpg
images/152a9fdd2431f52fe520992bdbbeffc3f595fbee962b2cd90ad1fc32281f653f.jpg,152a9fdd2431f52fe520992bdbbeffc3f595fbee962b2cd90ad1fc32281f653f,B,1,Leaf rust/1 (407).jpg
images/152eb03f107cadafdd982e992c47a6d9fe0dc157a2552b5db6260237a87e7008.jpg,152eb03f107cadafdd982e992c47a6d9fe0dc157a2552b5db6260237a87e7008,B,1,Leaf rust/1 (390).jpg
images/154f86ff2bbeeb30926433fdf960b2696188f67224149218f728a86abf84e100.jpg,154f86ff2bbeeb30926433fdf960b2696188f67224149218f728a86abf84e100,B,1,Leaf rust/1 (406).jpg
images/15b89ff49901199552a383aa653151201942f657f26a9de365ffe45504108791.jpg,15b89ff49901199552a383aa653151201942f657f26a9de365ffe45504108791,B,1,Leaf rust/1 (2).jpeg
images/15ea20d995a9ec305ccd1937dbb6be902cbac35f24f9e93c0b70b795a7d4d5a3.jpg,15ea20d995a9ec305ccd1937dbb6be902cbac35f24f9e93c0b70b795a7d4d5a3,D,1,Phoma/2 (551).jpg
images/160e015e6c9b44bbadf17ce3bfab94302015d704f256981f177d64943bc534be.jpg,160e015e6c9b44bbadf17ce3bfab94302015d704f256981f177d64943bc534be,D,1,Phoma/3 (1051).jpg
images/161649d26d6d1273754242eaec4bf51604c55ac0179fab2d8b85f577bbffb071.jpg,161649d26d6d1273754242eaec4bf51604c55ac0179fab2d8b85f577bbffb071,B,1,Leaf rust/1 (109).jpg
images/161aabc83b23b3fe8395dd8943c227c7d921053bbf44d19ff87a8e793f1937f1.jpg,161aabc83b23b3fe8395dd8943c227c7d921053bbf44d19ff87a8e793f1937f1,E,1,Miner/1 (13826).jpg
images/162e13b0356c4cc3a01da215ad0aef74be5175637fa4306158053610d31df879.jpg,162e13b0356c4cc3a01da215ad0aef74be5175637fa4306158053610d31df879,D,1,Phoma/4 (613).jpg
images/1644c678640b08d51fcbcd662d246766f847cf2ee29db9ba7217c81c610d79a0.jpg,1644c678640b08d51fcbcd662d246766f847cf2ee29db9ba7217c81c610d79a0,E,1,Miner/1 (15702).jpg
images/1645331390cef307c945b48170ca9459fd612ed37dd9f4a4339ad5da1a037b77.jpg,1645331390cef307c945b48170ca9459fd612ed37dd9f4a4339ad5da1a037b77,B,1,Leaf rust/1 (309).jpg
images/165df8931c953b8213e5328474551cab028706f61df72e768f81d0fbf9cb2ac8.jpg,165df8931c953b8213e5328474551cab028706f61df72e768f81d0fbf9cb2ac8,B,1,Leaf rust/2 (975).jpg
images/167be7c8ab78ae0bd989dafc57ef808e2509fdde037978e9709ca7d09ff970ac.jpg,167be7c8ab78ae0bd989dafc57ef808e2509fdde037978e9709ca7d09ff970ac,E,1,Miner/1 (10053).jpg
images/1680e863b703ac34ee4ab23492aa2b4976f90cc424cdabf7554a839461e3442e.jpg,1680e863b703ac34ee4ab23492aa2b4976f90cc424cdabf7554a839461e3442e,B,1,Leaf rust/2 (612).jpg
images/16826fc9d6f70922e538ee480255185c00ed917a35bb4f01b862bdd4819a7dfe.jpg,16826fc9d6f70922e538ee480255185c00ed917a35bb4f01b862bdd4819a7dfe,D,1,Phoma/3 (1313).jpg
images/16925ee473d8468549f866e9e98d89ea225a9cbcb0f99a0d545595fdb2357a39.jpg,16925ee473d8468549f866e9e98d89ea225a9cbcb0f99a0d545595fdb2357a39,B,1,Leaf rust/1 (49).jpg
images/169343a9425ba52bdb80762f8b8cb923e5d67e28fea6568cc391dae4691ff981.jpg,169343a9425ba52bdb80762f8b8cb923e5d67e28fea6568cc391dae4691ff981,E,1,Miner/1 (12701).jpg
images/16b050364f88033bf511f032c393778cc884318b3add5e3d28bf61a2718e3d36.jpg,16b050364f88033bf511f032c393778cc884318b3add5e3d28bf61a2718e3d36,E,1,Miner/1 (15686).jpg
images/16c46a1c29cb7881e4bfc500fcb3d1ce851bb495836ab1f723e626265f6278fd.jpg,16c46a1c29cb7881e4bfc500fcb3d1ce851bb495836ab1f723e626265f6278fd,A,1,Healthy/1 (3809).jpg
images/16c9c3230b9df462da1c0be01b98ef3d74e213fc73760087ae85bdf0541626dd.jpg,16c9c3230b9df462da1c0be01b98ef3d74e213fc73760087ae85bdf0541626dd,C,1,Cerscospora/4 (104).jpg
images/16df582b72a6f0c3860c8af96aad064b9d993e1a179b58ea6d6b20705b1f739e.jpg,16df582b72a6f0c3860c8af96aad064b9d993e1a179b58ea6d6b20705b1f739e,E,1,Miner/1 (14721).jpg
images/16e13e6398fbac8fe7dae8de630c1412aa9b43e027cb4feafb1fe21f05f430b7.jpg,16e13e6398fbac8fe7dae8de630c1412aa9b43e027cb4feafb1fe21f05f430b7,D,1,Phoma/2 (336).jpg
images/16e59f02e4e80dd3b8d9a28822c98c8e0e24242aa001bb2337c3eb37a33df169.jpg,16e59f02e4e80dd3b8d9a28822c98c8e0e24242aa001bb2337c3eb37a33df169,A,1,Healthy/1 (365).jpg
images/17098814227d89620d13b7ae3e56832d6913cc0c3eb4a4ef661ca64fa17837e4.jpg,17098814227d89620d13b7ae3e56832d6913cc0c3eb4a4ef661ca64fa17837e4,E,1,Miner/1 (12190).jpg
images/171191093e6cce80042edc90ca6a9e1ddf9840b9f7c4dfafaece70eab41b19ea.jpg,171191093e6cce80042edc90ca6a9e1ddf9840b9f7c4dfafaece70eab41b19ea,B,1,Leaf rust/2 (639).jpg
images/17126da1e983dbc6dbb4ddf905ff33fbb3290bea008f67129cede9f1d96c5088.jpg,17126da1e983dbc6dbb4ddf905ff33fbb3290bea008f67129cede9f1d96c5088,E,1,Miner/1 (12843).jpg
images/17165f46e1e03110349a5621b46f37ba13af8245b1b9d205b41264d46632c90a.jpg,17165f46e1e03110349a5621b46f37ba13af8245b1b9d205b41264d46632c90a,B,1,Leaf rust/1 (17).jpg
images/1739836a9714cbe3547f53ce475fe9b53e07c9cc874b7de12c54119979d5e750.jpg,1739836a9714cbe3547f53ce475fe9b53e07c9cc874b7de12c54119979d5e750,E,1,Miner/1 (10669).jpg
images/173f0a0ac28bb364ccfff85d2f9976aa1d652e359f8cf7b5a31054064acfbe1e.jpg,173f0a0ac28bb364ccfff85d2f9976aa1d652e359f8cf7b5a31054064acfbe1e,D,1,Phoma/3 (1023).jpg
images/174d71ebad80a84c74e2ff8d5dfdbfd19c34a13d9f5bef3741c347ac235116ce.jpg,174d71ebad80a84c74e2ff8d5dfdbfd19c34a13d9f5bef3741c347ac235116ce,B,1,Leaf rust/2 (562).jpg
images/1795d322f823a4d437fdc4778ca9abaf74b6b114b18b894d54a1e8dd2398f630.jpg,1795d322f823a4d437fdc4778ca9abaf74b6b114b18b894d54a1e8dd2398f630,C,1,Cerscospora/8 (290).jpg
images/1798fc5a4875ab3b70508d25d83680a289e6afd06e1d3f1a92958581a026a464.jpg,1798fc5a4875ab3b70508d25d83680a289e6afd06e1d3f1a92958581a026a464,E,1,Miner/1 (12734).jpg
images/17a34fa3062f7fff25b1b8a40f4f58f4651faa2ec73f53d5dec2d973ebb98297.jpg,17a34fa3062f7fff25b1b8a40f4f58f4651faa2ec73f53d5dec2d973ebb98297,C,1,Cerscospora/6 (405).jpg
images/17ab099d9a0bd9e1ac124023417ef142ca90653459bd517e77696b2925ca27d7.jpg,17ab099d9a0bd9e1ac124023417ef142ca90653459bd517e77696b2925ca27d7,B,1,Leaf rust/2 (760).jpg
images/17b7d13214bf9b5c8ac882a15d8b851b11145cf6809faff851aef20b543aeb15.jpg,17b7d13214bf9b5c8ac882a15d8b851b11145cf6809faff851aef20b543aeb15,B,1,Leaf rust/2 (611).jpg
images/17cb34401d610870dc79df2fe4eb37247ac269f15a93089346e64829f24209d1.jpg,17cb34401d610870dc79df2fe4eb37247ac269f15a93089346e64829f24209d1,E,1,Miner/1 (10240).jpg
images/17d2165214e37f0b2f6e2b1fcfb4287580763952868d767c9fb0bfa7a77a4844.jpg,17d2165214e37f0b2f6e2b1fcfb4287580763952868d767c9fb0bfa7a77a4844,C,1,Cerscospora/8 (848).jpg
images/17d2ceec46534f507bdcc8b4e55bd31d0b205c78150f2228fa42459e091934f0.jpg,17d2ceec46534f507bdcc8b4e55bd31d0b205c78150f2228fa42459e091934f0,B,1,Leaf rust/1 (197).jpg
images/17eb451e24e33423db1566935702ae5ed539517144c3285a5ae513c1dfc9466f.jpg,17eb451e24e33423db1566935702ae5ed539517144c3285a5ae513c1dfc9466f,C,1,Cerscospora/4 (336).jpg
images/17ebebc8720b1dd453e08860a95834b412f78a858b2520ae7725c0e22045a99c.jpg,17ebebc8720b1dd453e08860a95834b412f78a858b2520ae7725c0e22045a99c,E,1,Miner/1 (13697).jpg
images/1807e3fd449e8d2621a3bc46136e5a672fe862e8fdbb73b8c38d07e7126068b3.jpg,1807e3fd449e8d2621a3bc46136e5a672fe862e8fdbb73b8c38d07e7126068b3,E,1,Miner/1 (10762).jpg
images/18239028cb74bf2190ffe1da3a35f067a242b4e317a2e925ce1b385d7cce2ba2.jpg,18239028cb74bf2190ffe1da3a35f067a242b4e317a2e925ce1b385d7cce2ba2,E,1,Miner/1 (11861).jpg
images/182ab0fb962176a4f36b7253749420b1f456b1a934533b0d632360177ce9882a.jpg,182ab0fb962176a4f36b7253749420b1f456b1a934533b0d632360177ce9882a,C,1,Cerscospora/8 (104).jpg
images/1840cea72a74c75c2a5d55c362ee58d76daf98aa87a4d947488c0959d31e0bba.jpg,1840cea72a74c75c2a5d55c362ee58d76daf98aa87a4d947488c0959d31e0bba,D,1,Phoma/2 (306).jpg
images/1843d75d15c43d35d3faa017b6d42c50645e4e8ac3b1ecf36252b423d619ab03.jpg,1843d75d15c43d35d3faa017b6d42c50645e4e8ac3b1ecf36252b423d619ab03,B,1,Leaf rust/1 (9).jpg
images/186568a52ca3f50ac3127f93136541f5364b76f566957bc9c061554831440053.jpg,186568a52ca3f50ac3127f93136541f5364b76f566957bc9c061554831440053,E,1,Miner/1 (13415).jpg
images/187bf5be529a44089d2783b303b09f5647a243440c87758e3dcab05632571f01.jpg,187bf5be529a44089d2783b303b09f5647a243440c87758e3dcab05632571f01,B,1,Leaf rust/2 (1008).jpg
images/187de31e3f018caf9a979ce006c3697232a1536f19857fdce1ee4aef482996c3.jpg,187de31e3f018caf9a979ce006c3697232a1536f19857fdce1ee4aef482996c3,E,1,Miner/1 (10038).jpg
images/188a95177bfe3d2f84a461f473241791753adb0dfb2c5caaed991218392e9d31.jpg,188a95177bfe3d2f84a461f473241791753adb0dfb2c5caaed991218392e9d31,D,1,Phoma/4 (379).jpg
images/18af99be88bb35246f267ea32bea55b4c988d18e0eba3e3e1becc9599a6f5244.jpg,18af99be88bb35246f267ea32bea55b4c988d18e0eba3e3e1becc9599a6f5244,A,1,Healthy/1 (104).jpg
images/18b69cc8bd301930bf459879e2f3b8cf9f0e1ff225689a679513d5d86c66ae13.jpg,18b69cc8bd301930bf459879e2f3b8cf9f0e1ff225689a679513d5d86c66ae13,E,1,Miner/1 (14985).jpg
images/1938ef4959067fbc821bf831e2ff7c7f8d773565000cf57f0b8adf9941ed2a6e.jpg,1938ef4959067fbc821bf831e2ff7c7f8d773565000cf57f0b8adf9941ed2a6e,B,1,Leaf rust/1 (375).jpg
images/1940ff872a7ae8a5100a93901cf6fea820afbd4750da538b8ecf3a6c487b77e7.jpg,1940ff872a7ae8a5100a93901cf6fea820afbd4750da538b8ecf3a6c487b77e7,B,1,Leaf rust/2 (953).jpg
images/19790c2afb4814c424114a0331f79e012f5366db5e2224e49fafe3e28ad98de5.jpg,19790c2afb4814c424114a0331f79e012f5366db5e2224e49fafe3e28ad98de5,D,1,Phoma/2 (186).jpg
images/197dd81859ef3409af0857dad1f631d89c83f0f8bccc096b0e4467a09143ce16.jpg,197dd81859ef3409af0857dad1f631d89c83f0f8bccc096b0e4467a09143ce16,D,1,Phoma/2 (220).jpg
images/1993b813fd02beb1be251e4df04c890041c546d0b2f2ea1bfd5845c859aa27df.jpg,1993b813fd02beb1be251e4df04c890041c546d0b2f2ea1bfd5845c859aa27df,B,1,Leaf rust/1 (29).jpg
images/1a03bf4a192abfe92f9e176fbe29c0a1b97620ffb6007d7e9681baa5157ffee1.jpg,1a03bf4a192abfe92f9e176fbe29c0a1b97620ffb6007d7e9681baa5157ffee1,C,1,Cerscospora/6 (812).jpg
images/1a143e311a9f80182df9b1eeabded8c381c41ff82342e0652532a19901677f90.jpg,1a143e311a9f80182df9b1eeabded8c381c41ff82342e0652532a19901677f90,B,1,Leaf rust/1 (9).jpeg
images/1a490833f992992abe9e06a2b8e72595449961aba48fa024a5236f614298d6da.jpg,1a490833f992992abe9e06a2b8e72595449961aba48fa024a5236f614298d6da,E,1,Miner/1 (13132).jpg
images/1a4d9d55f9ade8fe8f5c4fbbfbc1545baff1c932034f4e85079219866adbffd5.jpg,1a4d9d55f9ade8fe8f5c4fbbfbc1545baff1c932034f4e85079219866adbffd5,E,1,Miner/1 (14158).jpg
images/1a73d3546114155048860ed3117234393b707b53cdaa684db2f823ca507e626d.jpg,1a73d3546114155048860ed3117234393b707b53cdaa684db2f823ca507e626d,E,1,Miner/1 (14337).jpg
images/1a7788ba3f8f8a9804fccab825a26bbc423a553b135ab1e2b26e7a1a5fe8968d.jpg,1a7788ba3f8f8a9804fccab825a26bbc423a553b135ab1e2b26e7a1a5fe8968d,E,1,Miner/1 (14091).jpg
images/1a85155aeb98fad1b0eadd5632c22fda0c0b5c446432e6b87c3af4d6dcd69c2b.jpg,1a85155aeb98fad1b0eadd5632c22fda0c0b5c446432e6b87c3af4d6dcd69c2b,D,1,Phoma/1 (434).jpg
images/1a898bdeb024a05dfd8a64ef6119fee063413eb6b0012284a032fad74324088f.jpg,1a898bdeb024a05dfd8a64ef6119fee063413eb6b0012284a032fad74324088f,C,1,Cerscospora/7 (812).jpg
images/1aaa3d2654916f177e9c0f13a4c5ad4c2e8779998b47aa5519e7c121f0c6c695.jpg,1aaa3d2654916f177e9c0f13a4c5ad4c2e8779998b47aa5519e7c121f0c6c695,D,1,Phoma/3 (1338).jpg
images/1ab260430d154fed19ebfb5e4d6ccadc0086dd4e8f17e7eec549c1d4e5ea4bf6.jpg,1ab260430d154fed19ebfb5e4d6ccadc0086dd4e8f17e7eec549c1d4e5ea4bf6,E,1,Miner/1 (10266).jpg
images/1ab6bb52a13afe8ecb5cd5261e00d0857c3e1ab03f7f433463c39c15a09ae9c2.jpg,1ab6bb52a13afe8ecb5cd5261e00d0857c3e1ab03f7f433463c39c15a09ae9c2,C,1,Cerscospora/4 (289).jpg
images/1abc5d3fc36a5763f9e62fd2e19ad9a23d110621561ed931de3dcc710fed4948.jpg,1abc5d3fc36a5763f9e62fd2e19ad9a23d110621561ed931de3dcc710fed4948,E,1,Miner/1 (10614).jpg
images/1ac4ed69f293c80f0acf567dad1501d53478a245df466ef98f45373516ab3b84.jpg,1ac4ed69f293c80f0acf567dad1501d53478a245df466ef98f45373516ab3b84,E,1,Miner/1 (10725).jpg
images/1aefdf9d0f10d9131d09b19411a8d5f36061616f1d7ab2471008b299ed0e968a.jpg,1aefdf9d0f10d9131d09b19411a8d5f36061616f1d7ab2471008b299ed0e968a,D,1,Phoma/3 (936).jpg
images/1af840ee84414492dd1751f688ff7c586cec7958c29876206e8332c05c442f0c.jpg,1af840ee84414492dd1751f688ff7c586cec7958c29876206e8332c05c442f0c,D,1,Phoma/2 (148).jpg
images/1b11d84e7e02c9eeba2767ae0c4dc750237f898a27ca6cb973caaa3220c42c3c.jpg,1b11d84e7e02c9eeba2767ae0c4dc750237f898a27ca6cb973caaa3220c42c3c,E,1,Miner/1 (12206).jpg
images/1b15f62066c1412a2c86e245e8334eef6f0028dc9ef16245992405299adf0857.jpg,1b15f62066c1412a2c86e245e8334eef6f0028dc9ef16245992405299adf0857,E,1,Miner/1 (11926).jpg
images/1b18f634dee1010fb34bb945c76896e5243ba131d4c747b592853d9884fb5adb.jpg,1b18f634dee1010fb34bb945c76896e5243ba131d4c747b592853d9884fb5adb,B,1,Leaf rust/2 (858).jpg
images/1b1b64c018633c0c798ebd57e4008d671062740436ac6c85d0c80e96f17f7843.jpg,1b1b64c018633c0c798ebd57e4008d671062740436ac6c85d0c80e96f17f7843,E,1,Miner/1 (14777).jpg
images/1b307009fc4c20bb94620d492ce949da93e0f260c5b7556f52e98a945b594690.jpg,1b307009fc4c20bb94620d492ce949da93e0f260c5b7556f52e98a945b594690,C,1,Cerscospora/8 (542).jpg
images/1b32cd10fa31ad93faa015c11e3eb87dde4da655db9a058e02ca380f177dcd93.jpg,1b32cd10fa31ad93faa015c11e3eb87dde4da655db9a058e02ca380f177dcd93,E,1,Miner/1 (10729).jpg
images/1b4236004ed9495d34f7980abdc0ed17786730cfeaca52e25fbb239517f1b27c.jpg,1b4236004ed9495d34f7980abdc0ed17786730cfeaca52e25fbb239517f1b27c,B,1,Leaf rust/2 (954).jpg
images/1b4d65b39ea9af6794d6894e301fb22f10b379b1bccd6a91bcada8c7be3cd0a6.jpg,1b4d65b39ea9af6794d6894e301fb22f10b379b1bccd6a91bcada8c7be3cd0a6,D,1,Phoma/3 (1281).jpg
images/1b53f5caf54e669ade82c4ab1dff817c0b3a8b739edcec8191207c6f8f410548.jpg,1b53f5caf54e669ade82c4ab1dff817c0b3a8b739edcec8191207c6f8f410548,E,1,Miner/1 (13638).jpg
images/1b56c9722c0bfc2a340f0b36ba6c38ea4c130b3f743f0144292c3e8aa1fd5ebc.jpg,1b56c9722c0bfc2a340f0b36ba6c38ea4c130b3f743f0144292c3e8aa1fd5ebc,E,1,Miner/1 (12585).jpg
images/1b5b7e987e36b70f94687e845ec299b918d1b979cd7220891b451ab739aceaff.jpg,1b5b7e987e36b70f94687e845ec299b918d1b979cd7220891b451ab739aceaff,E,1,Miner/1 (10254).jpg
images/1b714d27cfdef16f15ca30c93bef5d7db15fdff62d2e26736c0ea825c1608da5.jpg,1b714d27cfdef16f15ca30c93bef5d7db15fdff62d2e26736c0ea825c1608da5,E,1,Miner/1 (13689).jpg
images/1b75af94a1a217a57eb62b5416395f41abac4a7901873669ca15436ed71ff1d4.jpg,1b75af94a1a217a57eb62b5416395f41abac4a7901873669ca15436ed71ff1d4,E,1,Miner/1 (11700).jpg
images/1b9fff1d3d7e84bc38d71821864591893ab59222b2fc9a408bfb022fdf250a44.jpg,1b9fff1d3d7e84bc38d71821864591893ab59222b2fc9a408bfb022fdf250a44,E,1,Miner/1 (12702).jpg
images/1ba49bc218917b63fef326e77374649142947d23bf5ef35e0bacc14dfc4846e7.jpg,1ba49bc218917b63fef326e77374649142947d23bf5ef35e0bacc14dfc4846e7,D,1,Phoma/2 (296).jpg
images/1ba4b35aaa60e1d61a298090439d5228373ef05cc2e54fa5b3ec6678bcb5b9f7.jpg,1ba4b35aaa60e1d61a298090439d5228373ef05cc2e54fa5b3ec6678bcb5b9f7,D,1,Phoma/3 (1389).jpg
images/1bcdc609cf2268bb1c2b66abafb6c117c2df54a5dfa89a30182b8f2712284adb.jpg,1bcdc609cf2268bb1c2b66abafb6c117c2df54a5dfa89a30182b8f2712284adb,E,1,Miner/1 (15709).jpg
images/1bda55c691094fb34720af7ed52290a7f82836ca501a98cbf7df8f657fc662b0.jpg,1bda55c691094fb34720af7ed52290a7f82836ca501a98cbf7df8f657fc662b0,C,1,Cerscospora/6 (864).jpg
images/1bdd5743c2de19337fec13e3c902719e77e388565af9f29839e831fe724f2d87.jpg,1bdd5743c2de19337fec13e3c902719e77e388565af9f29839e831fe724f2d87,E,1,Miner/1 (10182).jpg
images/1be64df774a8dfb51b61ccf9d8b4847103bcb70083054d974e9f1eb1bda8f39d.jpg,1be64df774a8dfb51b61ccf9d8b4847103bcb70083054d974e9f1eb1bda8f39d,C,1,Cerscospora/8 (868).jpg
images/1bf286db746ff92c3abc3d1931c20a5a96518aaaf33721dacf52aacaac3e984a.jpg,1bf286db746ff92c3abc3d1931c20a5a96518aaaf33721dacf52aacaac3e984a,D,1,Phoma/3 (1035).jpg
images/1bf72b764a35cd16f5673490ba18418971ed1d3fc0ba9cf4af407067d8292edd.jpg,1bf72b764a35cd16f5673490ba18418971ed1d3fc0ba9cf4af407067d8292edd,B,1,Leaf rust/2 (663).jpg
images/1c027d34af8d601fecaa3ec895307ec15858a52e6811f323fc6a99de0a644efd.jpg,1c027d34af8d601fecaa3ec895307ec15858a52e6811f323fc6a99de0a644efd,B,1,Leaf rust/1 (488).jpg
images/1c0864989258bb54d5461f3acb5611721b30cdb7f3053be59b3ecca8ee058e0e.jpg,1c0864989258bb54d5461f3acb5611721b30cdb7f3053be59b3ecca8ee058e0e,B,1,Leaf rust/2 (861).jpg
images/1c12e0bad6c2be2b59508cc29e2c25bb230c856b6d2322fcb8f026cefa5ec097.jpg,1c12e0bad6c2be2b59508cc29e2c25bb230c856b6d2322fcb8f026cefa5ec097,D,1,Phoma/1 (380).jpg
images/1c45d2992a968dfea9cdad1247017cf386e872ff8f3a027e70aa69a7d12dd0b0.jpg,1c45d2992a968dfea9cdad1247017cf386e872ff8f3a027e70aa69a7d12dd0b0,E,1,Miner/1 (15003).jpg
images/1c4b0a8608c2fac843b15315cf3ccef45b0511f4003d9e4bb9cbb5b47870793d.jpg,1c4b0a8608c2fac843b15315cf3ccef45b0511f4003d9e4bb9cbb5b47870793d,E,1,Miner/1 (1068).jpg
images/1c4e985e3595f4743b4cf14ca27401671f5b7c454111bc86b895271bbaf3d9c2.jpg,1c4e985e3595f4743b4cf14ca27401671f5b7c454111bc86b895271bbaf3d9c2,B,1,Leaf rust/2 (699).jpg
images/1c5101c35127d2f202034bf088b7ffa9afa14807d40ec6e54bf84ae587b2e30a.jpg,1c5101c35127d2f202034bf088b7ffa9afa14807d40ec6e54bf84ae587b2e30a,E,1,Miner/1 (10751).jpg
images/1c525caabf38c58fb3340fd7ff56073a79f404b19ec3e5523f8b814bdbdb568e.jpg,1c525caabf38c58fb3340fd7ff56073a79f404b19ec3e5523f8b814bdbdb568e,E,1,Miner/1 (11295).jpg
images/1c565f0a3821164183e9ed9394eeef575cd32a4bffafd75cd78bee122c628fdb.jpg,1c565f0a3821164183e9ed9394eeef575cd32a4bffafd75cd78bee122c628fdb,E,1,Miner/1 (10036).jpg
images/1c64e0ce62e1be2f77bf4b0853b3e27cce98dd18d8706b8ad69801af2bffddb4.jpg,1c64e0ce62e1be2f77bf4b0853b3e27cce98dd18d8706b8ad69801af2bffddb4,B,1,Leaf rust/1 (140).jpg
images/1c84d38284212f645bc7ac3b4003949af3688d3832d3d016c6923726a11fffc2.jpg,1c84d38284212f645bc7ac3b4003949af3688d3832d3d016c6923726a11fffc2,D,1,Phoma/1 (152).jpg
images/1c9ddb78640b7ef390f0df5aa0a5b53fc0a82acf6d98551f616611f385f27b7d.jpg,1c9ddb78640b7ef390f0df5aa0a5b53fc0a82acf6d98551f616611f385f27b7d,E,1,Miner/1 (15625).jpg
images/1cb2a7f844571932bc7e1decd5818f2b379b51c32511129729e6d8734ac71990.jpg,1cb2a7f844571932bc7e1decd5818f2b379b51c32511129729e6d8734ac71990,B,1,Leaf rust/2 (832).jpg
images/1cd84c2ec78ea6f46eaaf8306ab7e9de45294984b78a455a5857e8c08d19897c.jpg,1cd84c2ec78ea6f46eaaf8306ab7e9de45294984b78a455a5857e8c08d19897c,D,1,Phoma/4 (437).jpg
images/1cd93e9ffba918ae10ed49454b092c87eac84d97a0a6714b2831e06f03c5ba79.jpg,1cd93e9ffba918ae10ed49454b092c87eac84d97a0a6714b2831e06f03c5ba79,D,1,Phoma/1 (153).jpg
images/1ce0ec3501cdb9d5c5ebbb5b3dccda4d24047c2f4c8617f01572610c5b0f76db.jpg,1ce0ec3501cdb9d5c5ebbb5b3dccda4d24047c2f4c8617f01572610c5b0f76db,D,1,Phoma/2 (144).jpg
images/1cf095b5a82a08c306ae9e5538cb5ebaad32609cd5df9e1c1ab5b8adafef5216.jpg,1cf095b5a82a08c306ae9e5538cb5ebaad32609cd5df9e1c1ab5b8adafef5216,B,1,Leaf rust/1 (278).jpg
images/1d10fe983bce04b120e8711a4bfed95ef438f0321ea3964fff3babe5ee3dce87.jpg,1d10fe983bce04b120e8711a4bfed95ef438f0321ea3964fff3babe5ee3dce87,E,1,Miner/1 (10403).jpg
images/1d1cab494ba1023ca2ba661fa92611eb6fbfb18f433c65d12066bb0bcb7c2887.jpg,1d1cab494ba1023ca2ba661fa92611eb6fbfb18f433c65d12066bb0bcb7c2887,E,1,Miner/1 (10404).jpg
images/1d2b781ee79b231a15faad25f8b7d7a7abcf34331ed1d1af49561f9e3aedcbcb.jpg,1d2b781ee79b231a15faad25f8b7d7a7abcf34331ed1d1af49561f9e3aedcbcb,E,1,Miner/1 (15334).jpg
images/1d43268014251923f17f274a758dc277d281c841b4b3e5885dbda5586be210f3.jpg,1d43268014251923f17f274a758dc277d281c841b4b3e5885dbda5586be210f3,A,1,Healthy/1 (2858).jpg
images/1d6393062e89642e90a4842f2f233652560c0661fca143a47cd1d018e67c7213.jpg,1d6393062e89642e90a4842f2f233652560c0661fca143a47cd1d018e67c7213,B,1,Leaf rust/2 (970).jpg
images/1d6e1c8362e7f0562c242c59c5577e1b3c7dffafd40041108809a277e4d0348d.jpg,1d6e1c8362e7f0562c242c59c5577e1b3c7dffafd40041108809a277e4d0348d,E,1,Miner/1 (13796).jpg
images/1da114303092040bf3bfab3450c3815ab3ceb0ea8986bfafc834643255b395a9.jpg,1da114303092040bf3bfab3450c3815ab3ceb0ea8986bfafc834643255b395a9,D,1,Phoma/4 (331).jpg
images/1da20cb9a99642405f215cb7d15008a509c779d1c572135c6ccc3439e0947ce9.jpg,1da20cb9a99642405f215cb7d15008a509c779d1c572135c6ccc3439e0947ce9,B,1,Leaf rust/1 (296).jpg
images/1db86a721d6fc05d427add130ce48dc253553f7058a776ac2c8063edf4f351de.jpg,1db86a721d6fc05d427add130ce48dc253553f7058a776ac2c8063edf4f351de,B,1,Leaf rust/2 (881).jpg
images/1dc0ff92744d2092461ef884b765da4f9c860dc9193a550a3376ea320e0ea843.jpg,1dc0ff92744d2092461ef884b765da4f9c860dc9193a550a3376ea320e0ea843,E,1,Miner/1 (14002).jpg
images/1dc6f6b2609811172b55d77f86090210cfa2480bec98820499269ed976213b71.jpg,1dc6f6b2609811172b55d77f86090210cfa2480bec98820499269ed976213b71,E,1,Miner/1 (14306).jpg
images/1dd57b3c2570a4838ecd538cfb268e00ea1131f860f7093829e8f389af9f5c37.jpg,1dd57b3c2570a4838ecd538cfb268e00ea1131f860f7093829e8f389af9f5c37,B,1,Leaf rust/2 (796).jpg
images/1dfc9bddcfcd090894da3bcaadd2b3914cda4b04473979e76799a13c0d5e367a.jpg,1dfc9bddcfcd090894da3bcaadd2b3914cda4b04473979e76799a13c0d5e367a,D,1,Phoma/2 (12).jpg
images/1e14010f90ca313b774f1a8d748a249c2b7201b1a1a0c46a36e11bc5f0c94a3e.jpg,1e14010f90ca313b774f1a8d748a249c2b7201b1a1a0c46a36e11bc5f0c94a3e,E,1,Miner/1 (13241).jpg
images/1e2a655ef486efa94a176effe7ece3dfd0b3113c450389199bd4010bfbdbcc96.jpg,1e2a655ef486efa94a176effe7ece3dfd0b3113c450389199bd4010bfbdbcc96,B,1,Leaf rust/1 (280).jpg
images/1e35140b9c20456b24dcdda79b80e453a4114f996d1c49b204e86ce72d6ccbc1.jpg,1e35140b9c20456b24dcdda79b80e453a4114f996d1c49b204e86ce72d6ccbc1,B,1,Leaf rust/2 (520).jpg
images/1e481213a5439381d86aabb81b2be3081e202d42463861b09de098be3b1e7c53.jpg,1e481213a5439381d86aabb81b2be3081e202d42463861b09de098be3b1e7c53,E,1,Miner/1 (13236).jpg
images/1e522e8a9a9634753f112639cc0f8e459b79d28d116d1c5cbdcce5cdeefd00d5.jpg,1e522e8a9a9634753f112639cc0f8e459b79d28d116d1c5cbdcce5cdeefd00d5,B,1,Leaf rust/2 (590).jpg
images/1e61b2edf248b8ae730f5405cf0e48cdd4b8a06aa4a99dbeda1acf7fc90b68c6.jpg,1e61b2edf248b8ae730f5405cf0e48cdd4b8a06aa4a99dbeda1acf7fc90b68c6,B,1,Leaf rust/2 (723).jpg
images/1e7764b76ae335cafb86d3edb5d070e712b71da20c5c9f6f2281d1a83a3cab1f.jpg,1e7764b76ae335cafb86d3edb5d070e712b71da20c5c9f6f2281d1a83a3cab1f,E,1,Miner/1 (13641).jpg
images/1e9a73a48327044dfedfa531299ed2ca85c65d356b317c69effc2d42a34a68e5.jpg,1e9a73a48327044dfedfa531299ed2ca85c65d356b317c69effc2d42a34a68e5,E,1,Miner/1 (14168).jpg
images/1e9a97ffa08518649e3693b937df27d7aa993c9371e8b71269426f7cae5ab4e9.jpg,1e9a97ffa08518649e3693b937df27d7aa993c9371e8b71269426f7cae5ab4e9,E,1,Miner/1 (12211).jpg
images/1eb518fadc0d4ba681bf5b0017877eef20f5904dd3b4e168f29ce5f7204b9cb4.jpg,1eb518fadc0d4ba681bf5b0017877eef20f5904dd3b4e168f29ce5f7204b9cb4,E,1,Miner/1 (12668).jpg
images/1ebc7a80944eaa14c1ee4d921d62e4eee5c7760bda18ff8de8359436870d3d27.jpg,1ebc7a80944eaa14c1ee4d921d62e4eee5c7760bda18ff8de8359436870d3d27,E,1,Miner/1 (12214).jpg
images/1ecb00213e1f52cf9de3bf166afd54d48e12336594e03ef94b8ad4f9df775930.jpg,1ecb00213e1f52cf9de3bf166afd54d48e12336594e03ef94b8ad4f9df775930,C,1,Cerscospora/6 (290).jpg
images/1f0fc55c4fdad1a945d0da85aa746b49ae6e53b0d9a47a8e5f71bcb94a706e50.jpg,1f0fc55c4fdad1a945d0da85aa746b49ae6e53b0d9a47a8e5f71bcb94a706e50,C,1,Cerscospora/8 (673).jpg
images/1f37e6c2ca3ef3a7d14125ca0cf254e828ef658f35fc5b2332b092977dddc56f.jpg,1f37e6c2ca3ef3a7d14125ca0cf254e828ef658f35fc5b2332b092977dddc56f,C,1,Cerscospora/4 (119).jpg
images/1f3b79be6aa4af9869ac03e9e3be05fdf6ba384d681fff00cb5c815f0de08ed1.jpg,1f3b79be6aa4af9869ac03e9e3be05fdf6ba384d681fff00cb5c815f0de08ed1,B,1,Leaf rust/2 (936).jpg
images/1f69984d1ac9a683ad9a35f442dcda87953695a31f16bc292fbf97817751befb.jpg,1f69984d1ac9a683ad9a35f442dcda87953695a31f16bc292fbf97817751befb,E,1,Miner/1 (14324).jpg
images/1f74ecb4ba0ac1835a08cc8cd87c9ac136aa80edb1499aa9507be60684f821a8.jpg,1f74ecb4ba0ac1835a08cc8cd87c9ac136aa80edb1499aa9507be60684f821a8,B,1,Leaf rust/1 (7).jpeg
images/1f7988ddb54dbb3481ad421238ee07d7cb087d88c71323e63c6357dbd9d7f264.jpg,1f7988ddb54dbb3481ad421238ee07d7cb087d88c71323e63c6357dbd9d7f264,B,1,Leaf rust/1 (71).jpg
images/1f7aa211740bf0e8c35b0d53a48488b089a62a9203a7606e665d51d66e1a41f3.jpg,1f7aa211740bf0e8c35b0d53a48488b089a62a9203a7606e665d51d66e1a41f3,E,1,Miner/1 (13586).jpg
images/1f7ec49b0a430caf357be76a491a39306d593b3dee0ba8469272681f693874e1.jpg,1f7ec49b0a430caf357be76a491a39306d593b3dee0ba8469272681f693874e1,B,1,Leaf rust/1 (438).jpg
images/1f83647ac01262c5bfdc34d8d4d51cd709f4d4fea02861ab794198f54f735619.jpg,1f83647ac01262c5bfdc34d8d4d51cd709f4d4fea02861ab794198f54f735619,D,1,Phoma/4 (102).jpg
images/1f94bd94109a4fef365a7c9dd85383dbf21c8047ea7e295a4e5f1d9a23387a82.jpg,1f94bd94109a4fef365a7c9dd85383dbf21c8047ea7e295a4e5f1d9a23387a82,D,1,Phoma/3 (1189).jpg
images/1fa776a395da15003043ff07f13968383734144e62f0da98baac4e937f1dce33.jpg,1fa776a395da15003043ff07f13968383734144e62f0da98baac4e937f1dce33,E,1,Miner/1 (11298).jpg
images/1fa8ceaf7c43291598a43b344898e9440c8f1b66c18f3494063031e1b6cf79fe.jpg,1fa8ceaf7c43291598a43b344898e9440c8f1b66c18f3494063031e1b6cf79fe,E,1,Miner/1 (11697).jpg
images/1fad4aa8608029ba2038a2e845aedeb1493ce95c54b1d59b7a85cf273bf5fcf5.jpg,1fad4aa8608029ba2038a2e845aedeb1493ce95c54b1d59b7a85cf273bf5fcf5,B,1,Leaf rust/2 (1010).jpg
images/1fb2ed3138cdfe608f27fe00b9449e02028f0bd502f63c44b0951fab98bf2567.jpg,1fb2ed3138cdfe608f27fe00b9449e02028f0bd502f63c44b0951fab98bf2567,B,1,Leaf rust/2 (983).jpg
images/1fb647e3cc0eeee91ceed40c4bffac6bde0c0ea8c9a8920c280cb4abfb009241.jpg,1fb647e3cc0eeee91ceed40c4bffac6bde0c0ea8c9a8920c280cb4abfb009241,E,1,Miner/1 (12520).jpg
images/1fcfcc97989ced7895ef6c076e403ea6503da14432805bc418b0954774885bb3.jpg,1fcfcc97989ced7895ef6c076e403ea6503da14432805bc418b0954774885bb3,E,1,Miner/1 (15534).jpg
images/1ff74980a34b45c0eaed5313aa71c598b199e554a6ad0d777f7e2475094a16db.jpg,1ff74980a34b45c0eaed5313aa71c598b199e554a6ad0d777f7e2475094a16db,D,1,Phoma/3 (1469).jpg
images/2001297a32a73be3da7d23ba506a0da289ee50d87b0fff539483a9076b50fbaf.jpg,2001297a32a73be3da7d23ba506a0da289ee50d87b0fff539483a9076b50fbaf,B,1,Leaf rust/2 (657).jpg
images/200f0a43bae5023f4792ea6bc47ec8c8d7e7199576b3f55fd6cc81d04cb96202.jpg,200f0a43bae5023f4792ea6bc47ec8c8d7e7199576b3f55fd6cc81d04cb96202,B,1,Leaf rust/2 (919).jpg
images/204c656bdae538178135ac647f695d3ad430ca1e6942a5168fbc0a642cb4455e.jpg,204c656bdae538178135ac647f695d3ad430ca1e6942a5168fbc0a642cb4455e,B,1,Leaf rust/1 (386).jpg
images/20516a42f3800f4246eec992a5f24b800738674cc795307fae768acca948b748.jpg,20516a42f3800f4246eec992a5f24b800738674cc795307fae768acca948b748,D,1,Phoma/2 (486).jpg
images/205ade5163666f6288b438d271290c0b456b34c5291cf4fdd4f47867074932c8.jpg,205ade5163666f6288b438d271290c0b456b34c5291cf4fdd4f47867074932c8,E,1,Miner/1 (10139).jpg
images/205ee855c315adac5fadb9ea0a1b8d7cf8ba2c4066a196c849bc134c0ec76e76.jpg,205ee855c315adac5fadb9ea0a1b8d7cf8ba2c4066a196c849bc134c0ec76e76,E,1,Miner/1 (11707).jpg
images/207558a3d4cf9648420972773dc4cf45b00a8cb59e0888a27ca9338aad1d85eb.jpg,207558a3d4cf9648420972773dc4cf45b00a8cb59e0888a27ca9338aad1d85eb,B,1,Leaf rust/2 (960).jpg
images/20894700d35e7b58849ab8cb21613ef93a0de6aaf57a23efdcf62882afa6d0eb.jpg,20894700d35e7b58849ab8cb21613ef93a0de6aaf57a23efdcf62882afa6d0eb,D,1,Phoma/3 (1388).jpg
images/20b40f083eb94cd16d9a4760216e55c1abe40f1df50d2d865f81991527ce83ef.jpg,20b40f083eb94cd16d9a4760216e55c1abe40f1df50d2d865f81991527ce83ef,D,1,Phoma/4 (107).jpg
images/20b6a6f201325fc13ff4f841d1ad12c5c4b05bce2dd863f1ce1d31d1e6080882.jpg,20b6a6f201325fc13ff4f841d1ad12c5c4b05bce2dd863f1ce1d31d1e6080882,E,1,Miner/1 (14717).jpg
images/20bbce226ae6000685c5225277519d50236e94c2d57aa412827f00ceeefe4933.jpg,20bbce226ae6000685c5225277519d50236e94c2d57aa412827f00ceeefe4933,B,1,Leaf rust/1 (13).jpg
images/211c828be823f227b5446d66d01f09ca721411b8e14c4ea405bd38cec5218550.jpg,211c828be823f227b5446d66d01f09ca721411b8e14c4ea405bd38cec5218550,E,1,Miner/1 (11571).jpg
images/211ed3234c45603984b67a4817f71a45df22106c6a22b62ff4cc383dbf87020d.jpg,211ed3234c45603984b67a4817f71a45df22106c6a22b62ff4cc383dbf87020d,E,1,Miner/1 (11115).jpg
images/213126d9a703d7a819a2d10dd343c7ef80422d9514853a8076dbb355d3e3efdf.jpg,213126d9a703d7a819a2d10dd343c7ef80422d9514853a8076dbb355d3e3efdf,D,1,Phoma/2 (588).jpg
images/213d9144acd0d396c86a2f907dc9a688fabd4a717fa8571e11123349956eb35a.jpg,213d9144acd0d396c86a2f907dc9a688fabd4a717fa8571e11123349956eb35a,B,1,Leaf rust/2 (794).jpg
images/214cc987b130f3188f2660bdf5d0b0f73056b28b527bcf1336fad9af9832c672.jpg,214cc987b130f3188f2660bdf5d0b0f73056b28b527bcf1336fad9af9832c672,B,1,Leaf rust/2 (791).jpg
images/2159ea6ef9c1ae5f7ecfcf2b7827fcdb072f4d6b8cfb68876aec44312c229567.jpg,2159ea6ef9c1ae5f7ecfcf2b7827fcdb072f4d6b8cfb68876aec44312c229567,C,1,Cerscospora/6 (42).jpg
images/215a1f6cc052b05c3d782025998e468967d496431b710f889217223a94d2c17d.jpg,215a1f6cc052b05c3d782025998e468967d496431b710f889217223a94d2c17d,B,1,Leaf rust/2 (876).jpg
images/21639b2e7cd472ef8c116bc2deddf867f75f8d11f16a8684022a9e3058887816.jpg,21639b2e7cd472ef8c116bc2deddf867f75f8d11f16a8684022a9e3058887816,E,1,Miner/1 (14998).jpg
images/2194ccfcae1b5f028b42e171c327ed44892d6aa696f3cfd20ce965c519f273a7.jpg,2194ccfcae1b5f028b42e171c327ed44892d6aa696f3cfd20ce965c519f273a7,B,1,Leaf rust/1 (379).jpg
images/219c4c1b62667a74efecc554fcff95f72e1dcae14d0cbfab07907bfd0bb8cbbc.jpg,219c4c1b62667a74efecc554fcff95f72e1dcae14d0cbfab07907bfd0bb8cbbc,E,1,Miner/1 (15358).jpg
images/21b5a4ff69fb27bb4619afcc6f3f7caccb479944c30a29625fc6c6bc621badc0.jpg,21b5a4ff69fb27bb4619afcc6f3f7caccb479944c30a29625fc6c6bc621badc0,E,1,Miner/1 (15370).jpg
images/21ba514bcabb4c3a962cee9c3ae38f5c5e9fa4b948bc4ce34181aee9b9a0774f.jpg,21ba514bcabb4c3a962cee9c3ae38f5c5e9fa4b948bc4ce34181aee9b9a0774f,B,1,Leaf rust/2 (901).jpg
images/21bd9f02de448de79452808f748f2b698c1f351216152d0d46a9b04b86615c3f.jpg,21bd9f02de448de79452808f748f2b698c1f351216152d0d46a9b04b86615c3f,B,1,Leaf rust/1 (429).jpg
images/21ca220030973abd5750d2a5fde85aec6b10f085f1b53c9e0f0d1d4b3ecfef4d.jpg,21ca220030973abd5750d2a5fde85aec6b10f085f1b53c9e0f0d1d4b3ecfef4d,D,1,Phoma/4 (446).jpg
images/21e842cf0b124fea01d5a914fc7c33b545fedabddcd7767413331d96c32cd0ba.jpg,21e842cf0b124fea01d5a914fc7c33b545fedabddcd7767413331d96c32cd0ba,E,1,Miner/1 (10074).jpg
images/21ead9a95bc0a849c4c004d21e85ebcb80919d64abdb829422829a3d935d2717.jpg,21ead9a95bc0a849c4c004d21e85ebcb80919d64abdb829422829a3d935d2717,D,1,Phoma/3 (1054).jpg
images/21ee5ddf07df74d1f4cd7e1d9a24dfa0d292989f5d69a638479e0614b6913ccb.jpg,21ee5ddf07df74d1f4cd7e1d9a24dfa0d292989f5d69a638479e0614b6913ccb,E,1,Miner/1 (12583).jpg
images/220b562d0123e6e831f711e5d8ea0227bb5c521f0c7e40a4d0dde7be2e9182d9.jpg,220b562d0123e6e831f711e5d8ea0227bb5c521f0c7e40a4d0dde7be2e9182d9,E,1,Miner/1 (11574).jpg
images/221491a68decae64f6bd5a45c49d09950fb32a57ca05da073bef1154542bb7b9.jpg,221491a68decae64f6bd5a45c49d09950fb32a57ca05da073bef1154542bb7b9,C,1,Cerscospora/4 (874).jpg
images/222527ac4df95631eeef8cc74e6ee8fe18080de6530e8795f49a4bfca3c68775.jpg,222527ac4df95631eeef8cc74e6ee8fe18080de6530e8795f49a4bfca3c68775,B,1,Leaf rust/2 (763).jpg
images/222e6b673e5e4dd24f8c8050de8bb5a50ab9df72c12b93b2604c1de8e078edc9.jpg,222e6b673e5e4dd24f8c8050de8bb5a50ab9df72c12b93b2604c1de8e078edc9,E,1,Miner/1 (12665).jpg
images/2231d8634847fa864a2242839d28c16cd50718b797d37b57cd16d6b97733339f.jpg,2231d8634847fa864a2242839d28c16cd50718b797d37b57cd16d6b97733339f,D,1,Phoma/2 (297).jpg
images/223ef76c4c26bda737e178541599db3df8f2a0cdc8c7692878ff3dffade3ae68.jpg,223ef76c4c26bda737e178541599db3df8f2a0cdc8c7692878ff3dffade3ae68,D,1,Phoma/2 (559).jpg
images/22420a77e2f45864a0a5142aa889728c0cb8c398d4dc5878a942fbfba334753f.jpg,22420a77e2f45864a0a5142aa889728c0cb8c398d4dc5878a942fbfba334753f,B,1,Leaf rust/1 (88).jpg
images/2242e90041732a0137323588e1d56a49435b9b6ec9e7727b354fe7c242eb42f2.jpg,2242e90041732a0137323588e1d56a49435b9b6ec9e7727b354fe7c242eb42f2,B,1,Leaf rust/2 (717).jpg
images/229d93dbab8ebcca7fbb99452c305eba355ab66f4d20374aed2c8f2c184f9fc2.jpg,229d93dbab8ebcca7fbb99452c305eba355ab66f4d20374aed2c8f2c184f9fc2,E,1,Miner/1 (14130).jpg
images/22a394724833e248a7a68faca7aed20b601779f91ce82285e1d3dc7385299245.jpg,22a394724833e248a7a68faca7aed20b601779f91ce82285e1d3dc7385299245,B,1,Leaf rust/2 (929).jpg
images/22a9461874d093d4d6b60b60b1649cf4b6356d513fa7ebb6e41ee08209d3a045.jpg,22a9461874d093d4d6b60b60b1649cf4b6356d513fa7ebb6e41ee08209d3a045,D,1,Phoma/3 (1275).jpg
images/22b25f12b6ae3db770793aba5b84f84bc872e03c31509b4bd81ecbc13c245893.jpg,22b25f12b6ae3db770793aba5b84f84bc872e03c31509b4bd81ecbc13c245893,D,1,Phoma/3 (1010).jpg
images/22c8655fd939966903c5b68ecd33e481339745b0dc649ba88b495261e5b0c5ed.jpg,22c8655fd939966903c5b68ecd33e481339745b0dc649ba88b495261e5b0c5ed,E,1,Miner/1 (11123).jpg
images/22ea78280717fe1c56a1e82b70ec18420f58140953641dc45153c95f3b05ce19.jpg,22ea78280717fe1c56a1e82b70ec18420f58140953641dc45153c95f3b05ce19,E,1,Miner/1 (10348).jpg
images/2300a0da1b97476651dbf7b052196961a15d287c7636740f2fd9f1d6bc3fba8f.jpg,2300a0da1b97476651dbf7b052196961a15d287c7636740f2fd9f1d6bc3fba8f,D,1,Phoma/3 (1133).jpg
images/230262b506eec705cee1c480885b371f9ca9a2cfec56c5bffb0702d5ac4725c5.jpg,230262b506eec705cee1c480885b371f9ca9a2cfec56c5bffb0702d5ac4725c5,B,1,Leaf rust/2 (896).jpg
images/230acdfe1a4c77765a46336d10d806bc75b574220c63afbdee7292e35f9d59fe.jpg,230acdfe1a4c77765a46336d10d806bc75b574220c63afbdee7292e35f9d59fe,B,1,Leaf rust/2 (674).jpg
images/230fc40e813148de952d03d4ba8e4710d022fbda873d8eca23b936e51fa09e17.jpg,230fc40e813148de952d03d4ba8e4710d022fbda873d8eca23b936e51fa09e17,C,1,Cerscospora/7 (332).jpg
images/2312b1dd34afced59dde838010e42a937039ec9a63817ba254b37b675a4a49da.jpg,2312b1dd34afced59dde838010e42a937039ec9a63817ba254b37b675a4a49da,C,1,Cerscospora/7 (119).jpg
images/2325e339e2e454b9c1614e2d920e37c7ffc958251041153ba35a8bf90905c101.jpg,2325e339e2e454b9c1614e2d920e37c7ffc958251041153ba35a8bf90905c101,B,1,Leaf rust/1 (60).jpg
images/233cb0ae3330f60ab892dc6651d4219c191f3e033774ea99eb3e299c1e3f5df7.jpg,233cb0ae3330f60ab892dc6651d4219c191f3e033774ea99eb3e299c1e3f5df7,E,1,Miner/1 (10027).jpg
images/2342599bc2de0b03dfd5e2a9dc4fe814264bdcecbeecf4de44b7a0400bda2ce1.jpg,2342599bc2de0b03dfd5e2a9dc4fe814264bdcecbeecf4de44b7a0400bda2ce1,E,1,Miner/1 (14039).jpg
images/2362f46c4d5b4d0c32e5054cdeea6a6e03298ec78040e56be025c26bc46bcb93.jpg,2362f46c4d5b4d0c32e5054cdeea6a6e03298ec78040e56be025c26bc46bcb93,B,1,Leaf rust/1 (145).jpg
images/23675794ad2462a485b8e7bdadadc5c40104a4c44036394b90f0d9c52ff83e49.jpg,23675794ad2462a485b8e7bdadadc5c40104a4c44036394b90f0d9c52ff83e49,C,1,Cerscospora/8 (333).jpg
images/23689c54a823eedebc0bb8c38c314b2b68d9bc67a4da6f08a92573a66b98fec2.jpg,23689c54a823eedebc0bb8c38c314b2b68d9bc67a4da6f08a92573a66b98fec2,B,1,Leaf rust/1 (244).jpg
images/236e77cbcf03b20b39647a9ec7ea072e136d5b74a63b27770fa580bc272ac25e.jpg,236e77cbcf03b20b39647a9ec7ea072e136d5b74a63b27770fa580bc272ac25e,B,1,Leaf rust/2 (726).jpg
images/2375870b73fd8fbb954da34bc0723c331523cad9d4fb03caf7849c4eafcb6810.jpg,2375870b73fd8fbb954da34bc0723c331523cad9d4fb03caf7849c4eafcb6810,D,1,Phoma/1 (219).jpg
images/237e7a972fcf6168256fb2c0b7214c4df6b3dce4e81d82c8d0c0e9875624dc69.jpg,237e7a972fcf6168256fb2c0b7214c4df6b3dce4e81d82c8d0c0e9875624dc69,D,1,Phoma/1 (13).jpg
images/238aca5b102855be094ad66b340b587b0ca6fe16c9edc263e8b18d5a9177216e.jpg,238aca5b102855be094ad66b340b587b0ca6fe16c9edc263e8b18d5a9177216e,B,1,Leaf rust/1 (50).jpg
images/239474b0f9ffda07956ee87d6d7b4447437042120bb75244b695f78b3aa7f003.jpg,239474b0f9ffda07956ee87d6d7b4447437042120bb75244b695f78b3aa7f003,A,1,Healthy/1 (2859).jpg
images/23a2e226f4022da14dc92a38c36bc4e8e11428aa81f95a10222ec70e5ab82c02.jpg,23a2e226f4022da14dc92a38c36bc4e8e11428aa81f95a10222ec70e5ab82c02,E,1,Miner/1 (10230).jpg
images/23a47a036ae8fa31631ac789296e1b92d2ab0dbca75806ce4995cb9c78bf3adc.jpg,23a47a036ae8fa31631ac789296e1b92d2ab0dbca75806ce4995cb9c78bf3adc,B,1,Leaf rust/2 (596).jpg
images/23b67db85ffd69e01c18e27f95728ecfdf3085aec04ddaafac70aa96f35336b6.jpg,23b67db85ffd69e01c18e27f95728ecfdf3085aec04ddaafac70aa96f35336b6,B,1,Leaf rust/1 (413).jpg
images/23bf99c249edc602d660be52521d9bd2d72f8ce671a27e6f50a1784bcd8a00d2.jpg,23bf99c249edc602d660be52521d9bd2d72f8ce671a27e6f50a1784bcd8a00d2,D,1,Phoma/4 (145).jpg
images/23c25064943fabe225544dfa03cfecac2d9b08a553d68a90c474015198d34b81.jpg,23c25064943fabe225544dfa03cfecac2d9b08a553d68a90c474015198d34b81,E,1,Miner/1 (10018).jpg
images/23d471f148a9257e41f5ed0fe94b59350ab4f9e86a6e7c1a038a9dabb9305f7a.jpg,23d471f148a9257e41f5ed0fe94b59350ab4f9e86a6e7c1a038a9dabb9305f7a,E,1,Miner/1 (12862).jpg
images/23e6c87f8b6bac8c4fe4571551a95ca2d1d742085f71c7420b6c352cdd9b13d9.jpg,23e6c87f8b6bac8c4fe4571551a95ca2d1d742085f71c7420b6c352cdd9b13d9,E,1,Miner/1 (11977).jpg
images/23fbea58ab0bd7760c41c7d70ed356a3aba5db2f2e873c31ec7599ea5c8c6309.jpg,23fbea58ab0bd7760c41c7d70ed356a3aba5db2f2e873c31ec7599ea5c8c6309,B,1,Leaf rust/1 (187).jpg
images/24044ce8e2e48e58111bbd96d3efabaaa37abd23dbdd0f86d436092bd911b193.jpg,24044ce8e2e48e58111bbd96d3efabaaa37abd23dbdd0f86d436092bd911b193,B,1,Leaf rust/2 (659).jpg
images/2404c4bc440c795eabc35bc5e1dbc27307c5dbaae3ea0e1bb00cb176e4f4f9ec.jpg,2404c4bc440c795eabc35bc5e1dbc27307c5dbaae3ea0e1bb00cb176e4f4f9ec,E,1,Miner/1 (10418).jpg
images/24121082c2c4c38733033556429696142b23a4dcaa972dfbff0b5ca48db69c7a.jpg,24121082c2c4c38733033556429696142b23a4dcaa972dfbff0b5ca48db69c7a,E,1,Miner/1 (10430).jpg
images/24299e6f86888f5cbc6d3da0dc5884b5a39cb89864d1ca0edc0a827f96aa5b1a.jpg,24299e6f86888f5cbc6d3da0dc5884b5a39cb89864d1ca0edc0a827f96aa5b1a,B,1,Leaf rust/1 (470).jpg
images/24439ebfd2f00f8cc3c2af9852b7c0978c88873ca9bf522774ecf4e476183d59.jpg,24439ebfd2f00f8cc3c2af9852b7c0978c88873ca9bf522774ecf4e476183d59,C,1,Cerscospora/6 (120).jpg
images/2446e4fe0760a17fa5ea7afb308d00beac6930b1241097cec37558ed0f3fd291.jpg,2446e4fe0760a17fa5ea7afb308d00beac6930b1241097cec37558ed0f3fd291,E,1,Miner/1 (11099).jpg
images/24729f27697b79abddb3f6b787c1c6105da54aa916746e90d536575231f57fdc.jpg,24729f27697b79abddb3f6b787c1c6105da54aa916746e90d536575231f57fdc,E,1,Miner/1 (13872).jpg
images/247d08dcf2a5b55b88750348fde9558d3f2003690af55f963ba57e8fa9ca9783.jpg,247d08dcf2a5b55b88750348fde9558d3f2003690af55f963ba57e8fa9ca9783,D,1,Phoma/2 (469).jpg
images/247fc7f8768c892b4ea7c4d86cda4fe9dacf48ff286c4762708cc905ea1d462c.jpg,247fc7f8768c892b4ea7c4d86cda4fe9dacf48ff286c4762708cc905ea1d462c,E,1,Miner/1 (10358).jpg
images/2496f229e803b453045794d4cfdf0b0df342ec94ea8c55d79ab73f784b0669db.jpg,2496f229e803b453045794d4cfdf0b0df342ec94ea8c55d79ab73f784b0669db,E,1,Miner/1 (10003).jpg
images/249fe127d384b75d1078a70e215d397ad92d98c6305f98e2f9048ce38f104c05.jpg,249fe127d384b75d1078a70e215d397ad92d98c6305f98e2f9048ce38f104c05,E,1,Miner/1 (11715).jpg
images/24a4c0586cb465ed14ad099d997d595dcde512931089fb65900e3262c4a14d4c.jpg,24a4c0586cb465ed14ad099d997d595dcde512931089fb65900e3262c4a14d4c,E,1,Miner/1 (14084).jpg
images/24d1ca2b9a0956c20ca084c07316b38459a8880fa247e390a9458d4bb2b8d774.jpg,24d1ca2b9a0956c20ca084c07316b38459a8880fa247e390a9458d4bb2b8d774,E,1,Miner/1 (14966).jpg
images/24d489e0b3e0e879bdca521816d0e7a8eda84fd557d5a5226ab78c80e6d5f32b.jpg,24d489e0b3e0e879bdca521816d0e7a8eda84fd557d5a5226ab78c80e6d5f32b,B,1,Leaf rust/1 (272).jpg
images/25013c73ae97890a451e23645f26a49efd4a57509cbb6da9d763d9202ca7bbf7.jpg,25013c73ae97890a451e23645f26a49efd4a57509cbb6da9d763d9202ca7bbf7,D,1,Phoma/1 (370).jpg
images/2505827d1fbd9942922182ce05736e07cc55d1d4ba3bed30657c9be9e3a6ab1c.jpg,2505827d1fbd9942922182ce05736e07cc55d1d4ba3bed30657c9be9e3a6ab1c,E,1,Miner/1 (10068).jpg
images/2513aeca531a4471478e6bedd8fe51b59af375d8419ba0941b1128cc883aaca0.jpg,2513aeca531a4471478e6bedd8fe51b59af375d8419ba0941b1128cc883aaca0,B,1,Leaf rust/2 (1023).jpg
images/25197a03f7f2ce6405310f3f0c562900750050b1c406504f3243177ae9e0c66d.jpg,25197a03f7f2ce6405310f3f0c562900750050b1c406504f3243177ae9e0c66d,E,1,Miner/1 (14982).jpg
images/25231ccf8d2842325905d2ea4189deaba811579022efdd5f7059c57134739d34.jpg,25231ccf8d2842325905d2ea4189deaba811579022efdd5f7059c57134739d34,E,1,Miner/1 (10212).jpg
images/254ab014e24534378680dee800775af5c45ce794ff6afc0f9845a7c9933426c8.jpg,254ab014e24534378680dee800775af5c45ce794ff6afc0f9845a7c9933426c8,E,1,Miner/1 (13502).jpg
images/255ccc0c4d40a7fce07f895888256cec2bbd780db28a1ad2b8b1458e862540a6.jpg,255ccc0c4d40a7fce07f895888256cec2bbd780db28a1ad2b8b1458e862540a6,D,1,Phoma/2 (232).jpg
images/255daf45a689842d065a7a7273f9fd464908106957e6066b458c5a76b5115444.jpg,255daf45a689842d065a7a7273f9fd464908106957e6066b458c5a76b5115444,E,1,Miner/1 (11461).jpg
images/2578b15c98b8855bdb2a84ea750889df20653108e2dcfe6727b1c9a9c4d6aadd.jpg,2578b15c98b8855bdb2a84ea750889df20653108e2dcfe6727b1c9a9c4d6aadd,C,1,Cerscospora/6 (671).jpg
images/257c3992500ae6f2dadad55c1368ba139da72569f4fe32659c50ff52a3766ce1.jpg,257c3992500ae6f2dadad55c1368ba139da72569f4fe32659c50ff52a3766ce1,C,1,Cerscospora/7 (217).jpg
images/257d40fdf6aae925d2d1af5e9b6e7999bbb34ac982187eaeb4af7cbe9e0fb68c.jpg,257d40fdf6aae925d2d1af5e9b6e7999bbb34ac982187eaeb4af7cbe9e0fb68c,E,1,Miner/1 (11094).jpg
images/258d8a6660a37208704c25ea20cc98545c0755fcf04c198c9bd9b7abf8b4abd7.jpg,258d8a6660a37208704c25ea20cc98545c0755fcf04c198c9bd9b7abf8b4abd7,E,1,Miner/1 (15759).jpg
images/258ddeadd698414c75857f311c82bbea149ed08d08609d69d70f305ee628f5e1.jpg,258ddeadd698414c75857f311c82bbea149ed08d08609d69d70f305ee628f5e1,D,1,Phoma/1 (565).jpg
images/259c4c0be40989c7c98d70a3e17903e9e00a884230e2b0f7391c31e2ebd8004f.jpg,259c4c0be40989c7c98d70a3e17903e9e00a884230e2b0f7391c31e2ebd8004f,E,1,Miner/1 (12184).jpg
images/25e97db2b85022569ed8b78aea4d8bb941d1efc236a37027b58622d97e45e09b.jpg,25e97db2b85022569ed8b78aea4d8bb941d1efc236a37027b58622d97e45e09b,C,1,Cerscospora/6 (699).jpg
images/262b32882095a5437d0eaba766362802cfae1eeecbe0da636f4389c4eb5dd701.jpg,262b32882095a5437d0eaba766362802cfae1eeecbe0da636f4389c4eb5dd701,D,1,Phoma/4 (103).jpg
images/263a31dd83fefe2c867d66ec9230e61847d8b7c073334ab6b1a562f9940a2c85.jpg,263a31dd83fefe2c867d66ec9230e61847d8b7c073334ab6b1a562f9940a2c85,B,1,Leaf rust/2 (785).jpg
images/264deec427b252197b7f96aec31078bb2a8171b9ad6ff7a19644c44e92eaaa53.jpg,264deec427b252197b7f96aec31078bb2a8171b9ad6ff7a19644c44e92eaaa53,E,1,Miner/1 (14327).jpg
images/265c859957077276cfb5ad653d162c78b7d35431460d4543d143f7bc0c337acb.jpg,265c859957077276cfb5ad653d162c78b7d35431460d4543d143f7bc0c337acb,B,1,Leaf rust/1 (328).jpg
images/26665fcc42f515292abfcc631113c48614125ddd39dff67adb06f0d8cca2f02f.jpg,26665fcc42f515292abfcc631113c48614125ddd39dff67adb06f0d8cca2f02f,D,1,Phoma/2 (101).jpg
images/266be75f81372c2f82bb67ae32ee7c098bcae9a02369512cb0c878f88ff5ac02.jpg,266be75f81372c2f82bb67ae32ee7c098bcae9a02369512cb0c878f88ff5ac02,B,1,Leaf rust/1 (322).jpg
images/2673a0bab5f906a918f31f8dbe6f69064d6fcf83111ffc2e3c311c27dc1fa435.jpg,2673a0bab5f906a918f31f8dbe6f69064d6fcf83111ffc2e3c311c27dc1fa435,E,1,Miner/1 (11217).jpg
images/2678bbb3a8b503a0ad95678cce867d30e0875a34e545ad19c1ab26af6c201989.jpg,2678bbb3a8b503a0ad95678cce867d30e0875a34e545ad19c1ab26af6c201989,B,1,Leaf rust/2 (733).jpg
images/2680186bb70149991899ee0e22e1fc4087dca5eb8b4d1049fd5b248c579673c8.jpg,2680186bb70149991899ee0e22e1fc4087dca5eb8b4d1049fd5b248c579673c8,E,1,Miner/1 (15201).jpg
images/2686506f58381447592f32bda5832b1bcb678a093431bef6b5545f0ad374f5c8.jpg,2686506f58381447592f32bda5832b1bcb678a093431bef6b5545f0ad374f5c8,E,1,Miner/1 (11457).jpg
images/2690fe0477514d4ce4565f2c72a6e54510258643f8fc273cc2a94d421f7c3cb8.jpg,2690fe0477514d4ce4565f2c72a6e54510258643f8fc273cc2a94d421f7c3cb8,C,1,Cerscospora/7 (215).jpg
images/269ed9bc781f18c3217692a00c9312d46a77b416582c3d90404939ddd97453a8.jpg,269ed9bc781f18c3217692a00c9312d46a77b416582c3d90404939ddd97453a8,B,1,Leaf rust/2 (1024).jpg
images/26accf2cbbfebf0a26781a1090fefd621cbfffff651fe7bfcb01d4656c4bfe36.jpg,26accf2cbbfebf0a26781a1090fefd621cbfffff651fe7bfcb01d4656c4bfe36,E,1,Miner/1 (12699).jpg
images/26b86e31f480ea7af40a95cc94f70546865259822db56dcca15ee71328080486.jpg,26b86e31f480ea7af40a95cc94f70546865259822db56dcca15ee71328080486,B,1,Leaf rust/1 (303).jpg
images/26d3c349b36275032f4a43b386c13d022aaf3d09bfde3798982980e3759b1132.jpg,26d3c349b36275032f4a43b386c13d022aaf3d09bfde3798982980e3759b1132,C,1,Cerscospora/7 (404).jpg
images/26d892af7dd613bd628d2c0cc8911a852f2ba10bdd76dd6c1d5b8719570893c1.jpg,26d892af7dd613bd628d2c0cc8911a852f2ba10bdd76dd6c1d5b8719570893c1,A,1,Healthy/1 (1007).jpg
images/26f04791b884d17e0115053503d42a3796ce34b51318713521523d52eaa8f401.jpg,26f04791b884d17e0115053503d42a3796ce34b51318713521523d52eaa8f401,D,1,Phoma/3 (1387).jpg
images/27021756e8fc9a44e6cca6e61090d6b68f8c07c8861e423d07561216fe39c20e.jpg,27021756e8fc9a44e6cca6e61090d6b68f8c07c8861e423d07561216fe39c20e,B,1,Leaf rust/1 (290).jpg
images/2723c6449bb53667e5232b309593e05e51a342128c6feee1466833f230c866c9.jpg,2723c6449bb53667e5232b309593e05e51a342128c6feee1466833f230c866c9,E,1,Miner/1 (14203).jpg
images/272ad1bf73b377f62647aa91ac7bc0bde576abe6b3b5348ec43fe7e33c40df4f.jpg,272ad1bf73b377f62647aa91ac7bc0bde576abe6b3b5348ec43fe7e33c40df4f,E,1,Miner/1 (14334).jpg
images/273bcd7d84bf86e83b4f61b1bac1f98056cb12d99b470a37d59c4af9f4575d36.jpg,273bcd7d84bf86e83b4f61b1bac1f98056cb12d99b470a37d59c4af9f4575d36,E,1,Miner/1 (11896).jpg
images/273c236aff81180098e86662016c53d075da46f47d1c5b6e516a55541e736555.jpg,273c236aff81180098e86662016c53d075da46f47d1c5b6e516a55541e736555,E,1,Miner/1 (10200).jpg
images/2742227926347906eea0b17e07adc90ca0c956fdf3f43ba6a4051a0236d009d6.jpg,2742227926347906eea0b17e07adc90ca0c956fdf3f43ba6a4051a0236d009d6,B,1,Leaf rust/2 (789).jpg
images/2750ea112ca185bea0ddc7dcdd47b702092d5b4374f8b37d8ec32bdb3c6a5aed.jpg,2750ea112ca185bea0ddc7dcdd47b702092d5b4374f8b37d8ec32bdb3c6a5aed,B,1,Leaf rust/1 (337).jpg
images/275cfa6630669e48f4cf737257607e0c12df09ec18f08bc37c69832a29d82319.jpg,275cfa6630669e48f4cf737257607e0c12df09ec18f08bc37c69832a29d82319,E,1,Miner/1 (15823).jpg
images/27760d53505be5f75b088aab0ce16c6c44cea770479caf8dff867bd5914df2b7.jpg,27760d53505be5f75b088aab0ce16c6c44cea770479caf8dff867bd5914df2b7,D,1,Phoma/1 (527).jpg
images/277c521954a2f439fe1cbe18148b54cd5fa8d2b154947d4532960abbc17b1925.jpg,277c521954a2f439fe1cbe18148b54cd5fa8d2b154947d4532960abbc17b1925,B,1,Leaf rust/2 (632).jpg
images/278d6d922957b200ca2f90bc5e07373edffee46dc7e0be11a3e62dfbca42ad42.jpg,278d6d922957b200ca2f90bc5e07373edffee46dc7e0be11a3e62dfbca42ad42,E,1,Miner/1 (15766).jpg
images/279108a4ad9ce17f213d8f17f7ce60d3cbab35c6666f84078caf36213d3c1ac7.jpg,279108a4ad9ce17f213d8f17f7ce60d3cbab35c6666f84078caf36213d3c1ac7,E,1,Miner/1 (12797).jpg
images/27a68050cd480cc8cb8ca5a35b8789c03c8bb24b020b44cde24fbe8269dcc404.jpg,27a68050cd480cc8cb8ca5a35b8789c03c8bb24b020b44cde24fbe8269dcc404,E,1,Miner/1 (13637).jpg
images/27b13826e77f313f43d0f16a8381bc4897b8d6c47016c63f7ebdcfde5c13100e.jpg,27b13826e77f313f43d0f16a8381bc4897b8d6c47016c63f7ebdcfde5c13100e,B,1,Leaf rust/2 (762).jpg
images/2820503948470fa49d423754dd2d2309d92c799f4343d9b09c97e8518614a6a8.jpg,2820503948470fa49d423754dd2d2309d92c799f4343d9b09c97e8518614a6a8,E,1,Miner/1 (12869).jpg
images/283511b324c0ebbc2e8a3fbb52a37595c6cd0ef21d4489770a0f83a2ed4d31a1.jpg,283511b324c0ebbc2e8a3fbb52a37595c6cd0ef21d4489770a0f83a2ed4d31a1,E,1,Miner/1 (12035).jpg
images/2839428a231240bd53d22036814ca2adaa4773a5445d5a776385eaca48b87c2a.jpg,2839428a231240bd53d22036814ca2adaa4773a5445d5a776385eaca48b87c2a,D,1,Phoma/4 (373).jpg
images/284a36f43a93d5fb4484c21b7b457e5c090a8ac699829da0f97cb775cfabc015.jpg,284a36f43a93d5fb4484c21b7b457e5c090a8ac699829da0f97cb775cfabc015,B,1,Leaf rust/2 (714).jpg
images/285d5345cdf6939a97ee1c7a21b19a541d8ca4384aaf36a7104ac8c9fe0d5dac.jpg,285d5345cdf6939a97ee1c7a21b19a541d8ca4384aaf36a7104ac8c9fe0d5dac,E,1,Miner/1 (14246).jpg
images/286feb98a464ea3b2119cec8a8a37b8641ed3de1da81baefb69b7160041e688f.jpg,286feb98a464ea3b2119cec8a8a37b8641ed3de1da81baefb69b7160041e688f,A,1,Healthy/1 (2861).jpg
images/2878dc6c7431e59c782a176a6c98a2eb4ceb13eda61b6de2c2aeb26a12b52184.jpg,2878dc6c7431e59c782a176a6c98a2eb4ceb13eda61b6de2c2aeb26a12b52184,E,1,Miner/1 (14642).jpg
images/28917c3f23b1e612fdbe0c08e65913b3a2f78ea909dc62f35e6968ee27da6cbb.jpg,28917c3f23b1e612fdbe0c08e65913b3a2f78ea909dc62f35e6968ee27da6cbb,B,1,Leaf rust/1 (4).jpeg
images/28a0500732cdb869df88c83859af7fd83fa4fa804fed1224a1b8e06b176cf203.jpg,28a0500732cdb869df88c83859af7fd83fa4fa804fed1224a1b8e06b176cf203,D,1,Phoma/1 (330).jpg
images/28a36d5ccf69d8b9c5b189a6a3bd193f066c30805305b9c81b65e6cb6f505445.jpg,28a36d5ccf69d8b9c5b189a6a3bd193f066c30805305b9c81b65e6cb6f505445,E,1,Miner/1 (14710).jpg
images/28b3a469780004fffca0c145c580951601c6d0b700c216330e9183c9d95bec44.jpg,28b3a469780004fffca0c145c580951601c6d0b700c216330e9183c9d95bec44,E,1,Miner/1 (13643).jpg
images/28b8b78022ff4f79e0b87109e24b241b1129c33075cd70e2fe2693535460342c.jpg,28b8b78022ff4f79e0b87109e24b241b1129c33075cd70e2fe2693535460342c,B,1,Leaf rust/2 (984).jpg
images/28c582533384654eb703d37f72f2f99ef87b0b98ff97d625d772d424a6848773.jpg,28c582533384654eb703d37f72f2f99ef87b0b98ff97d625d772d424a6848773,B,1,Leaf rust/1 (299).jpg
images/28cc8ff0662f318cffa13548e2924afb7a366f568a9d33ff6477db861fe22ac2.jpg,28cc8ff0662f318cffa13548e2924afb7a366f568a9d33ff6477db861fe22ac2,B,1,Leaf rust/2 (1004).jpg
images/28cfedb5b821619f29911d39ff0c52bb020510c24b114af0d777dafb31517b37.jpg,28cfedb5b821619f29911d39ff0c52bb020510c24b114af0d777dafb31517b37,D,1,Phoma/2 (153).jpg
images/28d45ceeca0cc4e0d2508e02cbeb51c55ebe72e92d7407bf9f7912c0beeae68e.jpg,28d45ceeca0cc4e0d2508e02cbeb51c55ebe72e92d7407bf9f7912c0beeae68e,D,1,Phoma/3 (1671).jpg
images/28e1b022e3cc28f79eb12b4cbdf3a1dbb6dc58baa53d2485676a1ef82f13975e.jpg,28e1b022e3cc28f79eb12b4cbdf3a1dbb6dc58baa53d2485676a1ef82f13975e,D,1,Phoma/2 (14).jpg
images/28ee14da5a32db7341d781f8545761aa21db98783fe9f8ec8c61366ba7884f27.jpg,28ee14da5a32db7341d781f8545761aa21db98783fe9f8ec8c61366ba7884f27,E,1,Miner/1 (14309).jpg
images/28fd975fa038922dfc8763f049c8b915a3952c8ed0ec2a13fbe249b3ee313c5a.jpg,28fd975fa038922dfc8763f049c8b915a3952c8ed0ec2a13fbe249b3ee313c5a,D,1,Phoma/2 (672).jpg
images/2917ff75b2b8b5822fcd79f91c9e4876b0739f4d51b3f23cb900b99a6154b22a.jpg,2917ff75b2b8b5822fcd79f91c9e4876b0739f4d51b3f23cb900b99a6154b22a,D,1,Phoma/1 (296).jpg
images/291b06685bd069aee864cf98a4dbba90c1f034340f45dd1891b9cebbe32451eb.jpg,291b06685bd069aee864cf98a4dbba90c1f034340f45dd1891b9cebbe32451eb,D,1,Phoma/2 (810).jpg
images/2945a0d451b9265f5ba8460d4cab9c5c6045485332c79a70f18907ca3d10a32f.jpg,2945a0d451b9265f5ba8460d4cab9c5c6045485332c79a70f18907ca3d10a32f,E,1,Miner/1 (10017).jpg
images/2947b4e5ceb8ed1c3a45fd2b489de18633cb3bdb946deda70401a1ba58c13964.jpg,2947b4e5ceb8ed1c3a45fd2b489de18633cb3bdb946deda70401a1ba58c13964,D,1,Phoma/3 (1096).jpg
images/2972d65fcfd978a19141451bda56dfbc012a534a33f1460f151d2bcc9e8edee7.jpg,2972d65fcfd978a19141451bda56dfbc012a534a33f1460f151d2bcc9e8edee7,D,1,Phoma/4 (392).jpg
images/2992ae128984dd3de109efaca8194cd33ab639176978f08fe228087cc3e7df87.jpg,2992ae128984dd3de109efaca8194cd33ab639176978f08fe228087cc3e7df87,E,1,Miner/1 (15685).jpg
images/2999ebd8d96d6371a69ce1005fea177222a5c870845c9fd6e53d185f70130489.jpg,2999ebd8d96d6371a69ce1005fea177222a5c870845c9fd6e53d185f70130489,B,1,Leaf rust/1 (166).jpg
images/299c6451239125dacb9a0c2fd07f17ae71105964965375a32129e91d0d3142ec.jpg,299c6451239125dacb9a0c2fd07f17ae71105964965375a32129e91d0d3142ec,C,1,Cerscospora/4 (479).jpg
images/29aff254792185fd341b07a0ad33a6021457ff5471f71f7ebb702f601bb939ab.jpg,29aff254792185fd341b07a0ad33a6021457ff5471f71f7ebb702f601bb939ab,B,1,Leaf rust/1 (184).jpg
images/29b0db5db91d38324754089a9cbb0d8a23819f010c77dca6fafbcc802985539c.jpg,29b0db5db91d38324754089a9cbb0d8a23819f010c77dca6fafbcc802985539c,B,1,Leaf rust/1 (439).jpg
images/29d750543b58fb7393a893a5a390022d4a8cad7eb68d77d15354a4382086fdcb.jpg,29d750543b58fb7393a893a5a390022d4a8cad7eb68d77d15354a4382086fdcb,D,1,Phoma/2 (560).jpg
images/29e0dc69fa362e585814ffe3ddcd0222016251512c4470e29feafc228a1d00af.jpg,29e0dc69fa362e585814ffe3ddcd0222016251512c4470e29feafc228a1d00af,D,1,Phoma/4 (133).jpg
images/2a024a6d3787cfc2215497d0fdc8ffd09c9a0e88b1e5d7ed1a860a32e37258dd.jpg,2a024a6d3787cfc2215497d0fdc8ffd09c9a0e88b1e5d7ed1a860a32e37258dd,E,1,Miner/1 (12123).jpg
images/2a07d608e54d280c083746b526348c3c973ea6e4535895d686dfa14ebd86b104.jpg,2a07d608e54d280c083746b526348c3c973ea6e4535895d686dfa14ebd86b104,D,1,Phoma/1 (16).jpg
images/2a2c1c55ef60e14b2d65454036136a4514bb3f3072066edbda7de0527f4a8f83.jpg,2a2c1c55ef60e14b2d65454036136a4514bb3f3072066edbda7de0527f4a8f83,B,1,Leaf rust/2 (773).jpg
images/2a2e949b788f144ff3d59da2d8691eb8a9e5dac98715efb5eb74179dbec8e09c.jpg,2a2e949b788f144ff3d59da2d8691eb8a9e5dac98715efb5eb74179dbec8e09c,B,1,Leaf rust/1 (266).jpg
images/2a4ba483c315df7d9949c7cf3604b4f57d2574cce80adbbdea3a3b7d8ef20f10.jpg,2a4ba483c315df7d9949c7cf3604b4f57d2574cce80adbbdea3a3b7d8ef20f10,B,1,Leaf rust/1 (77).jpg
images/2a5f0fd855b76057a0c25d9b977e7e0f72f2cacf9245107c4435c32e49ef95b4.jpg,2a5f0fd855b76057a0c25d9b977e7e0f72f2cacf9245107c4435c32e49ef95b4,E,1,Miner/1 (15879).jpg
images/2a6280de1cc56f78fe2f372a44ce7aefce03a0f195c9fec64707d424400f2433.jpg,2a6280de1cc56f78fe2f372a44ce7aefce03a0f195c9fec64707d424400f2433,E,1,Miner/1 (12540).jpg
images/2a71a37b857c2f294ae96d5e32048451b9b9a91be2f51f013350a918cfc7ae02.jpg,2a71a37b857c2f294ae96d5e32048451b9b9a91be2f51f013350a918cfc7ae02,D,1,Phoma/1 (551).jpg
images/2a8325a54f2df012be2b0f19b3b49020f7e194314cb70b94591c0be7d98f6658.jpg,2a8325a54f2df012be2b0f19b3b49020f7e194314cb70b94591c0be7d98f6658,E,1,Miner/1 (13948).jpg
images/2a8df477b2cb32173d1c4ece3038fe29ba13cccf5a9bfc017701793ec6c04b53.jpg,2a8df477b2cb32173d1c4ece3038fe29ba13cccf5a9bfc017701793ec6c04b53,D,1,Phoma/3 (923).jpg
images/2abae867169a4a80401f776743d1edd7bb3092f1bc3a99e1f03d698e4fa38387.jpg,2abae867169a4a80401f776743d1edd7bb3092f1bc3a99e1f03d698e4fa38387,E,1,Miner/1 (15681).jpg
images/2abbc7f50094572328c334dd2e06e081ca0ab9bcc63480393210c6bb1a7fdb2b.jpg,2abbc7f50094572328c334dd2e06e081ca0ab9bcc63480393210c6bb1a7fdb2b,E,1,Miner/1 (15621).jpg
images/2ac3891b3cf7b2d810baa301916197d20df3ddf68abe9561d94e81035edb3c1e.jpg,2ac3891b3cf7b2d810baa301916197d20df3ddf68abe9561d94e81035edb3c1e,B,1,Leaf rust/2 (749).jpg
images/2adadc4a14af12f7b34f9c45a4c41eab652e3baf19b6f0257c181deaf2ad7abd.jpg,2adadc4a14af12f7b34f9c45a4c41eab652e3baf19b6f0257c181deaf2ad7abd,D,1,Phoma/3 (1468).jpg
images/2adc5b1bcc4009217fdf6655338c1da50877ab3edb0c7b8c7c1d2ad2e53b4736.jpg,2adc5b1bcc4009217fdf6655338c1da50877ab3edb0c7b8c7c1d2ad2e53b4736,E,1,Miner/1 (11517).jpg
images/2adcd69d2907ffaf51849838373d85a09e8411edb92a607c5e378803d5b7933d.jpg,2adcd69d2907ffaf51849838373d85a09e8411edb92a607c5e378803d5b7933d,E,1,Miner/1 (10241).jpg
images/2ae425a2d5a44b25d4451a7adbf33a45451445b267b750ca58963bd48761fd1c.jpg,2ae425a2d5a44b25d4451a7adbf33a45451445b267b750ca58963bd48761fd1c,E,1,Miner/1 (14093).jpg
images/2af0c024488320f6aa7d17afe26c4d972148284980e9cf38907687738f68d282.jpg,2af0c024488320f6aa7d17afe26c4d972148284980e9cf38907687738f68d282,D,1,Phoma/2 (398).jpg
images/2af8f603b7b1dc7b8c168ed9902d90621ce35e0aa31f1b3a735f926a4eea0ddb.jpg,2af8f603b7b1dc7b8c168ed9902d90621ce35e0aa31f1b3a735f926a4eea0ddb,E,1,Miner/1 (10204).jpg
images/2afad5e25c86abbed50a4c99980b863afab43de0f2e08b754387e66740b85721.jpg,2afad5e25c86abbed50a4c99980b863afab43de0f2e08b754387e66740b85721,D,1,Phoma/3 (1284).jpg
images/2b254da22327380c11d0a0b82c67d880ac83eef493d5e22b407394522b37b82b.jpg,2b254da22327380c11d0a0b82c67d880ac83eef493d5e22b407394522b37b82b,B,1,Leaf rust/1 (458).jpg
images/2b3dddec63bac7c885aac44b813a3274250e4ff3672af8124be08a586b14fd30.jpg,2b3dddec63bac7c885aac44b813a3274250e4ff3672af8124be08a586b14fd30,D,1,Phoma/2 (379).jpg
images/2b4dd603d8ce8373853d970780d5d91d0dc2885b4a37500e1c92b1340bafa594.jpg,2b4dd603d8ce8373853d970780d5d91d0dc2885b4a37500e1c92b1340bafa594,C,1,Cerscospora/4 (102).jpg
images/2b660428ee8ca63828e1d8950619ffdd345addeedc91728a170c207b30c35bbc.jpg,2b660428ee8ca63828e1d8950619ffdd345addeedc91728a170c207b30c35bbc,B,1,Leaf rust/1 (46).jpg
images/2b6e42ac15193bc6e732692314ae6f1689a9f2e094f7164ec34ef185a87b9820.jpg,2b6e42ac15193bc6e732692314ae6f1689a9f2e094f7164ec34ef185a87b9820,C,1,Cerscospora/4 (597).jpg
images/2b718e4dd7b984f0e3b8627ec18c811dfa107423467375e0449b2571854413ee.jpg,2b718e4dd7b984f0e3b8627ec18c811dfa107423467375e0449b2571854413ee,E,1,Miner/1 (13984).jpg
images/2b83ba305b833a3737d500ff6c66725486ea8de59d2238f189abda649b835055.jpg,2b83ba305b833a3737d500ff6c66725486ea8de59d2238f189abda649b835055,B,1,Leaf rust/1 (3).jpg
images/2b96b135bc00e9283989a4ec07d6a77eff67f267c4b67bca176dbb5b0207e82b.jpg,2b96b135bc00e9283989a4ec07d6a77eff67f267c4b67bca176dbb5b0207e82b,E,1,Miner/1 (10317).jpg
images/2bb41f0a585ffe6a9b3bb3d7d8c7b7d4eb8c0dc5a076e79d1fc061941fa58e8f.jpg,2bb41f0a585ffe6a9b3bb3d7d8c7b7d4eb8c0dc5a076e79d1fc061941fa58e8f,B,1,Leaf rust/2 (680).jpg
images/2bcaaec6d0377639471c0c36ec6b2182cf10e76aea8c74468452320755aaeb38.jpg,2bcaaec6d0377639471c0c36ec6b2182cf10e76aea8c74468452320755aaeb38,E,1,Miner/1 (10040).jpg
images/2be40168038ae2246af390422b2c9d20863dfe0f81e7b0ee01acaf4109b60b77.jpg,2be40168038ae2246af390422b2c9d20863dfe0f81e7b0ee01acaf4109b60b77,D,1,Phoma/2 (647).jpg
images/2be73ee47289e2b64c1d8e9ff9c4e6ed2ab10d508708928caee32fc7135dd179.jpg,2be73ee47289e2b64c1d8e9ff9c4e6ed2ab10d508708928caee32fc7135dd179,E,1,Miner/1 (10367).jpg
images/2bf4bd466380e937ff8ff1ce37fdcd57b761828113a806bef422a59a4f51b87e.jpg,2bf4bd466380e937ff8ff1ce37fdcd57b761828113a806bef422a59a4f51b87e,E,1,Miner/1 (13493).jpg
images/2bfd5fb95483b6218765f070ef225e2cf140c2f1b6ccfee845d22aead004bd41.jpg,2bfd5fb95483b6218765f070ef225e2cf140c2f1b6ccfee845d22aead004bd41,B,1,Leaf rust/2 (545).jpg
images/2c0850955229dbad8aa4a1c179b14f028d1365d91db1ef77d97fb5b185e0f3a8.jpg,2c0850955229dbad8aa4a1c179b14f028d1365d91db1ef77d97fb5b185e0f3a8,D,1,Phoma/4 (330).jpg
images/2c13396fe11bfdabaa908bade8c5f32dddba2641b61e5899bbe48dc30dc49b33.jpg,2c13396fe11bfdabaa908bade8c5f32dddba2641b61e5899bbe48dc30dc49b33,B,1,Leaf rust/1 (268).jpg
images/2c15413afcb5b90ea729c78786de46ec6190712d7ac0d5f0097ee123bf24b21f.jpg,2c15413afcb5b90ea729c78786de46ec6190712d7ac0d5f0097ee123bf24b21f,E,1,Miner/1 (14660).jpg
images/2c288375f22ae7ae79a542ad30772981652a8ef19b241050f4dead4ae36cd5b7.jpg,2c288375f22ae7ae79a542ad30772981652a8ef19b241050f4dead4ae36cd5b7,D,1,Phoma/1 (294).jpg
images/2c2da64e1b4729fd4bce1f0837409ee8b48a8954a2d50fb77847434f5fbfd5d4.jpg,2c2da64e1b4729fd4bce1f0837409ee8b48a8954a2d50fb77847434f5fbfd5d4,E,1,Miner/1 (14042).jpg
images/2c3700c23c2ddc2219362e59083eda798da25d8956ad3c57d033106aef45229c.jpg,2c3700c23c2ddc2219362e59083eda798da25d8956ad3c57d033106aef45229c,D,1,Phoma/3 (1258).jpg
images/2c42e54f9694d666c35612918e4aa2943b5eafda3e7217ba442988d739325884.jpg,2c42e54f9694d666c35612918e4aa2943b5eafda3e7217ba442988d739325884,B,1,Leaf rust/1 (317).jpg
images/2c575d5c345a139a584f087dbf4ab9d9b7e2bdb2a26a8820661c201d17d81e82.jpg,2c575d5c345a139a584f087dbf4ab9d9b7e2bdb2a26a8820661c201d17d81e82,E,1,Miner/1 (12727).jpg
images/2c6b6cbdbda19786c32462a0d5f61215112960b09954d931febc591999ca119a.jpg,2c6b6cbdbda19786c32462a0d5f61215112960b09954d931febc591999ca119a,D,1,Phoma/1 (382).jpg
images/2c7a40c48b89c60b172efa4127ae433d786c4295358e1a05aac8f8b8c76e55e0.jpg,2c7a40c48b89c60b172efa4127ae433d786c4295358e1a05aac8f8b8c76e55e0,B,1,Leaf rust/2 (660).jpg
images/2ca406bd057c78f3f3dea0e3aec7a1326069821d549ec5eab755d88bdad9cfb7.jpg,2ca406bd057c78f3f3dea0e3aec7a1326069821d549ec5eab755d88bdad9cfb7,E,1,Miner/1 (14975).jpg
images/2cd2786d4912d8a5f20eda2f422b0ce4db50c733ebcac64ef7e0a1e114e66b9c.jpg,2cd2786d4912d8a5f20eda2f422b0ce4db50c733ebcac64ef7e0a1e114e66b9c,E,1,Miner/1 (15251).jpg
images/2d39471642f5831b31bd9eda416a9213b735f3f61988e211a89ba8a5ec8f6a39.jpg,2d39471642f5831b31bd9eda416a9213b735f3f61988e211a89ba8a5ec8f6a39,D,1,Phoma/3 (1043).jpg
images/2d3a7a14c32ecfbf5bed75967c645d0aa25e829bb11ae8af7af60e09e855a6db.jpg,2d3a7a14c32ecfbf5bed75967c645d0aa25e829bb11ae8af7af60e09e855a6db,E,1,Miner/1 (10081).jpg
images/2d474ed52bba4c604dce3333ad08fd40d32bc531686c6431e94c0d93f564e954.jpg,2d474ed52bba4c604dce3333ad08fd40d32bc531686c6431e94c0d93f564e954,B,1,Leaf rust/2 (862).jpg
images/2d4c4dfdb5d5baf74599d0aa31d011bff4ca599d9f0de84b9aca5aa5f8e6b719.jpg,2d4c4dfdb5d5baf74599d0aa31d011bff4ca599d9f0de84b9aca5aa5f8e6b719,B,1,Leaf rust/1 (185).jpg
images/2d54e28ed183113b6fba34bb1ad73543bd0c97b56ecccda81b783ab998b0cb3d.jpg,2d54e28ed183113b6fba34bb1ad73543bd0c97b56ecccda81b783ab998b0cb3d,C,1,Cerscospora/6 (603).jpg
images/2d564cc7cd5b29a5a1a505b93b053e1990b0e40340cf8b62aed58eae58874215.jpg,2d564cc7cd5b29a5a1a505b93b053e1990b0e40340cf8b62aed58eae58874215,E,1,Miner/1 (14011).jpg
images/2d618a56d64e0e530aebbc820ffecbcf148d41aa8b0b8b8e5fec1b720c0c2bfa.jpg,2d618a56d64e0e530aebbc820ffecbcf148d41aa8b0b8b8e5fec1b720c0c2bfa,B,1,Leaf rust/2 (580).jpg
images/2d7bb6296a3d5c68d1e6a1fe56478b8c2bf0e5a357fd211237a72f191f5306c6.jpg,2d7bb6296a3d5c68d1e6a1fe56478b8c2bf0e5a357fd211237a72f191f5306c6,E,1,Miner/1 (15812).jpg
images/2d7fed491e6e0b55b21d06fc0ea54412e42d07be3a84b7cee35c9edeee4ffa59.jpg,2d7fed491e6e0b55b21d06fc0ea54412e42d07be3a84b7cee35c9edeee4ffa59,D,1,Phoma/4 (184).jpg
images/2d86df74c4266472bf6d5b5b304cd44489769833d81cca40689027b6f61e2cce.jpg,2d86df74c4266472bf6d5b5b304cd44489769833d81cca40689027b6f61e2cce,E,1,Miner/1 (15206).jpg
images/2d96ba11eca1210ae3eeec52980c8ecd8a6f879ef92323e03d2e2e517f821edf.jpg,2d96ba11eca1210ae3eeec52980c8ecd8a6f879ef92323e03d2e2e517f821edf,B,1,Leaf rust/1 (267).jpg
images/2dc2d87171d516809b53ec4202951d98e46cff46f747fb3fac701c0913be2326.jpg,2dc2d87171d516809b53ec4202951d98e46cff46f747fb3fac701c0913be2326,E,1,Miner/1 (15344).jpg
images/2dff10dfb5c23c7562690743f65368ab419f43ff99db4c265a8bbe31fd94e41a.jpg,2dff10dfb5c23c7562690743f65368ab419f43ff99db4c265a8bbe31fd94e41a,B,1,Leaf rust/2 (670).jpg
images/2e30742ab64ffcaebc8d0cbb8fc812bc9590d1d2e591b0607d1c4b05cbff8f39.jpg,2e30742ab64ffcaebc8d0cbb8fc812bc9590d1d2e591b0607d1c4b05cbff8f39,B,1,Leaf rust/1 (45).jpg
images/2e3abb1418aa9cb46b6247df617b11ccb91d11abbf0c3ba8b93551d891cbebf1.jpg,2e3abb1418aa9cb46b6247df617b11ccb91d11abbf0c3ba8b93551d891cbebf1,E,1,Miner/1 (14999).jpg
images/2e3c4807e8e1d767e85295595136e5d40411024f75d092c10b334acc014f8f0b.jpg,2e3c4807e8e1d767e85295595136e5d40411024f75d092c10b334acc014f8f0b,E,1,Miner/1 (12542).jpg
images/2e498dad3acb77519d051e02db1888009a1f655215d0a4669625ca67c5deedcd.jpg,2e498dad3acb77519d051e02db1888009a1f655215d0a4669625ca67c5deedcd,E,1,Miner/1 (11118).jpg
images/2e4c86ea9bfcf7fc50a7cf928a56aac131bb65f59afbbc6a464cbc66fa76108f.jpg,2e4c86ea9bfcf7fc50a7cf928a56aac131bb65f59afbbc6a464cbc66fa76108f,E,1,Miner/1 (15368).jpg
images/2e5362f35a897fe0196462a3c7e5b55914b42a340fc4f71284d0f3f544466de0.jpg,2e5362f35a897fe0196462a3c7e5b55914b42a340fc4f71284d0f3f544466de0,C,1,Cerscospora/8 (214).jpg
images/2e6980160068b6fc21f3393a750e65cfaae2cfc8cfac6690480166a9155c83ee.jpg,2e6980160068b6fc21f3393a750e65cfaae2cfc8cfac6690480166a9155c83ee,B,1,Leaf rust/2 (546).jpg
images/2e6c376d86e0f68277eadabdd76bf71bd816430024043bf994c88e703e6b0158.jpg,2e6c376d86e0f68277eadabdd76bf71bd816430024043bf994c88e703e6b0158,B,1,Leaf rust/1 (198).jpg
images/2e74c99192bbdc5fe99e37630de301c9badb0e674d66d3c01bc1e7ce7724f8c8.jpg,2e74c99192bbdc5fe99e37630de301c9badb0e674d66d3c01bc1e7ce7724f8c8,B,1,Leaf rust/1 (22).jpg
images/2e7863d3fd23536ee65752c1e6c5bd524a0f97728d8b10a0d5c1bcc1f31c9fab.jpg,2e7863d3fd23536ee65752c1e6c5bd524a0f97728d8b10a0d5c1bcc1f31c9fab,E,1,Miner/1 (14641).jpg
images/2e78abf94dc7e2afc2bed22715474bec0df222925cf7a7ac28d0171fe53a168e.jpg,2e78abf94dc7e2afc2bed22715474bec0df222925cf7a7ac28d0171fe53a168e,E,1,Miner/1 (14223).jpg
images/2e79aea8a4245d90fd455470e1a7e832324ef01d4cadef4fef1e38870d1fe681.jpg,2e79aea8a4245d90fd455470e1a7e832324ef01d4cadef4fef1e38870d1fe681,E,1,Miner/1 (15814).jpg
images/2e7b2a8b4e420e015e1204459bf5518c47511c40b3484dfb38f474607b486222.jpg,2e7b2a8b4e420e015e1204459bf5518c47511c40b3484dfb38f474607b486222,B,1,Leaf rust/1 (474).jpg
images/2e9a01fb56e329a4467683d390a672dace27620e5918de72ee11c217dac0a5b3.jpg,2e9a01fb56e329a4467683d390a672dace27620e5918de72ee11c217dac0a5b3,E,1,Miner/1 (14259).jpg
images/2e9f6f7e266e692f12105fae72c20b1d86f9b37f79701ca64c533788e570ce1d.jpg,2e9f6f7e266e692f12105fae72c20b1d86f9b37f79701ca64c533788e570ce1d,E,1,Miner/1 (15600).jpg
images/2eb74316f2d54da8ca87d662580d6dd178d9c2ffa2f50c20bfd075894c3cc38b.jpg,2eb74316f2d54da8ca87d662580d6dd178d9c2ffa2f50c20bfd075894c3cc38b,B,1,Leaf rust/1 (142).jpg
images/2ebab97ca3fcd72480dbfb9a5582c6609d0dad7c243dbc4f6cc3e8f19a203b8e.jpg,2ebab97ca3fcd72480dbfb9a5582c6609d0dad7c243dbc4f6cc3e8f19a203b8e,B,1,Leaf rust/1 (18).jpg
images/2ed9525d711b9a14c26b1f3a6971ff898697912b058a0e0e62d092394bf315f1.jpg,2ed9525d711b9a14c26b1f3a6971ff898697912b058a0e0e62d092394bf315f1,B,1,Leaf rust/1 (339).jpg
images/2eece0a2784205d58244d9001f19c307c4845eb78a9ab6c7c878172b5b6579d0.jpg,2eece0a2784205d58244d9001f19c307c4845eb78a9ab6c7c878172b5b6579d0,D,1,Phoma/1 (435).jpg
images/2efa173429175c2cc25d655ed109f961744d0751ca51e447dad5a7dbb3ee6fa4.jpg,2efa173429175c2cc25d655ed109f961744d0751ca51e447dad5a7dbb3ee6fa4,A,1,Healthy/1 (4171).jpg
images/2efc7f423753f93d8cd64a3d2877e2a08351df7595a75a9e0e655d090812f1dc.jpg,2efc7f423753f93d8cd64a3d2877e2a08351df7595a75a9e0e655d090812f1dc,E,1,Miner/1 (12599).jpg
images/2f13da2ba926d8ab49134250f13ddec0904b19b02f7b122b335ef37929b04224.jpg,2f13da2ba926d8ab49134250f13ddec0904b19b02f7b122b335ef37929b04224,E,1,Miner/1 (14855).jpg
images/2f1c399a743d9b34c51c50512ba61060c81682475591e1506086e412416d535b.jpg,2f1c399a743d9b34c51c50512ba61060c81682475591e1506086e412416d535b,E,1,Miner/1 (11245).jpg
images/2f21853b00dbc280aa190a886320e300bad90b7603974b72e1bd2e1865be7fbb.jpg,2f21853b00dbc280aa190a886320e300bad90b7603974b72e1bd2e1865be7fbb,C,1,Cerscospora/6 (773).jpg
images/2f369053b06dd8f427e2c3fdf8c694e6560975cef2c0d0624586f7f2c467b0da.jpg,2f369053b06dd8f427e2c3fdf8c694e6560975cef2c0d0624586f7f2c467b0da,D,1,Phoma/2 (11).jpg
images/2f36c470b75cda310380f7f9bccb377222646e1f09d9f5c5a617aa335f8c1f55.jpg,2f36c470b75cda310380f7f9bccb377222646e1f09d9f5c5a617aa335f8c1f55,E,1,Miner/1 (10959).jpg
images/2f471bc0a99b79ac2438032ea4b89035be0e7b782b3fb67e4800a2ee11988690.jpg,2f471bc0a99b79ac2438032ea4b89035be0e7b782b3fb67e4800a2ee11988690,E,1,Miner/1 (10087).jpg
images/2f47ad103602f5b544a6c57082cdd083239f27e0c56b6ea0075e89fa0b16c675.jpg,2f47ad103602f5b544a6c57082cdd083239f27e0c56b6ea0075e89fa0b16c675,D,1,Phoma/2 (152).jpg
images/2f47d061b169782fe519e90ec63cb138725ec95654509b77d38be225805fcbda.jpg,2f47d061b169782fe519e90ec63cb138725ec95654509b77d38be225805fcbda,D,1,Phoma/2 (115).jpg
images/2f5032d01af87f66c7dce423d72964ccb313ab1016b6d7f7aca9be79b833a109.jpg,2f5032d01af87f66c7dce423d72964ccb313ab1016b6d7f7aca9be79b833a109,B,1,Leaf rust/2 (972).jpg
images/2f5213e70d0bfc0ebdbf7b89640f75f3af82e24b056f36568efe29b505e22275.jpg,2f5213e70d0bfc0ebdbf7b89640f75f3af82e24b056f36568efe29b505e22275,D,1,Phoma/2 (103).jpg
images/2f562a948927861ca5bd344d911a4c143073dd35d5c3ec6c2cc6d55af228624a.jpg,2f562a948927861ca5bd344d911a4c143073dd35d5c3ec6c2cc6d55af228624a,E,1,Miner/1 (10539).jpg
images/2f6094706593af6a6d4eba4cc1b1c7535a9bbb2f87552088df7c7d4facea9b02.jpg,2f6094706593af6a6d4eba4cc1b1c7535a9bbb2f87552088df7c7d4facea9b02,D,1,Phoma/1 (604).jpg
images/2f6ba39e828d9a87051dd8cc65f09a6a626f0eaf11ef672b92ae8a9624ccff6c.jpg,2f6ba39e828d9a87051dd8cc65f09a6a626f0eaf11ef672b92ae8a9624ccff6c,C,1,Cerscospora/6 (602).jpg
images/2f89944e760ed071a9c6ae881b0e1270351d9d32b7f59c5cfde6ec5dbcf1e3ef.jpg,2f89944e760ed071a9c6ae881b0e1270351d9d32b7f59c5cfde6ec5dbcf1e3ef,E,1,Miner/1 (13822).jpg
images/2f9515404273102e77b3b5f63b5b89c97fad52543c1e766afb3f96b850306769.jpg,2f9515404273102e77b3b5f63b5b89c97fad52543c1e766afb3f96b850306769,E,1,Miner/1 (13245).jpg
images/2fade60c3d90ec9bcf0155caf9152c62e1830a16e0315784381dfa35ab88de0b.jpg,2fade60c3d90ec9bcf0155caf9152c62e1830a16e0315784381dfa35ab88de0b,B,1,Leaf rust/2 (549).jpg
images/2faedd538bb2fdcbe43863ea7547c14d971bc4d961a9e52a380a7f4db54b9ed1.jpg,2faedd538bb2fdcbe43863ea7547c14d971bc4d961a9e52a380a7f4db54b9ed1,B,1,Leaf rust/2 (766).jpg
images/2faf4d7860fe15ce4490f556fa9cd6ad98ac3d668eb3564b3fa3daea0468577d.jpg,2faf4d7860fe15ce4490f556fa9cd6ad98ac3d668eb3564b3fa3daea0468577d,B,1,Leaf rust/2 (947).jpg
images/2ffb44865375dbbe06e7bd37458e031b447cd4aafe6455d02d39fa94f5bf1887.jpg,2ffb44865375dbbe06e7bd37458e031b447cd4aafe6455d02d39fa94f5bf1887,D,1,Phoma/3 (1000).jpg
images/2ffd3a9beb35237e31c5c7c1318446511e844534b52b849bd17d532fd228b8b7.jpg,2ffd3a9beb35237e31c5c7c1318446511e844534b52b849bd17d532fd228b8b7,A,1,Healthy/1 (1320).jpg
images/300c187c004e18aea41703d4c25a8b1507717d7e7f18931911f0b17028d8491b.jpg,300c187c004e18aea41703d4c25a8b1507717d7e7f18931911f0b17028d8491b,B,1,Leaf rust/2 (1022).jpg
images/3012d7455d03dbbe94b3aaab4efb6dcfcd5a425e3a2247f32aafef2ececac57a.jpg,3012d7455d03dbbe94b3aaab4efb6dcfcd5a425e3a2247f32aafef2ececac57a,E,1,Miner/1 (13861).jpg
images/3029bc67352fa10c38964b3d4416807b5b265465fd11d00f9e029d9f0bf9d6f0.jpg,3029bc67352fa10c38964b3d4416807b5b265465fd11d00f9e029d9f0bf9d6f0,E,1,Miner/1 (11296).jpg
images/3031cb20cde869a58711a7b03467a9268f826784d61aedb129c94cfcc61a09c8.jpg,3031cb20cde869a58711a7b03467a9268f826784d61aedb129c94cfcc61a09c8,C,1,Cerscospora/7 (769).jpg
images/304d3bd126bf7fb3109c882ddf525b042ec5c36794907f5d49286dfc6ea81915.jpg,304d3bd126bf7fb3109c882ddf525b042ec5c36794907f5d49286dfc6ea81915,E,1,Miner/1 (14315).jpg
images/3092a304efb7c084b59f080004fe7d282dc16004cb725b4956e32e675d4903c4.jpg,3092a304efb7c084b59f080004fe7d282dc16004cb725b4956e32e675d4903c4,D,1,Phoma/3 (1465).jpg
images/309c936f66045d8d22e629eaa5525d97f9cc5025e051474e2570720a83bd3b9f.jpg,309c936f66045d8d22e629eaa5525d97f9cc5025e051474e2570720a83bd3b9f,B,1,Leaf rust/1 (410).jpg
images/309e5791a01cdc95483f38ce8cc94c2517dece4fa38e603bd644f2ac52df2529.jpg,309e5791a01cdc95483f38ce8cc94c2517dece4fa38e603bd644f2ac52df2529,E,1,Miner/1 (14962).jpg
images/30a27553bcff0e73b091e54b0dfb2bbb769e46c8c28a495be5ee9568094b2532.jpg,30a27553bcff0e73b091e54b0dfb2bbb769e46c8c28a495be5ee9568094b2532,B,1,Leaf rust/1 (137).jpg
images/30a6189baf19c1b22e7a0821d41bef2d5aaeb2b874c730c9249f2a24d943fed7.jpg,30a6189baf19c1b22e7a0821d41bef2d5aaeb2b874c730c9249f2a24d943fed7,B,1,Leaf rust/2 (671).jpg
images/30b63afb7dc5fc013d78bd18a7a1e416b84e33c4200f7e754bbc7097011231df.jpg,30b63afb7dc5fc013d78bd18a7a1e416b84e33c4200f7e754bbc7097011231df,B,1,Leaf rust/2 (575).jpg
images/30ea6b021e5db046f45c2ebb7649e0c0fffc38a60f19d8a3b104a2ab942416f5.jpg,30ea6b021e5db046f45c2ebb7649e0c0fffc38a60f19d8a3b104a2ab942416f5,D,1,Phoma/2 (435).jpg
images/30f2545fbecb623ed0c61b506d79bc15d6ce76e0c9563f426934db6f6286a10f.jpg,30f2545fbecb623ed0c61b506d79bc15d6ce76e0c9563f426934db6f6286a10f,B,1,Leaf rust/1 (270).jpg
images/313582e7dd49b863da6c2154942e6b330ee33fd726e1f310083b72da95a1bfe3.jpg,313582e7dd49b863da6c2154942e6b330ee33fd726e1f310083b72da95a1bfe3,D,1,Phoma/2 (354).jpg
images/3136943a0e730aa3a1728dd7a04aaee2ecd7d46898b4cb28c6c4762e29d7757d.jpg,3136943a0e730aa3a1728dd7a04aaee2ecd7d46898b4cb28c6c4762e29d7757d,E,1,Miner/1 (13090).jpg
images/313cf9741bc3b88d7dc0319e9ed94023d367eb5aafac307198243ac318b638e8.jpg,313cf9741bc3b88d7dc0319e9ed94023d367eb5aafac307198243ac318b638e8,B,1,Leaf rust/2 (768).jpg
images/314a4c8414cb54f6a5c1a5b8251b026259b1e15867c93a1de5f9b7f71be9eead.jpg,314a4c8414cb54f6a5c1a5b8251b026259b1e15867c93a1de5f9b7f71be9eead,E,1,Miner/1 (10135).jpg
images/317a300becf16e54d36c6d48b12514e42c03cbbae8bdb07eb9908ff8f9011329.jpg,317a300becf16e54d36c6d48b12514e42c03cbbae8bdb07eb9908ff8f9011329,E,1,Miner/1 (12546).jpg
images/31b2b22d4cc27b802c945acb44a1c80d8b89fd008a73ba9e5e5bc5dcbaeca45f.jpg,31b2b22d4cc27b802c945acb44a1c80d8b89fd008a73ba9e5e5bc5dcbaeca45f,E,1,Miner/1 (10360).jpg
images/31b3010d99973c340052ff14251cef536350345cd293ad1c72b02e8de3f25dfa.jpg,31b3010d99973c340052ff14251cef536350345cd293ad1c72b02e8de3f25dfa,C,1,Cerscospora/7 (865).jpg
images/31b74f7c81020e5abfea13f5792eae2c64b494040666222e9fb4923fce770c88.jpg,31b74f7c81020e5abfea13f5792eae2c64b494040666222e9fb4923fce770c88,B,1,Leaf rust/1 (250).jpg
images/31c1e854fa5a115af430526387f93934d5f840a1c73810ebaa5225a1a4cb6d08.jpg,31c1e854fa5a115af430526387f93934d5f840a1c73810ebaa5225a1a4cb6d08,D,1,Phoma/2 (873).jpg
images/31d9f185518fcf5c92c48ab617d86a58757c9923cf4b2b1a0a8d9d060e788985.jpg,31d9f185518fcf5c92c48ab617d86a58757c9923cf4b2b1a0a8d9d060e788985,E,1,Miner/1 (1066).jpg
images/31e97c4c229fe96305b2f6d259023e1a12ef27418f7b3a681e31fe1d20954102.jpg,31e97c4c229fe96305b2f6d259023e1a12ef27418f7b3a681e31fe1d20954102,C,1,Cerscospora/8 (116).jpg
images/31eb21fb8964893a104bc76bbc2d314c96a3c84fdb5417a58fc2bd9464326b48.jpg,31eb21fb8964893a104bc76bbc2d314c96a3c84fdb5417a58fc2bd9464326b48,E,1,Miner/1 (11923).jpg
images/31f6df783a59fcf089669942526626f2ed2934f28ddd06ce6b729b000c2eac98.jpg,31f6df783a59fcf089669942526626f2ed2934f28ddd06ce6b729b000c2eac98,D,1,Phoma/3 (1296).jpg
images/31f7ebb8239b6f389b4fa6e65446a4b23ab02756debb427aff561a51aaa45626.jpg,31f7ebb8239b6f389b4fa6e65446a4b23ab02756debb427aff561a51aaa45626,D,1,Phoma/4 (433).jpg
images/31fe219869f52b877be7efd9c1d8c15128b9f83ef0ff4692523681dbdc6af2ed.jpg,31fe219869f52b877be7efd9c1d8c15128b9f83ef0ff4692523681dbdc6af2ed,E,1,Miner/1 (12045).jpg
images/3205927b80d5b10d5beb6238da918b5238cb2cfd02be026a626599d63c9daf76.jpg,3205927b80d5b10d5beb6238da918b5238cb2cfd02be026a626599d63c9daf76,D,1,Phoma/4 (586).jpg
images/320878d0f85e7106d12d184dd24ad03a5c35da1cd9edb3c65963ddc41b093b25.jpg,320878d0f85e7106d12d184dd24ad03a5c35da1cd9edb3c65963ddc41b093b25,B,1,Leaf rust/1 (81).jpg
images/3215c328e360d387fdf2d73b4fd5ccfd468e4ff1daf00a6fde3acb49bc480018.jpg,3215c328e360d387fdf2d73b4fd5ccfd468e4ff1daf00a6fde3acb49bc480018,B,1,Leaf rust/1 (279).jpg
images/32237caab710524ad8d2d267eb24e516190d2a1f95314e32cb74ea1a4c01ba88.jpg,32237caab710524ad8d2d267eb24e516190d2a1f95314e32cb74ea1a4c01ba88,D,1,Phoma/2 (23).jpg
images/32240e241df408ade45a020d51702745648ced65a0ab7e702c095cc219acfae5.jpg,32240e241df408ade45a020d51702745648ced65a0ab7e702c095cc219acfae5,B,1,Leaf rust/1 (226).jpg
images/323c00abdc417cf15d71de2e38dcbcdcf01e5ee9ee875efc97f95ee290fac7a2.jpg,323c00abdc417cf15d71de2e38dcbcdcf01e5ee9ee875efc97f95ee290fac7a2,E,1,Miner/1 (11438).jpg
images/3247769739685bd10ab9b73718e64065b12d1710d7071e7083d71574bf77ad60.jpg,3247769739685bd10ab9b73718e64065b12d1710d7071e7083d71574bf77ad60,B,1,Leaf rust/1 (28).jpg
images/324850a05e44881757dac25e76c061d0c0900847fe9778319bb6f33cb0061e4f.jpg,324850a05e44881757dac25e76c061d0c0900847fe9778319bb6f33cb0061e4f,E,1,Miner/1 (12838).jpg
images/324ea47cc4a4847ecf4db19b36a682153efa8e980960928ba9bc001b3f1d356e.jpg,324ea47cc4a4847ecf4db19b36a682153efa8e980960928ba9bc001b3f1d356e,E,1,Miner/1 (13225).jpg
images/3252940fc402809206d5c5b5a3be6555e0d2119dc67bfb8592cc3fcfed60040e.jpg,3252940fc402809206d5c5b5a3be6555e0d2119dc67bfb8592cc3fcfed60040e,E,1,Miner/1 (11999).jpg
images/325316808126fa01f0a1f1530c1e6439015406ff7040083002676d8098f98b29.jpg,325316808126fa01f0a1f1530c1e6439015406ff7040083002676d8098f98b29,B,1,Leaf rust/2 (585).jpg
images/32583b18755f02f4bef6336648f807827192f3f09d827850f09a0e6519fdebfa.jpg,32583b18755f02f4bef6336648f807827192f3f09d827850f09a0e6519fdebfa,E,1,Miner/1 (10964).jpg
images/326059ac74a6a15473229c84accbc2b731688634c3e6d99c716b65230452b518.jpg,326059ac74a6a15473229c84accbc2b731688634c3e6d99c716b65230452b518,D,1,Phoma/3 (1350).jpg
images/3267374a108b437a031e4c48ec86947780959adf76a247417cde4b0a4cbe3f96.jpg,3267374a108b437a031e4c48ec86947780959adf76a247417cde4b0a4cbe3f96,B,1,Leaf rust/1 (173).jpg
images/326bae4c8661009d36b63b5cd3fd2e8ab26f490a2e872110eb7e43406f56b5b5.jpg,326bae4c8661009d36b63b5cd3fd2e8ab26f490a2e872110eb7e43406f56b5b5,B,1,Leaf rust/1 (329).jpg
images/326bf6838aa3710251e248f8c99eb205b001664e9f10abdf9af90def061ecee9.jpg,326bf6838aa3710251e248f8c99eb205b001664e9f10abdf9af90def061ecee9,B,1,Leaf rust/2 (539).jpg
images/32752d90e64bf537103c29ca7cffc97d5f1337095c4909825e3ed7ca75729d4f.jpg,32752d90e64bf537103c29ca7cffc97d5f1337095c4909825e3ed7ca75729d4f,B,1,Leaf rust/1 (93).jpg
images/3281109f8e4c799fb2630d6543eb9853fbc1e6d48289661b1cc13637296ad223.jpg,3281109f8e4c799fb2630d6543eb9853fbc1e6d48289661b1cc13637296ad223,D,1,Phoma/3 (1240).jpg
images/328565b6526b23f967ce1800fa27bbaf47b5493ecc2f785a62869cee1b888ca2.jpg,328565b6526b23f967ce1800fa27bbaf47b5493ecc2f785a62869cee1b888ca2,B,1,Leaf rust/1 (229).jpg
images/328ef68f474412fc9f36dbc05101fb3ef6b7cc3b3c57f63cc3ddb99817d1fa34.jpg,328ef68f474412fc9f36dbc05101fb3ef6b7cc3b3c57f63cc3ddb99817d1fa34,E,1,Miner/1 (14674).jpg
images/329430966965cc07ae81e6394f182013fc7c7c9b3027430ff9fa456388895105.jpg,329430966965cc07ae81e6394f182013fc7c7c9b3027430ff9fa456388895105,B,1,Leaf rust/1 (119).jpg
images/32994d823dbf080282725d6821300429bb79560e10ecca2c60d4b75d981edf2a.jpg,32994d823dbf080282725d6821300429bb79560e10ecca2c60d4b75d981edf2a,E,1,Miner/1 (11699).jpg
images/329a616851b5791dc982a167422d930d6ef53da472d18d45bf4aed3d2d676450.jpg,329a616851b5791dc982a167422d930d6ef53da472d18d45bf4aed3d2d676450,E,1,Miner/1 (11567).jpg
images/32a19ed1915c9a7d33e7e7a808b90e93800253fd67fdebb8c3874d7bc2eba09d.jpg,32a19ed1915c9a7d33e7e7a808b90e93800253fd67fdebb8c3874d7bc2eba09d,E,1,Miner/1 (15824).jpg
images/32a825dfe19a42e6a5d64955c2a97ea0144a7096db73e65a1b49400b401bab36.jpg,32a825dfe19a42e6a5d64955c2a97ea0144a7096db73e65a1b49400b401bab36,E,1,Miner/1 (12005).jpg
images/32b0b1e76ab3da50823894c76088eff9fdb0d437d55fc1002afde6bdfe5b5256.jpg,32b0b1e76ab3da50823894c76088eff9fdb0d437d55fc1002afde6bdfe5b5256,C,1,Cerscospora/8 (332).jpg
images/32b699491809178d233d187b97ac4eebae67e804c11de25d5c292712705e23bb.jpg,32b699491809178d233d187b97ac4eebae67e804c11de25d5c292712705e23bb,C,1,Cerscospora/8 (288).jpg
images/32bc8c73d644c5168c93cb32953ebcb978cb0c66b9bd0585fc774e4ee011d2cf.jpg,32bc8c73d644c5168c93cb32953ebcb978cb0c66b9bd0585fc774e4ee011d2cf,B,1,Leaf rust/2 (918).jpg
images/32e52216d35f6a0c072b6e4133deebfd180dc36d68c85a422895f9d402080399.jpg,32e52216d35f6a0c072b6e4133deebfd180dc36d68c85a422895f9d402080399,B,1,Leaf rust/2 (752).jpg
images/32f2cfb3016bdc6270a75e754930b890da8e676e3441c612e64c84867842fa8c.jpg,32f2cfb3016bdc6270a75e754930b890da8e676e3441c612e64c84867842fa8c,B,1,Leaf rust/2 (857).jpg
images/3351f07fe564d03cbca1d7557c73d31ca6ff181b937a68f80369fcb26e869cc4.jpg,3351f07fe564d03cbca1d7557c73d31ca6ff181b937a68f80369fcb26e869cc4,E,1,Miner/1 (12790).jpg
images/3369b3bc7a364da7b4f6e7e8db042b5b016916b3c928cf0f1a5731ceffe1433f.jpg,3369b3bc7a364da7b4f6e7e8db042b5b016916b3c928cf0f1a5731ceffe1433f,E,1,Miner/1 (10125).jpg
images/33809b1e77a53424fb0f70204cb5c22980dca4df7a39da7dd66b63fa31f1352b.jpg,33809b1e77a53424fb0f70204cb5c22980dca4df7a39da7dd66b63fa31f1352b,E,1,Miner/1 (14972).jpg
images/33823b1a9a4a9ff9c3adbacb0ecfe59b26c85742c7ad664f3cc65980f814b500.jpg,33823b1a9a4a9ff9c3adbacb0ecfe59b26c85742c7ad664f3cc65980f814b500,D,1,Phoma/2 (183).jpg
images/33a8bc6bd8968fece6b28f4f054443e0e915a5cc1674224263d82958f2fccc5c.jpg,33a8bc6bd8968fece6b28f4f054443e0e915a5cc1674224263d82958f2fccc5c,E,1,Miner/1 (15337).jpg
images/33aada271dca8f663695c21843fe9465996c11f9d27a72aecfc322e995aab2ee.jpg,33aada271dca8f663695c21843fe9465996c11f9d27a72aecfc322e995aab2ee,A,1,Healthy/1 (2268).jpg
images/33c044b22b07a5122937133b7fce6b1c32472425fb605964f3908a23c6341592.jpg,33c044b22b07a5122937133b7fce6b1c32472425fb605964f3908a23c6341592,E,1,Miner/1 (14220).jpg
images/33c40a084716d838c34dee9f659310e9760495a90db9f08eb04f9c7856db89df.jpg,33c40a084716d838c34dee9f659310e9760495a90db9f08eb04f9c7856db89df,E,1,Miner/1 (15817).jpg
images/33cb66c0849fc87cb35436664193980fc6ffae0627af99961266c3cc555f2441.jpg,33cb66c0849fc87cb35436664193980fc6ffae0627af99961266c3cc555f2441,B,1,Leaf rust/1 (95).jpg
images/33cde76932326d65884b5180beceb9a460183a13c7fa0c3fe81e8241c86c1dc9.jpg,33cde76932326d65884b5180beceb9a460183a13c7fa0c3fe81e8241c86c1dc9,E,1,Miner/1 (13219).jpg
images/33ddd26f033d6e6f5f0a07cf4285f8b446980d9325b77c27fdc5eab754de6499.jpg,33ddd26f033d6e6f5f0a07cf4285f8b446980d9325b77c27fdc5eab754de6499,D,1,Phoma/3 (1390).jpg
images/33fbda546ab4d4a73a904dd2edacf79f56b88ff88b607698c83f9e20b5e475d1.jpg,33fbda546ab4d4a73a904dd2edacf79f56b88ff88b607698c83f9e20b5e475d1,E,1,Miner/1 (10071).jpg
images/33fc54854dff433b63a731f11750918d984d492ef10816f0696c3c46744360de.jpg,33fc54854dff433b63a731f11750918d984d492ef10816f0696c3c46744360de,C,1,Cerscospora/4 (596).jpg
images/33fe5c1befef08aa7cbe93b4b414fc5e44c27fa51b665b73664549727c87e631.jpg,33fe5c1befef08aa7cbe93b4b414fc5e44c27fa51b665b73664549727c87e631,C,1,Cerscospora/7 (811).jpg
images/3432bffa537e5c8c07e2ae0acd5692bbd8b7ed64b814370748b71196ef7440b3.jpg,3432bffa537e5c8c07e2ae0acd5692bbd8b7ed64b814370748b71196ef7440b3,E,1,Miner/1 (12871).jpg
images/34548a2212e967899ad83fcfc224c802b66521717f1584a11fa7c643be0c19a7.jpg,34548a2212e967899ad83fcfc224c802b66521717f1584a11fa7c643be0c19a7,B,1,Leaf rust/1 (430).jpg
images/347890afff70edaca3703f39cd72afccf38868dc8616b091a022cf5d5aaf0ce6.jpg,347890afff70edaca3703f39cd72afccf38868dc8616b091a022cf5d5aaf0ce6,E,1,Miner/1 (15822).jpg
images/349594ba42fc7933f9df8ebde639081ff20aee3900fcb9f7df87033d8c48d365.jpg,349594ba42fc7933f9df8ebde639081ff20aee3900fcb9f7df87033d8c48d365,D,1,Phoma/1 (327).jpg
images/34b6dbaf5aae05116e023b510b7f8b6e0a60b7a53d1b9a7fde3cbefb6eacdc4b.jpg,34b6dbaf5aae05116e023b510b7f8b6e0a60b7a53d1b9a7fde3cbefb6eacdc4b,E,1,Miner/1 (14216).jpg
images/34c04a268ce8c040779e044e11a6434942e1e5dbf5418aff6421269d016d8355.jpg,34c04a268ce8c040779e044e11a6434942e1e5dbf5418aff6421269d016d8355,E,1,Miner/1 (14646).jpg
images/34c38252256baacb87731fe1059040377efbebcd0597cc24a6310d820fa027a6.jpg,34c38252256baacb87731fe1059040377efbebcd0597cc24a6310d820fa027a6,B,1,Leaf rust/2 (777).jpg
images/34dc35acd7bb77d952b8104c444693b15b60fb343ce29986482918d70bdc2856.jpg,34dc35acd7bb77d952b8104c444693b15b60fb343ce29986482918d70bdc2856,C,1,Cerscospora/6 (289).jpg
images/34ec0a6dc42b61c2731d3646fedfc3fe6dd4f682947e65ab2e3bd6b52e8c81da.jpg,34ec0a6dc42b61c2731d3646fedfc3fe6dd4f682947e65ab2e3bd6b52e8c81da,D,1,Phoma/4 (139).jpg
images/34ecf54adfc6bdd1352261fb7ed83105ca0058663254b6f1ae7226c976bbc453.jpg,34ecf54adfc6bdd1352261fb7ed83105ca0058663254b6f1ae7226c976bbc453,B,1,Leaf rust/2 (696).jpg
images/34f626606b0a7b8578480cfa23af97dce4599386aee99a193b11401a08b36a21.jpg,34f626606b0a7b8578480cfa23af97dce4599386aee99a193b11401a08b36a21,E,1,Miner/1 (12732).jpg
images/34fda8881a96f7d615b510e1d98c12754cd5d20e7d870e4287a92329dbb2ed85.jpg,34fda8881a96f7d615b510e1d98c12754cd5d20e7d870e4287a92329dbb2ed85,E,1,Miner/1 (13755).jpg
images/3504190a15a446cf6840c0010209506c89edc9d04e9b038ae60aa95c351fa4de.jpg,3504190a15a446cf6840c0010209506c89edc9d04e9b038ae60aa95c351fa4de,D,1,Phoma/4 (229).jpg
images/3511d297bab3df69d5be9e331cf0c49fecc11f065f76af0347600236f1d769ce.jpg,3511d297bab3df69d5be9e331cf0c49fecc11f065f76af0347600236f1d769ce,B,1,Leaf rust/2 (744).jpg
images/3521eb7fb8c51eff9222938873a6e86e41c5d957659eeea10c6a844e53286bf9.jpg,3521eb7fb8c51eff9222938873a6e86e41c5d957659eeea10c6a844e53286bf9,E,1,Miner/1 (13491).jpg
images/352a3dcb885e63ec978f8611fccf95fdaa2f594a8c3771e7559255acb78f34af.jpg,352a3dcb885e63ec978f8611fccf95fdaa2f594a8c3771e7559255acb78f34af,C,1,Cerscospora/6 (558).jpg
images/35345d0cd42953d26933b61cb019aa72de7ef3c2a0ea7cd3a9b0f574da4ada6d.jpg,35345d0cd42953d26933b61cb019aa72de7ef3c2a0ea7cd3a9b0f574da4ada6d,B,1,Leaf rust/1 (108).jpg
images/353712929ea9ebcda1bf9eb4e1fbce70ccab44cefd196e12d373be990502f7d8.jpg,353712929ea9ebcda1bf9eb4e1fbce70ccab44cefd196e12d373be990502f7d8,E,1,Miner/1 (10141).jpg
images/35a1c1d0d9bd27762111289ca376a35c9cf6026b6382eaa9f81edc03484f1592.jpg,35a1c1d0d9bd27762111289ca376a35c9cf6026b6382eaa9f81edc03484f1592,B,1,Leaf rust/2 (682).jpg
images/35b4ecbef203cef75ef8b544e2ca38e91a6cbd436cd61d9abe2b0a7ffc312ea9.jpg,35b4ecbef203cef75ef8b544e2ca38e91a6cbd436cd61d9abe2b0a7ffc312ea9,E,1,Miner/1 (11282).jpg
images/35bdd0644bb7d1b1b207f7ebe686d554dac77528dd8451ae915eb7029bc7bb60.jpg,35bdd0644bb7d1b1b207f7ebe686d554dac77528dd8451ae915eb7029bc7bb60,B,1,Leaf rust/2 (769).jpg
images/35cf9f5308666425c260ceaf3b5eeab94e494ab98c5a0aee818fd5180658b085.jpg,35cf9f5308666425c260ceaf3b5eeab94e494ab98c5a0aee818fd5180658b085,E,1,Miner/1 (11963).jpg
images/35d6598ec33030e1295c34394d74e9cead1377be0f716d7fbabb5ace6b2eebd0.jpg,35d6598ec33030e1295c34394d74e9cead1377be0f716d7fbabb5ace6b2eebd0,E,1,Miner/1 (10236).jpg
images/35e938b29304d3e9fefd631a0c065333e5ab373d7ec8c044dc10e188668a1032.jpg,35e938b29304d3e9fefd631a0c065333e5ab373d7ec8c044dc10e188668a1032,D,1,Phoma/2 (316).jpg
images/3638cc348043dc65c7ba5c7f69df702f6c18ef0d45cecf18a00d2b991727a0b6.jpg,3638cc348043dc65c7ba5c7f69df702f6c18ef0d45cecf18a00d2b991727a0b6,E,1,Miner/1 (11772).jpg
images/363aabc053b86c8cd30829d6e9a1b745a1ce749423ce5772fc56f44f6b40df54.jpg,363aabc053b86c8cd30829d6e9a1b745a1ce749423ce5772fc56f44f6b40df54,E,1,Miner/1 (10470).jpg
images/364dee2e22c67e72f1c4bf4314f35be4208a2754744a5a918626826ee7e25f30.jpg,364dee2e22c67e72f1c4bf4314f35be4208a2754744a5a918626826ee7e25f30,E,1,Miner/1 (14712).jpg
images/36554bfe290aa122ba1e3e14e0a48d0a3a7dc4e3e3efbfa06419c8bc70660fb0.jpg,36554bfe290aa122ba1e3e14e0a48d0a3a7dc4e3e3efbfa06419c8bc70660fb0,D,1,Phoma/3 (1089).jpg
images/366ac2d7585651d0f9da993b34a752e4d8b17861a959d7ebf1bd73a58720c0c8.jpg,366ac2d7585651d0f9da993b34a752e4d8b17861a959d7ebf1bd73a58720c0c8,C,1,Cerscospora/4 (338).jpg
images/367114b90f836ccf290a6f3b0e942ad4bb783fbb4c0dd7c0d5ca615fa1353c71.jpg,367114b90f836ccf290a6f3b0e942ad4bb783fbb4c0dd7c0d5ca615fa1353c71,E,1,Miner/1 (11089).jpg
images/3673dfd4f4662988777b370d8bcc2d875b517337b3651c44ded0baae5b4b7bee.jpg,3673dfd4f4662988777b370d8bcc2d875b517337b3651c44ded0baae5b4b7bee,E,1,Miner/1 (11519).jpg
images/3682ae47ca33d72f12a088ee560fa20152fb802a91e9865579400636c6d7693b.jpg,3682ae47ca33d72f12a088ee560fa20152fb802a91e9865579400636c6d7693b,D,1,Phoma/3 (1163).jpg
images/3685aebe67c3a08eac3617c39ca0c4036561bb7d428b5c32d2448c17e9c99332.jpg,3685aebe67c3a08eac3617c39ca0c4036561bb7d428b5c32d2448c17e9c99332,D,1,Phoma/4 (470).jpg
images/36872e010b5a9df1b9b864de52443adca83de5e93ec08fabd767d7666944dee5.jpg,36872e010b5a9df1b9b864de52443adca83de5e93ec08fabd767d7666944dee5,E,1,Miner/1 (14336).jpg
images/3696dcb96ab3638f6c651456fef6ff269fd7440d3ec72bf901e9a24d026f9d5e.jpg,3696dcb96ab3638f6c651456fef6ff269fd7440d3ec72bf901e9a24d026f9d5e,E,1,Miner/1 (11090).jpg
images/369be8449285b1cb11e10d1ce03cfd715db164faac2197718cd0964d2d868340.jpg,369be8449285b1cb11e10d1ce03cfd715db164faac2197718cd0964d2d868340,E,1,Miner/1 (10004).jpg
images/36b24435c46e4d5807d34ea83db07f87251f023fdbe55bb4ea9c0efb90357ae2.jpg,36b24435c46e4d5807d34ea83db07f87251f023fdbe55bb4ea9c0efb90357ae2,C,1,Cerscospora/4 (678).jpg
images/36d2aad2b30c5a41f19a26a6c4877ad625df24836871cbc5d266ae820d97229c.jpg,36d2aad2b30c5a41f19a26a6c4877ad625df24836871cbc5d266ae820d97229c,B,1,Leaf rust/1 (388).jpg
images/36eb03dbd919a08cb73db4f1cc8ac1dd3d0249ba63952bda1f82a7e2dc4055f6.jpg,36eb03dbd919a08cb73db4f1cc8ac1dd3d0249ba63952bda1f82a7e2dc4055f6,E,1,Miner/1 (14974).jpg
images/36faca537ff58a42e75c272e0a3220f5f033f262f0b3ab7f74687ff686aa5095.jpg,36faca537ff58a42e75c272e0a3220f5f033f262f0b3ab7f74687ff686aa5095,E,1,Miner/1 (13696).jpg
images/370b08d1571c06f422f06921dcdbd4e8d2d47e6ec781a67e76519d0feb1a5a32.jpg,370b08d1571c06f422f06921dcdbd4e8d2d47e6ec781a67e76519d0feb1a5a32,B,1,Leaf rust/2 (573).jpg
images/370d55f68496498bcd62c94b4ed1fb1d8729a209515e5d33e2124fcd661e9d23.jpg,370d55f68496498bcd62c94b4ed1fb1d8729a209515e5d33e2124fcd661e9d23,C,1,Cerscospora/8 (291).jpg
images/37115a6296aa6528a45d0fcb93275d7dce40edf8ab37af24dd19ff3c68dc354d.jpg,37115a6296aa6528a45d0fcb93275d7dce40edf8ab37af24dd19ff3c68dc354d,E,1,Miner/1 (12056).jpg
images/37201c4af29c9e2fed0692bafc433c0639171e73964d1da16fb29daeaad31c0c.jpg,37201c4af29c9e2fed0692bafc433c0639171e73964d1da16fb29daeaad31c0c,E,1,Miner/1 (10612).jpg
images/3767bebdf8cda30e1c65122824cb11f5d5ea7f1b0300422854f1c788b883b8fb.jpg,3767bebdf8cda30e1c65122824cb11f5d5ea7f1b0300422854f1c788b883b8fb,B,1,Leaf rust/1 (511).jpg
images/3768273dce96bd28f6ceb39b7dd878e6c1354e675a0f8ca72c4880c0eeffdf39.jpg,3768273dce96bd28f6ceb39b7dd878e6c1354e675a0f8ca72c4880c0eeffdf39,E,1,Miner/1 (15528).jpg
images/37786593309bccb1c778271178350fa828312e0cb695aae8012ebdd7eabe902e.jpg,37786593309bccb1c778271178350fa828312e0cb695aae8012ebdd7eabe902e,E,1,Miner/1 (13419).jpg
images/377d4c986a689776a9c926021a80f8903a4f70843ff02b2b8b8d33df89861a08.jpg,377d4c986a689776a9c926021a80f8903a4f70843ff02b2b8b8d33df89861a08,E,1,Miner/1 (12069).jpg
images/377d57550d81ca4b036d363c93284b944a7143a7e8e86b04f8955be572fd2aac.jpg,377d57550d81ca4b036d363c93284b944a7143a7e8e86b04f8955be572fd2aac,D,1,Phoma/2 (555).jpg
images/378b33906da54db2f76cd2cf920feca5ab4f69bde197ca7422c2ec4cc09b8fc7.jpg,378b33906da54db2f76cd2cf920feca5ab4f69bde197ca7422c2ec4cc09b8fc7,E,1,Miner/1 (10356).jpg
images/379269e61637ccee0998ae0bbdbba1caebc504e36f0c6ea7de08e216b7681dc0.jpg,379269e61637ccee0998ae0bbdbba1caebc504e36f0c6ea7de08e216b7681dc0,D,1,Phoma/1 (553).jpg
images/37c43a58e9c95b2c810371ebbf8ab1bc601453883407e92b39f7efd4a09f43bb.jpg,37c43a58e9c95b2c810371ebbf8ab1bc601453883407e92b39f7efd4a09f43bb,E,1,Miner/1 (13701).jpg
images/37d85105282ad59c46e2cfb9a4d017e5dbad1c2d290b8bb0e42a3385b3e1a256.jpg,37d85105282ad59c46e2cfb9a4d017e5dbad1c2d290b8bb0e42a3385b3e1a256,B,1,Leaf rust/2 (846).jpg
images/37f4337d2a7e311d01bee56e88a29c536566c963ed9fdbab58746fb899967074.jpg,37f4337d2a7e311d01bee56e88a29c536566c963ed9fdbab58746fb899967074,D,1,Phoma/4 (334).jpg
images/38011d857115cf277f0b7c2c7b85596a4abbf61a1cb8272227955561af71b69e.jpg,38011d857115cf277f0b7c2c7b85596a4abbf61a1cb8272227955561af71b69e,B,1,Leaf rust/2 (778).jpg
images/38086502ca13e621cd6b06d21d723c433aac2248275eafb7740e40f04a226e70.jpg,38086502ca13e621cd6b06d21d723c433aac2248275eafb7740e40f04a226e70,C,1,Cerscospora/4 (173).jpg
images/380bee20f2285d601e6f4103ebd54abe3309faad5e4b28a3094b90200fb57f6a.jpg,380bee20f2285d601e6f4103ebd54abe3309faad5e4b28a3094b90200fb57f6a,D,1,Phoma/2 (587).jpg
images/382010e85c9ae3f841144451dd928966f312e187bc585e5ff79b6d9803ef0004.jpg,382010e85c9ae3f841144451dd928966f312e187bc585e5ff79b6d9803ef0004,D,1,Phoma/1 (383).jpg
images/384961441406c5a0b6897fae6d7af0945f0a8e2730583b49b97ab1766e1395e9.jpg,384961441406c5a0b6897fae6d7af0945f0a8e2730583b49b97ab1766e1395e9,E,1,Miner/1 (11854).jpg
images/386467a6754b4f0077e3172c4d41c757b4aec02a241379b05cf7f84b93ad8238.jpg,386467a6754b4f0077e3172c4d41c757b4aec02a241379b05cf7f84b93ad8238,B,1,Leaf rust/2 (767).jpg
images/3871f9507d59b6a2696c26524edf98d018a7d8e6c1b2227c3bb41361bdb8ef3d.jpg,3871f9507d59b6a2696c26524edf98d018a7d8e6c1b2227c3bb41361bdb8ef3d,E,1,Miner/1 (15758).jpg
images/389c17a4bab9d2ceade3fe366e748c5e3c3cd92f8a09333fdff0f8bd3314f9bd.jpg,389c17a4bab9d2ceade3fe366e748c5e3c3cd92f8a09333fdff0f8bd3314f9bd,A,1,Healthy/1 (1324).jpg
images/389f612765305fa1925d8f946576ada6aeda1b7e45acac7c25004eb87d4c12ca.jpg,389f612765305fa1925d8f946576ada6aeda1b7e45acac7c25004eb87d4c12ca,E,1,Miner/1 (10675).jpg
images/38a6f24d68bdcadf3ed7bbcddf06f6c57dab108a07c62bae87f4f07c205a52c4.jpg,38a6f24d68bdcadf3ed7bbcddf06f6c57dab108a07c62bae87f4f07c205a52c4,E,1,Miner/1 (10305).jpg
images/38bc166fad61c64eabadcd9f48830fb1ff0007c723a0e46f40e0537ae7a19266.jpg,38bc166fad61c64eabadcd9f48830fb1ff0007c723a0e46f40e0537ae7a19266,D,1,Phoma/1 (102).jpg
images/38bff6eeac48410b23832b178e1025a45bb66e668581655c1a44868de03aa8d1.jpg,38bff6eeac48410b23832b178e1025a45bb66e668581655c1a44868de03aa8d1,E,1,Miner/1 (10237).jpg
images/38c8728f2213b2f052a4ed3d4c1d85a5a805d9d128bf4e0e4fb33c15a14c3b56.jpg,38c8728f2213b2f052a4ed3d4c1d85a5a805d9d128bf4e0e4fb33c15a14c3b56,B,1,Leaf rust/1 (220).jpg
images/38d747ee5b45359d8809f04aacded096df11d4867bcd193742537da6a3464849.jpg,38d747ee5b45359d8809f04aacded096df11d4867bcd193742537da6a3464849,B,1,Leaf rust/1 (500).jpg
images/38f8dacc66004ce722a9cd39cb6b7f6e5c2498d84dac575d2b00875a133cff0f.jpg,38f8dacc66004ce722a9cd39cb6b7f6e5c2498d84dac575d2b00875a133cff0f,D,1,Phoma/1 (261).jpg
images/3902b1539bdd20e5242dedfadb52f5512e2788fd7ae11b107bc945b1673588c2.jpg,3902b1539bdd20e5242dedfadb52f5512e2788fd7ae11b107bc945b1673588c2,E,1,Miner/1 (15005).jpg
images/3907b1eb57cf3cd5ea273676ed313878cf5669086d9d4abc2674f3d3b64c33ce.jpg,3907b1eb57cf3cd5ea273676ed313878cf5669086d9d4abc2674f3d3b64c33ce,E,1,Miner/1 (15760).jpg
images/3916280606e72a576fa1ee14944379172bdbf014c6b037f39e6e92a593cf27d9.jpg,3916280606e72a576fa1ee14944379172bdbf014c6b037f39e6e92a593cf27d9,B,1,Leaf rust/1 (305).jpg
images/393b13b0c2a29d9d7032c0a7f7ecc0a39fb627ed71d652d341b9b778834473fb.jpg,393b13b0c2a29d9d7032c0a7f7ecc0a39fb627ed71d652d341b9b778834473fb,B,1,Leaf rust/2 (668).jpg
images/39405718a3ce0b8ee9d787d4ead93ed6960c8ffeab0d8ace24136c6ba5b36473.jpg,39405718a3ce0b8ee9d787d4ead93ed6960c8ffeab0d8ace24136c6ba5b36473,E,1,Miner/1 (10548).jpg
images/39416aa876b55b74cda7fbdef7989e84fffb47a1a2f312d9aefcca1d1c504b6c.jpg,39416aa876b55b74cda7fbdef7989e84fffb47a1a2f312d9aefcca1d1c504b6c,E,1,Miner/1 (10534).jpg
images/394172ad5157df60563e12084f7fbbd1115e43780898169ac527063f532ef446.jpg,394172ad5157df60563e12084f7fbbd1115e43780898169ac527063f532ef446,D,1,Phoma/4 (315).jpg
images/3946110733e9abf532baed20c9a3a3fe3bef810cb818584c5d57aa98fea24f24.jpg,3946110733e9abf532baed20c9a3a3fe3bef810cb818584c5d57aa98fea24f24,D,1,Phoma/2 (134).jpg
images/39687c35527c6531f5570c1b7c9126ec4345ecc3f75643ec7cf1da8e29bda523.jpg,39687c35527c6531f5570c1b7c9126ec4345ecc3f75643ec7cf1da8e29bda523,D,1,Phoma/1 (329).jpg
images/396ed834b02f20995406857c459dcd516a3a0bedb3fa04c9d8d06b9a48f8e367.jpg,396ed834b02f20995406857c459dcd516a3a0bedb3fa04c9d8d06b9a48f8e367,D,1,Phoma/3 (1190).jpg
images/3977e56e1e743a8f2acf37380142bcb9ebcc4a471a96f222a441bc4d6c0fc6f7.jpg,3977e56e1e743a8f2acf37380142bcb9ebcc4a471a96f222a441bc4d6c0fc6f7,E,1,Miner/1 (12195).jpg
images/398ba5ff28f3b72ee2627944d23758ced43080971363d880046a31232b2366d6.jpg,398ba5ff28f3b72ee2627944d23758ced43080971363d880046a31232b2366d6,E,1,Miner/1 (14323).jpg
images/398dadde851d97f9528fb6aa1a7614670a28f8c6ae5877bc559b9fd593962c42.jpg,398dadde851d97f9528fb6aa1a7614670a28f8c6ae5877bc559b9fd593962c42,E,1,Miner/1 (14918).jpg
images/39aa03445b1efe6fbdbef0c93b057d002d5b07db79fd973789fe163aebc96561.jpg,39aa03445b1efe6fbdbef0c93b057d002d5b07db79fd973789fe163aebc96561,D,1,Phoma/2 (22).jpg
images/39b23fcc3828d177b91793279c70da58358791be53c3616ca5d6f3afada2ae11.jpg,39b23fcc3828d177b91793279c70da58358791be53c3616ca5d6f3afada2ae11,E,1,Miner/1 (10206).jpg
images/39ba6f5ccea8735357cebfabe7fbcd1eb2f3bba1db46ad10e1689e300060c1cd.jpg,39ba6f5ccea8735357cebfabe7fbcd1eb2f3bba1db46ad10e1689e300060c1cd,E,1,Miner/1 (12043).jpg
images/39d25f2408263a3bed6bd66915d00428a72e46e4e7b76ab10866b0fd62cd1397.jpg,39d25f2408263a3bed6bd66915d00428a72e46e4e7b76ab10866b0fd62cd1397,B,1,Leaf rust/2 (902).jpg
images/39d4617bda018b9f78686b8512e7f2459d7e2fbe1ea3bc9e49d6c4df4b6e19b6.jpg,39d4617bda018b9f78686b8512e7f2459d7e2fbe1ea3bc9e49d6c4df4b6e19b6,E,1,Miner/1 (13900).jpg
images/39e65b51aa838d25668c393e8076aa07cde4a89f64b6698a96247ea996f343d5.jpg,39e65b51aa838d25668c393e8076aa07cde4a89f64b6698a96247ea996f343d5,D,1,Phoma/4 (317).jpg
images/39f6cc8795aa4f8937e59f8ae248463f89677c6d5ebba34e8cf6df1fa8e05b7b.jpg,39f6cc8795aa4f8937e59f8ae248463f89677c6d5ebba34e8cf6df1fa8e05b7b,B,1,Leaf rust/1 (316).jpg
images/39ffa2b0546965e597e066ae0834edc956597257e15381c6994b044be8b89dd6.jpg,39ffa2b0546965e597e066ae0834edc956597257e15381c6994b044be8b89dd6,B,1,Leaf rust/1 (361).jpg
images/3a3133a1f6ee31f0795b89c4938c4d3151d605f7b7eae393a98c438ff15bde98.jpg,3a3133a1f6ee31f0795b89c4938c4d3151d605f7b7eae393a98c438ff15bde98,E,1,Miner/1 (12082).jpg
images/3a5f21d9f2fbf1ae9eb9b5cebe916feacea27137c2959475305901d6e64f23e0.jpg,3a5f21d9f2fbf1ae9eb9b5cebe916feacea27137c2959475305901d6e64f23e0,E,1,Miner/1 (15813).jpg
images/3a67e10c0d46a516fa1b7ce12f75afb28ab83dd51a7a8ea5f6b7285c333a9dbd.jpg,3a67e10c0d46a516fa1b7ce12f75afb28ab83dd51a7a8ea5f6b7285c333a9dbd,C,1,Cerscospora/7 (593).jpg
images/3a72700cb7a65197259d95cf80253942375f44bbd11a528c3720df665b41ff44.jpg,3a72700cb7a65197259d95cf80253942375f44bbd11a528c3720df665b41ff44,E,1,Miner/1 (11125).jpg
images/3a8dd65c809f863057d84abda0fe1fddf130795843d7b63e11c095ea5c24f15d.jpg,3a8dd65c809f863057d84abda0fe1fddf130795843d7b63e11c095ea5c24f15d,E,1,Miner/1 (12600).jpg
images/3ac50940de182ef5a533555de14aed7935bfce5f5d8637530f3a17e19718744c.jpg,3ac50940de182ef5a533555de14aed7935bfce5f5d8637530f3a17e19718744c,E,1,Miner/1 (15532).jpg
images/3ae6c250b7011c2845c9e0f61f1c553279faed65de51592bd20f2b20b25df4e6.jpg,3ae6c250b7011c2845c9e0f61f1c553279faed65de51592bd20f2b20b25df4e6,E,1,Miner/1 (10063).jpg
images/3aef389b74e709a945a94fc6b52c6cf45fa823a2230ea2ec51e5a8610c95f7a3.jpg,3aef389b74e709a945a94fc6b52c6cf45fa823a2230ea2ec51e5a8610c95f7a3,D,1,Phoma/3 (1311).jpg
images/3afd27debf02f7b965ccfe5d7954ae24cc768e6fa0a0814b7705fe8153937ccf.jpg,3afd27debf02f7b965ccfe5d7954ae24cc768e6fa0a0814b7705fe8153937ccf,B,1,Leaf rust/1 (449).jpg
images/3b081c651723773b2aadc931085a397d17ad8b8ba0eb470a1a5e16cf0bd83b2e.jpg,3b081c651723773b2aadc931085a397d17ad8b8ba0eb470a1a5e16cf0bd83b2e,B,1,Leaf rust/1 (442).jpg
images/3b10fc1e087223dae457253bba7d0d23b73c287f309d873763c736fd69835ce5.jpg,3b10fc1e087223dae457253bba7d0d23b73c287f309d873763c736fd69835ce5,E,1,Miner/1 (13869).jpg
images/3b3fa199c096ec36326641160e775cff42bce18d86eb2dd495924cc4113dc9e5.jpg,3b3fa199c096ec36326641160e775cff42bce18d86eb2dd495924cc4113dc9e5,D,1,Phoma/3 (908).jpg
images/3b5e4fbfcb3f3540ae7b7a15195b333bdc58c18f38debe3e32741dee50a71fe4.jpg,3b5e4fbfcb3f3540ae7b7a15195b333bdc58c18f38debe3e32741dee50a71fe4,E,1,Miner/1 (13582).jpg
images/3b63fbcfce1b3c49f4ab39b92e230f3c2131886c521fba0a9d451064609d91d1.jpg,3b63fbcfce1b3c49f4ab39b92e230f3c2131886c521fba0a9d451064609d91d1,E,1,Miner/1 (1067).jpg
images/3b6494676496e89ce80701d7a9a4afa1f5bba703de676dbe3458ba66c5153a88.jpg,3b6494676496e89ce80701d7a9a4afa1f5bba703de676dbe3458ba66c5153a88,D,1,Phoma/4 (287).jpg
images/3b65d2248819ab7c34ebee18140c844d77086da95de273e54a48d0044a109e86.jpg,3b65d2248819ab7c34ebee18140c844d77086da95de273e54a48d0044a109e86,B,1,Leaf rust/2 (909).jpg
images/3b75339e8b7e033dcadb0ee2705a0831b23ee5cdcd3b8eddcfe3d9f475164bb1.jpg,3b75339e8b7e033dcadb0ee2705a0831b23ee5cdcd3b8eddcfe3d9f475164bb1,C,1,Cerscospora/6 (404).jpg
images/3b77fdc0040f220c98885b840b6d1e45df06abf93cf19f22f5df84c02f5f8203.jpg,3b77fdc0040f220c98885b840b6d1e45df06abf93cf19f22f5df84c02f5f8203,B,1,Leaf rust/1 (461).jpg
images/3b881603ee21a2ed871d39da10ca6c2b4402e3b5824dbabd79c9fb4fa0596267.jpg,3b881603ee21a2ed871d39da10ca6c2b4402e3b5824dbabd79c9fb4fa0596267,B,1,Leaf rust/2 (547).jpg
images/3b8cef5f91b148ff1a191e1dad3b0daa9e99871a49712425aa7c49178e0c7068.jpg,3b8cef5f91b148ff1a191e1dad3b0daa9e99871a49712425aa7c49178e0c7068,E,1,Miner/1 (10308).jpg
images/3baa5c3c51dcad685874f673cf9420cdd2124984bb0093e923ceaeb280a076b4.jpg,3baa5c3c51dcad685874f673cf9420cdd2124984bb0093e923ceaeb280a076b4,E,1,Miner/1 (12868).jpg
images/3bae737e1273c2e89a940f160937a89190f5970a71d378558e5ccc1a803632cb.jpg,3bae737e1273c2e89a940f160937a89190f5970a71d378558e5ccc1a803632cb,E,1,Miner/1 (12663).jpg
images/3bce8dda8cde95dfe0b5b5a9a4da165820c5602acc008fc09503fa555684e383.jpg,3bce8dda8cde95dfe0b5b5a9a4da165820c5602acc008fc09503fa555684e383,C,1,Cerscospora/4 (115).jpg
images/3bfeafe75b1825a976fe60249e95253c0ac5deb4f764a01dd45969fd2b919345.jpg,3bfeafe75b1825a976fe60249e95253c0ac5deb4f764a01dd45969fd2b919345,A,1,Healthy/1 (2862).jpg
images/3bff3c98d2cfd5cef65f611ed5a7fcf3af0757cfb880193542dd96d319179f1f.jpg,3bff3c98d2cfd5cef65f611ed5a7fcf3af0757cfb880193542dd96d319179f1f,B,1,Leaf rust/2 (637).jpg
images/3c0e4fe46561e4b692cbef4c9d555f6064d0cb53cdc451dfb214f345e077745b.jpg,3c0e4fe46561e4b692cbef4c9d555f6064d0cb53cdc451dfb214f345e077745b,E,1,Miner/1 (11466).jpg
images/3c21fa0173e5d233477166673497adffa631f8d164a01a56a92c734966d5295e.jpg,3c21fa0173e5d233477166673497adffa631f8d164a01a56a92c734966d5295e,E,1,Miner/1 (13693).jpg
images/3c2cab57b0a74d53117218fd32fd06f1a045b70aa51310913cd3abb72037bce2.jpg,3c2cab57b0a74d53117218fd32fd06f1a045b70aa51310913cd3abb72037bce2,E,1,Miner/1 (12670).jpg
images/3c32504638595871a1dc28d581c4c072c101d1886217b0560c0f64b656475d2f.jpg,3c32504638595871a1dc28d581c4c072c101d1886217b0560c0f64b656475d2f,B,1,Leaf rust/1 (247).jpg
images/3c5a4cb131dd92ccee27a796461e9d127b21a34e24103998198c50fa304c03ab.jpg,3c5a4cb131dd92ccee27a796461e9d127b21a34e24103998198c50fa304c03ab,B,1,Leaf rust/1 (179).jpg
images/3c68311db24be33a078e157bbe274ddaeec6a0e15284eadf68d7e63c6d040405.jpg,3c68311db24be33a078e157bbe274ddaeec6a0e15284eadf68d7e63c6d040405,B,1,Leaf rust/2 (1005).jpg
images/3c6bb521b74643d896be8682df015523c80bbb8ee5632becca0a68171bb1c3c5.jpg,3c6bb521b74643d896be8682df015523c80bbb8ee5632becca0a68171bb1c3c5,B,1,Leaf rust/2 (517).jpg
images/3c7d0ef3805743ee1947925ad04032bc313aa0513f7337e4e834e84b79612032.jpg,3c7d0ef3805743ee1947925ad04032bc313aa0513f7337e4e834e84b79612032,E,1,Miner/1 (11286).jpg
images/3c80502e16b486f858cc2680b63de09d78b93b30331880da13b53bc453fe1a78.jpg,3c80502e16b486f858cc2680b63de09d78b93b30331880da13b53bc453fe1a78,E,1,Miner/1 (10754).jpg
images/3c91bbc0650a8e87e175a84abcba843eb51f6a8dccaa420a93c68883d50c638b.jpg,3c91bbc0650a8e87e175a84abcba843eb51f6a8dccaa420a93c68883d50c638b,D,1,Phoma/4 (261).jpg
images/3c9569e667ae459ab240b5ba2b9e396b6cd04f83c51986aa23da91c7523509a9.jpg,3c9569e667ae459ab240b5ba2b9e396b6cd04f83c51986aa23da91c7523509a9,E,1,Miner/1 (13839).jpg
images/3cab80645f54d6978fb4fd5ee47c7d7eb91078decc0c00c9eea43e5f33b1f458.jpg,3cab80645f54d6978fb4fd5ee47c7d7eb91078decc0c00c9eea43e5f33b1f458,D,1,Phoma/4 (382).jpg
images/3cb5ad22f5ddf6c2297b3eda011e1b9dda47f9269f573dddaa0d05b6c829009c.jpg,3cb5ad22f5ddf6c2297b3eda011e1b9dda47f9269f573dddaa0d05b6c829009c,C,1,Cerscospora/8 (675).jpg
images/3cb72070ea970331b05631a6e2c42e55b85cd8c08002deac9462523e6f25a8c5.jpg,3cb72070ea970331b05631a6e2c42e55b85cd8c08002deac9462523e6f25a8c5,E,1,Miner/1 (13699).jpg
images/3cc095a1c4a362b4dfccbf21bbdcb229ff46abdbbb131347cfa0d0b5efb70dca.jpg,3cc095a1c4a362b4dfccbf21bbdcb229ff46abdbbb131347cfa0d0b5efb70dca,B,1,Leaf rust/2 (1019).jpg
images/3cc8e1139c5d43c5ef49a54787231ffc23d769e248bc2f29f65d710f2ef672d5.jpg,3cc8e1139c5d43c5ef49a54787231ffc23d769e248bc2f29f65d710f2ef672d5,E,1,Miner/1 (12523).jpg
images/3cdbf39cca2793a0c7317b233f6fc9b9ae937bbe22d53a64d5d59621d3b8e98d.jpg,3cdbf39cca2793a0c7317b233f6fc9b9ae937bbe22d53a64d5d59621d3b8e98d,B,1,Leaf rust/1 (228).jpg
images/3ce297b2c3a19d1015e081ed3ac1afb1bb0e793955275a643d89aa8140ebe2c1.jpg,3ce297b2c3a19d1015e081ed3ac1afb1bb0e793955275a643d89aa8140ebe2c1,E,1,Miner/1 (12853).jpg
images/3cf632c8606f15b8214287422d86e927b2aad8e9f012f3123d73e28eb4379518.jpg,3cf632c8606f15b8214287422d86e927b2aad8e9f012f3123d73e28eb4379518,E,1,Miner/1 (13895).jpg
images/3cf6e58abbdc3548cb534dce3eb7748af536575f789c90e6ea7f9e9f025af1b2.jpg,3cf6e58abbdc3548cb534dce3eb7748af536575f789c90e6ea7f9e9f025af1b2,E,1,Miner/1 (12550).jpg
images/3cfe84a78ea0131ac350191eb9630c59fc46e20392a22a0c28a36c0236959141.jpg,3cfe84a78ea0131ac350191eb9630c59fc46e20392a22a0c28a36c0236959141,D,1,Phoma/1 (139).jpg
images/3d0e1f792075d09f3306de8f91fcb48680d2ead489e525bfa5d2fe509ef03473.jpg,3d0e1f792075d09f3306de8f91fcb48680d2ead489e525bfa5d2fe509ef03473,E,1,Miner/1 (14175).jpg
images/3d10e9094fa3220fbbaf4f8264748f41078cc77f77231ddd8be63e6c6353c203.jpg,3d10e9094fa3220fbbaf4f8264748f41078cc77f77231ddd8be63e6c6353c203,D,1,Phoma/2 (149).jpg
images/3d169ff99048159a70b0ca81803c94b54f6d1feb916fdde9b6d7f8862cd9b82b.jpg,3d169ff99048159a70b0ca81803c94b54f6d1feb916fdde9b6d7f8862cd9b82b,E,1,Miner/1 (13492).jpg
images/3d256781fd7ef3a930496348c3aeb5b6add853c635438e8aeaf2a89cf92562c6.jpg,3d256781fd7ef3a930496348c3aeb5b6add853c635438e8aeaf2a89cf92562c6,E,1,Miner/1 (12528).jpg
images/3d374599f030c6c557646f4450b9c2f1e3ae64993ec5ec27d81b2e5979f50004.jpg,3d374599f030c6c557646f4450b9c2f1e3ae64993ec5ec27d81b2e5979f50004,B,1,Leaf rust/2 (788).jpg
images/3d4e1ead0297e1581b178c7cb472743e95a7c5a50d81f33fdc5f939ecea36032.jpg,3d4e1ead0297e1581b178c7cb472743e95a7c5a50d81f33fdc5f939ecea36032,B,1,Leaf rust/2 (957).jpg
images/3d57bb479ec83c5ac991b04f97cb548b190b8d1539ef09e4bdf3cc35050cc055.jpg,3d57bb479ec83c5ac991b04f97cb548b190b8d1539ef09e4bdf3cc35050cc055,D,1,Phoma/1 (898).jpg
images/3d5b48b35580981bdbac53462647c2140b585fbfcd2714d9ba4834275583ed59.jpg,3d5b48b35580981bdbac53462647c2140b585fbfcd2714d9ba4834275583ed59,D,1,Phoma/4 (284).jpg
images/3d65e7d9541fd924e8e196cef99c07c22cedfa101ad08677e887a2c719e75d53.jpg,3d65e7d9541fd924e8e196cef99c07c22cedfa101ad08677e887a2c719e75d53,B,1,Leaf rust/1 (203).jpg
images/3d85e7dad2c33a1a99b9d041ba075e0397fefcd2761de529ef818e0c50810103.jpg,3d85e7dad2c33a1a99b9d041ba075e0397fefcd2761de529ef818e0c50810103,D,1,Phoma/4 (590).jpg
images/3d9e7d33bf0ba29842cfffedfc9b2110cd26d37429e330157430b88903cc7edf.jpg,3d9e7d33bf0ba29842cfffedfc9b2110cd26d37429e330157430b88903cc7edf,B,1,Leaf rust/1 (235).jpg
images/3daae6c0c12b6ce81266fac4a5d559f627ce6fb4a8e43fbaa98dddf18e9fc767.jpg,3daae6c0c12b6ce81266fac4a5d559f627ce6fb4a8e43fbaa98dddf18e9fc767,A,1,Healthy/1 (5).jpg
images/3dc01f7b74afe4ddc6d8d00ba9165caa2df87d1725582e3b0a6c233e75bf03be.jpg,3dc01f7b74afe4ddc6d8d00ba9165caa2df87d1725582e3b0a6c233e75bf03be,C,1,Cerscospora/6 (863).jpg
images/3dc970ed1a76d2796cd7ba84ce2e73a2279a166a35f30ff6fbd2c7d717f2f898.jpg,3dc970ed1a76d2796cd7ba84ce2e73a2279a166a35f30ff6fbd2c7d717f2f898,C,1,Cerscospora/7 (505).jpg
images/3dfa80626ee235b61528ccc0bd7425bcde25521641b4432c6c9b4dfa348dd63c.jpg,3dfa80626ee235b61528ccc0bd7425bcde25521641b4432c6c9b4dfa348dd63c,E,1,Miner/1 (10032).jpg
images/3e05c9655da57f3580c8026ad416ef8497933997304c5379108c6141851273ff.jpg,3e05c9655da57f3580c8026ad416ef8497933997304c5379108c6141851273ff,E,1,Miner/1 (12201).jpg
images/3e0fded1d9e4b11152caee9142398292dc3e34491913356b58424a8c9570d95d.jpg,3e0fded1d9e4b11152caee9142398292dc3e34491913356b58424a8c9570d95d,B,1,Leaf rust/1 (12).jpg
images/3e22ec90ea26413e44696faf040ec08411516b98ce77e81f1494681ba1bf3163.jpg,3e22ec90ea26413e44696faf040ec08411516b98ce77e81f1494681ba1bf3163,D,1,Phoma/1 (183).jpg
images/3e402f700268957332186f3e5f31d7ac1618da16458640ff0af8ea27bc0e287d.jpg,3e402f700268957332186f3e5f31d7ac1618da16458640ff0af8ea27bc0e287d,E,1,Miner/1 (11862).jpg
images/3e5d2b6c85891b97df0d29d398f7392dccb4448a1776bb51d2ec432f855f1cc7.jpg,3e5d2b6c85891b97df0d29d398f7392dccb4448a1776bb51d2ec432f855f1cc7,E,1,Miner/1 (13842).jpg
images/3e69df6a15a8c6bed6a1bdefe33ff5fb02e7347bbdac82de8ac6fbcfe8c643b0.jpg,3e69df6a15a8c6bed6a1bdefe33ff5fb02e7347bbdac82de8ac6fbcfe8c643b0,B,1,Leaf rust/2 (870).jpg
images/3e7fb879d1e44ffd97f7b9353f5e64bba70237726e5e5f950ec586f2b961c6d6.jpg,3e7fb879d1e44ffd97f7b9353f5e64bba70237726e5e5f950ec586f2b961c6d6,C,1,Cerscospora/4 (293).jpg
images/3e8c20c43bac47d01fb4dd88282622a1e073f136ff6ed5ae7c088691561b78df.jpg,3e8c20c43bac47d01fb4dd88282622a1e073f136ff6ed5ae7c088691561b78df,B,1,Leaf rust/1 (359).jpg
images/3e9113d66eb96cf20aa4c829b565ad0f9567f7562af5186c5a25e24600052de5.jpg,3e9113d66eb96cf20aa4c829b565ad0f9567f7562af5186c5a25e24600052de5,E,1,Miner/1 (14305).jpg
images/3e96b18d7af5e601e0d831ea61ed412523f48f1333a7dc4094d372aefa295aec.jpg,3e96b18d7af5e601e0d831ea61ed412523f48f1333a7dc4094d372aefa295aec,B,1,Leaf rust/1 (512).jpg
images/3e977a67d47052e2954c17ae68863be864198f87052ccb444d9b2b3442728927.jpg,3e977a67d47052e2954c17ae68863be864198f87052ccb444d9b2b3442728927,E,1,Miner/1 (10750).jpg
images/3ea1930fb822a0f2bcdd0c9cc040af95d7874a7f4aab9455390e0633ad43a1ce.jpg,3ea1930fb822a0f2bcdd0c9cc040af95d7874a7f4aab9455390e0633ad43a1ce,D,1,Phoma/1 (225).jpg
images/3ec7e7d7f6543dd684ce7765d73e17a4f2d943145d60ae23192a02b772222789.jpg,3ec7e7d7f6543dd684ce7765d73e17a4f2d943145d60ae23192a02b772222789,E,1,Miner/1 (11870).jpg
images/3ecf50bc929a269e7885c4bfd70b1bd3c5ed7eac08a7b1335635038715505a45.jpg,3ecf50bc929a269e7885c4bfd70b1bd3c5ed7eac08a7b1335635038715505a45,E,1,Miner/1 (15679).jpg
images/3ed93ea0e1418b903c1c8c835564a57273f825730f07d7f153a965ae0e027ef8.jpg,3ed93ea0e1418b903c1c8c835564a57273f825730f07d7f153a965ae0e027ef8,B,1,Leaf rust/1 (171).jpg
images/3eea640f2dc62c3231d60d3aba0ee5031fa55e83678cbe07c65339b00c26f779.jpg,3eea640f2dc62c3231d60d3aba0ee5031fa55e83678cbe07c65339b00c26f779,D,1,Phoma/2 (338).jpg
images/3ef522b013c47739f9fc0c75a410f284ed461d9180875356b741dbf4ae09ad65.jpg,3ef522b013c47739f9fc0c75a410f284ed461d9180875356b741dbf4ae09ad65,B,1,Leaf rust/2 (964).jpg
images/3efc94f60415961af4726230927723bb7804597603e0f699f91d42463138de64.jpg,3efc94f60415961af4726230927723bb7804597603e0f699f91d42463138de64,E,1,Miner/1 (10134).jpg
images/3f19af53644a77a07018e5a0f78566406196160ce1c43dee9ee38d36060c388e.jpg,3f19af53644a77a07018e5a0f78566406196160ce1c43dee9ee38d36060c388e,E,1,Miner/1 (10256).jpg
images/3f4165704795e8928456ca317142e1927cdbae89a0bab5e33ec6f7e0b147034b.jpg,3f4165704795e8928456ca317142e1927cdbae89a0bab5e33ec6f7e0b147034b,B,1,Leaf rust/2 (728).jpg
images/3f4a6f1d5a10b77669ef187b8c66420c2a46e9558a135d40e385f2f84db97985.jpg,3f4a6f1d5a10b77669ef187b8c66420c2a46e9558a135d40e385f2f84db97985,B,1,Leaf rust/2 (559).jpg
images/3f4ae45b415b4d29796831b9c83f30a0f692a4233e448c1cf6908b86b61c83cf.jpg,3f4ae45b415b4d29796831b9c83f30a0f692a4233e448c1cf6908b86b61c83cf,E,1,Miner/1 (13873).jpg
images/3f4d8fb1970e828210d536e2e8549ccb2a3431b43798af70dc15d3430b7ff8c8.jpg,3f4d8fb1970e828210d536e2e8549ccb2a3431b43798af70dc15d3430b7ff8c8,B,1,Leaf rust/2 (765).jpg
images/3f52d42f0654e4f67aa1e338dce0e680ebb8a8585f6a3e87a8bad7c06046bf0c.jpg,3f52d42f0654e4f67aa1e338dce0e680ebb8a8585f6a3e87a8bad7c06046bf0c,E,1,Miner/1 (13506).jpg
images/3f5e633369307e3b4f84be42b56b5ff3df561cb77b02562ab432d1d8680ca9ad.jpg,3f5e633369307e3b4f84be42b56b5ff3df561cb77b02562ab432d1d8680ca9ad,E,1,Miner/1 (11460).jpg
images/3f9a7e5f90317c820f7da41dd905d93302a1deaa69ec439462286adf1219c3b8.jpg,3f9a7e5f90317c820f7da41dd905d93302a1deaa69ec439462286adf1219c3b8,B,1,Leaf rust/2 (705).jpg
images/3fa0f46af1b5a2c063f3f6a59b0cbadf2b96279c55944cdfb9d2e69cd8ab391d.jpg,3fa0f46af1b5a2c063f3f6a59b0cbadf2b96279c55944cdfb9d2e69cd8ab391d,B,1,Leaf rust/1 (435).jpg
images/3fcc3902931e6a38b14d3b81277434338764f67dc180fcf9c7fb2f5555db776c.jpg,3fcc3902931e6a38b14d3b81277434338764f67dc180fcf9c7fb2f5555db776c,E,1,Miner/1 (13339).jpg
images/3fd81be94ec0be78400030f83629bdacfa808c8821b403dcdeadb7aacef2374f.jpg,3fd81be94ec0be78400030f83629bdacfa808c8821b403dcdeadb7aacef2374f,E,1,Miner/1 (12083).jpg
images/40379c79e768f1be93105c76c1be3d99883c2cf8b966c4421ad7f894f8a97f8d.jpg,40379c79e768f1be93105c76c1be3d99883c2cf8b966c4421ad7f894f8a97f8d,B,1,Leaf rust/2 (556).jpg
images/403bc27d5b972593352a46af6783706c0b39b45d324497b92d38ee306ba20040.jpg,403bc27d5b972593352a46af6783706c0b39b45d324497b92d38ee306ba20040,E,1,Miner/1 (10400).jpg
images/404fb06ba9f24acebdd90292e5c9064f1e20ec66f029c66cc699299a49c9b60e.jpg,404fb06ba9f24acebdd90292e5c9064f1e20ec66f029c66cc699299a49c9b60e,B,1,Leaf rust/1 (275).jpg
images/40547d582b5bfaa9d5e0da01bad4bcbfa67a66ff8f03384f8c41c8a49d15eea7.jpg,40547d582b5bfaa9d5e0da01bad4bcbfa67a66ff8f03384f8c41c8a49d15eea7,B,1,Leaf rust/2 (697).jpg
images/40616ecec4e277577b425f572a332b5e27c3eb0e53de1e0b11fc4bc51f3f515d.jpg,40616ecec4e277577b425f572a332b5e27c3eb0e53de1e0b11fc4bc51f3f515d,E,1,Miner/1 (11566).jpg
images/408df871764b439c36a5dc366229abb7eae63d73e9fedfda13c59158c633344a.jpg,408df871764b439c36a5dc366229abb7eae63d73e9fedfda13c59158c633344a,E,1,Miner/1 (15535).jpg
images/409244acf38459a896c9f39cf72ae2da451b3838e90fee6d5dd26f9132f9fe7f.jpg,409244acf38459a896c9f39cf72ae2da451b3838e90fee6d5dd26f9132f9fe7f,E,1,Miner/1 (11636).jpg
images/409d118e979b3899b170585138454696dff48d3fdaeb09545391c32abac79da8.jpg,409d118e979b3899b170585138454696dff48d3fdaeb09545391c32abac79da8,E,1,Miner/1 (13867).jpg
images/40ac613f6c27bc670c876e07b9b14e09117ca7d19eef733ac0127f3326ece453.jpg,40ac613f6c27bc670c876e07b9b14e09117ca7d19eef733ac0127f3326ece453,B,1,Leaf rust/2 (599).jpg
images/40cb3b57731c7a674c70d1658f346ce0bba58c133515cac33a80be44a1eff543.jpg,40cb3b57731c7a674c70d1658f346ce0bba58c133515cac33a80be44a1eff543,E,1,Miner/1 (10086).jpg
images/40d85b89487dbaaab076678c7a802bbc4b9fac57e122aa311f28e5dc4458bdaa.jpg,40d85b89487dbaaab076678c7a802bbc4b9fac57e122aa311f28e5dc4458bdaa,E,1,Miner/1 (10392).jpg
images/41066e6171da8e7dae4163312830aae2aada5e1e62b3dc10c6a2e8bd80bad9a8.jpg,41066e6171da8e7dae4163312830aae2aada5e1e62b3dc10c6a2e8bd80bad9a8,B,1,Leaf rust/1 (382).jpg
images/411d37ca5cea9bc16bf02b54233a813361d4696ce77f0f60af9454e73b5396f5.jpg,411d37ca5cea9bc16bf02b54233a813361d4696ce77f0f60af9454e73b5396f5,C,1,Cerscospora/6 (10).jpg
images/411e6ac4077d85da03a60b3e4d867d386f43032df6099b86f6d943edc02b31fb.jpg,411e6ac4077d85da03a60b3e4d867d386f43032df6099b86f6d943edc02b31fb,B,1,Leaf rust/1 (262).jpg
images/4125ad11c939d4d58ad24323f340183d05ab0ef1cbdf00637a4b8fe1989bb540.jpg,4125ad11c939d4d58ad24323f340183d05ab0ef1cbdf00637a4b8fe1989bb540,B,1,Leaf rust/1 (127).jpg
images/4127a54f8e28d01dba2935df9e9c122f29833b6f1cbac4e0f1eb663aecaae601.jpg,4127a54f8e28d01dba2935df9e9c122f29833b6f1cbac4e0f1eb663aecaae601,E,1,Miner/1 (15626).jpg
images/41283147dd394a192cef3f34d9c3c4b004e62f91cad4bfab972d2ec8e100493b.jpg,41283147dd394a192cef3f34d9c3c4b004e62f91cad4bfab972d2ec8e100493b,E,1,Miner/1 (14854).jpg
images/412c90d3a90b7977debb3633aa3d036daebbec333cefd688900be0b51777d742.jpg,412c90d3a90b7977debb3633aa3d036daebbec333cefd688900be0b51777d742,D,1,Phoma/1 (297).jpg
images/4169acbe573099c9145278c9bf386026c703c874de4d1e52e9fb973f7137532d.jpg,4169acbe573099c9145278c9bf386026c703c874de4d1e52e9fb973f7137532d,E,1,Miner/1 (10306).jpg
images/4181d6a16edecfbd346d061faf70c0d5481a48ff60054bb9b1e520afb587a652.jpg,4181d6a16edecfbd346d061faf70c0d5481a48ff60054bb9b1e520afb587a652,D,1,Phoma/1 (257).jpg
images/41c2a00dc60b46b34c589d8eab63dbb8adb0f0f8a08e980572f7c74f2a382c71.jpg,41c2a00dc60b46b34c589d8eab63dbb8adb0f0f8a08e980572f7c74f2a382c71,E,1,Miner/1 (10732).jpg
images/41d5176045793f0e99da66212d9891d762e2ddcb004a41a95623a8c2eb6bf925.jpg,41d5176045793f0e99da66212d9891d762e2ddcb004a41a95623a8c2eb6bf925,D,1,Phoma/4 (370).jpg
images/41d58c1a6e0aeb796f95f231f57a53178be216619f2a3799720ba4cbf4bd36a8.jpg,41d58c1a6e0aeb796f95f231f57a53178be216619f2a3799720ba4cbf4bd36a8,D,1,Phoma/1 (544).jpg
images/41eb4f88bc699ab6e260c865eb81ca4301ec7d86e221661b6c38c2cc1cfd6666.jpg,41eb4f88bc699ab6e260c865eb81ca4301ec7d86e221661b6c38c2cc1cfd6666,E,1,Miner/1 (14653).jpg
images/42015b04eb374f8e7f42c2003b8582bdca2cf24a7334127e92d9ff524fa36eaf.jpg,42015b04eb374f8e7f42c2003b8582bdca2cf24a7334127e92d9ff524fa36eaf,B,1,Leaf rust/1 (501).jpg
images/4201934a7b301923e4b315f6fa5e8cb0c25b4af4b25c5d5c10f34e9b378df7df.jpg,4201934a7b301923e4b315f6fa5e8cb0c25b4af4b25c5d5c10f34e9b378df7df,E,1,Miner/1 (10957).jpg
images/421be0565424a66e084d16ff255efc1f149dcb8d59969e1b100f40897a2aa76d.jpg,421be0565424a66e084d16ff255efc1f149dcb8d59969e1b100f40897a2aa76d,E,1,Miner/1 (11100).jpg
images/422365ee506116db3fc05bec65ef09b8edb332178fdacc52534847fd1769173e.jpg,422365ee506116db3fc05bec65ef09b8edb332178fdacc52534847fd1769173e,C,1,Cerscospora/8 (187).jpg
images/42276546ea08d8cfed2f647aaea0ff51639d568a66a0c5449fc13433fe539417.jpg,42276546ea08d8cfed2f647aaea0ff51639d568a66a0c5449fc13433fe539417,B,1,Leaf rust/1 (83).jpg
images/42392ac9cef628b82ccf90683a94febf53d923382612a4dc7c4cf749f6b16848.jpg,42392ac9cef628b82ccf90683a94febf53d923382612a4dc7c4cf749f6b16848,E,1,Miner/1 (11702).jpg
images/42452b35fcd8c3d8c3156ae8680d579102074d2bb06a4b622b926eb3081bfe90.jpg,42452b35fcd8c3d8c3156ae8680d579102074d2bb06a4b622b926eb3081bfe90,E,1,Miner/1 (12213).jpg
images/424f1c7403b4626fe96411a2c934b0944f0ad91457fc7d05676d1be2d558ac88.jpg,424f1c7403b4626fe96411a2c934b0944f0ad91457fc7d05676d1be2d558ac88,E,1,Miner/1 (11917).jpg
images/425b0aeea17fa00b9e9ae2ac1755878e141815fe1e21b406e146a343e4da7a09.jpg,425b0aeea17fa00b9e9ae2ac1755878e141815fe1e21b406e146a343e4da7a09,C,1,Cerscospora/6 (122).jpg
images/4269624b0d27ec219f4cb63a793abf89a141b3863c4d69e149002aed39054f5a.jpg,4269624b0d27ec219f4cb63a793abf89a141b3863c4d69e149002aed39054f5a,B,1,Leaf rust/1 (287).jpg
images/4269cd501fd3ac69db007fbcaf25c82450def22c7cac0a25874b48d10d2784ef.jpg,4269cd501fd3ac69db007fbcaf25c82450def22c7cac0a25874b48d10d2784ef,E,1,Miner/1 (10045).jpg
images/429a3963aebe02c4b3fbcc84282deaaf6e1a4df5d5bedf15acecff4a4257f674.jpg,429a3963aebe02c4b3fbcc84282deaaf6e1a4df5d5bedf15acecff4a4257f674,E,1,Miner/1 (12531).jpg
images/42a37a735e50ee51f46fa427c287fe6533be424353f698976105da8cdbb31ba8.jpg,42a37a735e50ee51f46fa427c287fe6533be424353f698976105da8cdbb31ba8,B,1,Leaf rust/2 (645).jpg
images/42b2319d938bc98ef83bdd858cb6940acb928d58c2af94f8fb9a988fa8b77f21.jpg,42b2319d938bc98ef83bdd858cb6940acb928d58c2af94f8fb9a988fa8b77f21,B,1,Leaf rust/2 (992).jpg
images/42b8c6e1678e690bc0b97d8e50002245216e8a1adbd8d7322b31abc64fecbef0.jpg,42b8c6e1678e690bc0b97d8e50002245216e8a1adbd8d7322b31abc64fecbef0,D,1,Phoma/2 (150).jpg
images/42c52c16ca09b3c46a0753b8a27ecf1f467a4f45b17c98e99065faf51635321a.jpg,42c52c16ca09b3c46a0753b8a27ecf1f467a4f45b17c98e99065faf51635321a,E,1,Miner/1 (12093).jpg
images/42c81e60065f47d95722dae54d698b8493537807fa287e85cd76828ee37f8400.jpg,42c81e60065f47d95722dae54d698b8493537807fa287e85cd76828ee37f8400,E,1,Miner/1 (12850).jpg
images/42cdff7e32c3e562bdf1ed256f247a5135e0dc6549ae46519c7c533220fc8246.jpg,42cdff7e32c3e562bdf1ed256f247a5135e0dc6549ae46519c7c533220fc8246,D,1,Phoma/2 (604).jpg
images/42ceda257baa362daa74b81bef6ad4d8f6af786e7eca33b4c0199a219a46acee.jpg,42ceda257baa362daa74b81bef6ad4d8f6af786e7eca33b4c0199a219a46acee,E,1,Miner/1 (12207).jpg
images/42d7689d6c807175a098bedd0e6fdd91299ac5d52125b16c4c7ef72a3c06d4cf.jpg,42d7689d6c807175a098bedd0e6fdd91299ac5d52125b16c4c7ef72a3c06d4cf,E,1,Miner/1 (12192).jpg
images/42e2251f220ca9befccf0527dfefee48a1fbe21ccda69527f43946281659fad9.jpg,42e2251f220ca9befccf0527dfefee48a1fbe21ccda69527f43946281659fad9,E,1,Miner/1 (14779).jpg
images/42e4d3e11ec9e7e2eedfb7b843f79f9e742468d498b2cb5ab59335bb3cc6c62e.jpg,42e4d3e11ec9e7e2eedfb7b843f79f9e742468d498b2cb5ab59335bb3cc6c62e,B,1,Leaf rust/1 (70).jpg
images/42ed00a5c927a5a6ba84ae9ede342e2c2c3e4906dcf57f7053e53652822dc3d1.jpg,42ed00a5c927a5a6ba84ae9ede342e2c2c3e4906dcf57f7053e53652822dc3d1,B,1,Leaf rust/1 (425).jpg
images/42ee210a65882dc48d974c724e45109e4ea438aab7eb16e69231a09095f333c9.jpg,42ee210a65882dc48d974c724e45109e4ea438aab7eb16e69231a09095f333c9,B,1,Leaf rust/1 (398).jpg
images/42fd56ae0a46eacf51a7645475ae990d8dc8d998c79656f9cdd68bccd127f16b.jpg,42fd56ae0a46eacf51a7645475ae990d8dc8d998c79656f9cdd68bccd127f16b,E,1,Miner/1 (10201).jpg
images/431df115b27a1499cd53a87c5d5658212f3292e704fdb8267b2f0d5d2b6035bc.jpg,431df115b27a1499cd53a87c5d5658212f3292e704fdb8267b2f0d5d2b6035bc,C,1,Cerscospora/8 (137).jpg
images/43267c99880f1a1398c412e24b2a6d8281f5dd3dc8c2786bf8230c33dedb0d9d.jpg,43267c99880f1a1398c412e24b2a6d8281f5dd3dc8c2786bf8230c33dedb0d9d,E,1,Miner/1 (14651).jpg
images/4341374e5647259c12045eb83e7095ff2f9d797c1b7a0eeea4de99d4f20bccef.jpg,4341374e5647259c12045eb83e7095ff2f9d797c1b7a0eeea4de99d4f20bccef,C,1,Cerscospora/8 (101).jpg
images/4343351564d89d6736019d2468c1e7ba337936df167bf25cc87ebe56336a0bca.jpg,4343351564d89d6736019d2468c1e7ba337936df167bf25cc87ebe56336a0bca,D,1,Phoma/2 (329).jpg
images/434705c327ec5bc0a4c3eaa115be90c2c1231068214bf2abc252758bada1daa1.jpg,434705c327ec5bc0a4c3eaa115be90c2c1231068214bf2abc252758bada1daa1,E,1,Miner/1 (13819).jpg
images/4349047a3a6f7b846b7e83351e77decd82c4ba36454a7d0b260b8e83e42ffc2f.jpg,4349047a3a6f7b846b7e83351e77decd82c4ba36454a7d0b260b8e83e42ffc2f,E,1,Miner/1 (11009).jpg
images/43644196cc64545d24034fd4c279246f5f937a36d90be2f79df0b2c0655ec7c2.jpg,43644196cc64545d24034fd4c279246f5f937a36d90be2f79df0b2c0655ec7c2,E,1,Miner/1 (14663).jpg
images/4371e0d502ceff09554831593e6bac23460085f429ced84a609de9e27001b5e3.jpg,4371e0d502ceff09554831593e6bac23460085f429ced84a609de9e27001b5e3,E,1,Miner/1 (15526).jpg
images/437523597764cec4ededc93c59e16fd0eb1bf6a84595a593e8dad3aba1ea7087.jpg,437523597764cec4ededc93c59e16fd0eb1bf6a84595a593e8dad3aba1ea7087,D,1,Phoma/2 (380).jpg
images/437a651b43b3b544a52f62c9672f0f9d17141b8dec522b6798183f7716cef755.jpg,437a651b43b3b544a52f62c9672f0f9d17141b8dec522b6798183f7716cef755,E,1,Miner/1 (11570).jpg
images/438500e7880f90e12b502ff55c1db773970d00658fcebb878e992c74b1f62b6b.jpg,438500e7880f90e12b502ff55c1db773970d00658fcebb878e992c74b1f62b6b,E,1,Miner/1 (14156).jpg
images/4390fb5d251b1caaf0528f4d1742dbf303c8f058a17ec7a0f06848881043674c.jpg,4390fb5d251b1caaf0528f4d1742dbf303c8f058a17ec7a0f06848881043674c,E,1,Miner/1 (10338).jpg
images/43aa03f844ad3d52eda62d15956e876df597e98b1a08bbbc8150fe916c8886f7.jpg,43aa03f844ad3d52eda62d15956e876df597e98b1a08bbbc8150fe916c8886f7,E,1,Miner/1 (14857).jpg
images/43b9c85613dcd268f084af37db098614aa65ebd1ce843a1d1fa7430f64b4d52e.jpg,43b9c85613dcd268f084af37db098614aa65ebd1ce843a1d1fa7430f64b4d52e,E,1,Miner/1 (13757).jpg
images/43d2fbf135fcb70c96555c15b2069f7f0eb3d2f9a0df0e3137b60f693e3e2839.jpg,43d2fbf135fcb70c96555c15b2069f7f0eb3d2f9a0df0e3137b60f693e3e2839,E,1,Miner/1 (10253).jpg
images/43d98d820f4d257f57f7d014b27ad9570aa177906992807ba4ac54cd22315b7c.jpg,43d98d820f4d257f57f7d014b27ad9570aa177906992807ba4ac54cd22315b7c,B,1,Leaf rust/2 (707).jpg
images/43ebbf6d9fa00e20e52de55a7b3db38e722a38e310bb32c7e0bd56143930a591.jpg,43ebbf6d9fa00e20e52de55a7b3db38e722a38e310bb32c7e0bd56143930a591,C,1,Cerscospora/7 (333).jpg
images/440353bf8641cfe76bf261ec7fbd04e92c5926527e7e8817cc4c141f0511b3da.jpg,440353bf8641cfe76bf261ec7fbd04e92c5926527e7e8817cc4c141f0511b3da,E,1,Miner/1 (10126).jpg
images/44231c12733a1d2614bed52f4d0eb885d617df7dcc3cc83779c8641c68f161a2.jpg,44231c12733a1d2614bed52f4d0eb885d617df7dcc3cc83779c8641c68f161a2,B,1,Leaf rust/2 (641).jpg
images/44459232d9c6a8fb76d21d5ec06047b1f119926e2b6e23a67bc816c16800d3c3.jpg,44459232d9c6a8fb76d21d5ec06047b1f119926e2b6e23a67bc816c16800d3c3,B,1,Leaf rust/1 (162).jpg
images/44576f06f797a052a9c79b9236b2e1df8e9d733efe0bcf078588a9542d6e83dc.jpg,44576f06f797a052a9c79b9236b2e1df8e9d733efe0bcf078588a9542d6e83dc,E,1,Miner/1 (11124).jpg
images/4457f2f4910f8020ec2f81b38273a8dd729ebccf03f3c6e1a277fdc8384c30dc.jpg,4457f2f4910f8020ec2f81b38273a8dd729ebccf03f3c6e1a277fdc8384c30dc,C,1,Cerscospora/8 (289).jpg
images/4459a4ee09d2bbceb5f14dd82121d637f74157da09b76098ad42098136ea13a2.jpg,4459a4ee09d2bbceb5f14dd82121d637f74157da09b76098ad42098136ea13a2,B,1,Leaf rust/1 (473).jpg
images/44699213788433b1af8192e9747ac527f262837efc8504d170b7e8fe9a20af08.jpg,44699213788433b1af8192e9747ac527f262837efc8504d170b7e8fe9a20af08,D,1,Phoma/2 (471).jpg
images/446aeb8c076fc03d147fddf679aa8938936b8fed9d0d6167e23a05c131647138.jpg,446aeb8c076fc03d147fddf679aa8938936b8fed9d0d6167e23a05c131647138,B,1,Leaf rust/2 (812).jpg
images/446fab48c3dd0080cd87641ea1214e445c615d26c8c580697cc4b92f1741039f.jpg,446fab48c3dd0080cd87641ea1214e445c615d26c8c580697cc4b92f1741039f,C,1,Cerscospora/8 (733).jpg
images/44961e208eaac08e772f590c0676ac67cea04930e79cc96633f3d8858dfcbd17.jpg,44961e208eaac08e772f590c0676ac67cea04930e79cc96633f3d8858dfcbd17,C,1,Cerscospora/8 (1).jpg
images/44a138e4593a44277e2991e49d344adbe03b90cbfd463bea1bbb4e5d5b30b610.jpg,44a138e4593a44277e2991e49d344adbe03b90cbfd463bea1bbb4e5d5b30b610,E,1,Miner/1 (12048).jpg
images/44a22c8310795c061bcd89c45103032b828658d6218a3f3952743eb4d0245228.jpg,44a22c8310795c061bcd89c45103032b828658d6218a3f3952743eb4d0245228,C,1,Cerscospora/4 (684).jpg
images/44be877f65723f6c15a9f0c476c142572f01bd904591713979f40a85850cdd8a.jpg,44be877f65723f6c15a9f0c476c142572f01bd904591713979f40a85850cdd8a,E,1,Miner/1 (13238).jpg
images/44e7e870ab287117aea1631e95d34e993ef419cd7a88c827e6d86e322462b917.jpg,44e7e870ab287117aea1631e95d34e993ef419cd7a88c827e6d86e322462b917,D,1,Phoma/3 (1187).jpg
images/44f02697c97b402f2ff888756e8825a8c9a778fd19768890ff6b6a5aa90b4c51.jpg,44f02697c97b402f2ff888756e8825a8c9a778fd19768890ff6b6a5aa90b4c51,C,1,Cerscospora/7 (170).jpg
images/44f0fb13a74e5d84270c7b35d259fde989dee9d48e3e2ef34e3418ce8be0f9a2.jpg,44f0fb13a74e5d84270c7b35d259fde989dee9d48e3e2ef34e3418ce8be0f9a2,E,1,Miner/1 (14170).jpg
images/4519941982692f102ed9b1c2c77f025989141de4a1c823ae8027bfb241254418.jpg,4519941982692f102ed9b1c2c77f025989141de4a1c823ae8027bfb241254418,E,1,Miner/1 (13131).jpg
images/45246336fd4cd991f71047c5832eeef7ba6c034874dae042f63a701f84f4f05f.jpg,45246336fd4cd991f71047c5832eeef7ba6c034874dae042f63a701f84f4f05f,E,1,Miner/1 (14098).jpg
images/4525171e389e49eac8ea8de528e07afec8c24f559093f9c1a4aac9ea4be43693.jpg,4525171e389e49eac8ea8de528e07afec8c24f559093f9c1a4aac9ea4be43693,B,1,Leaf rust/2 (526).jpg
images/4527d1db5dccf1c0780462e73068447d115cae03886f28c47ca0ebe9a92c57b5.jpg,4527d1db5dccf1c0780462e73068447d115cae03886f28c47ca0ebe9a92c57b5,E,1,Miner/1 (13583).jpg
images/45329baf53a1590883e9643287f2f481aee808c943a8f9ee4f49b1a15f10fcc1.jpg,45329baf53a1590883e9643287f2f481aee808c943a8f9ee4f49b1a15f10fcc1,E,1,Miner/1 (11091).jpg
images/4557ab9c54c213a17b00e7b9e6beaf44904e3997c31ac688c28fd3d82744b212.jpg,4557ab9c54c213a17b00e7b9e6beaf44904e3997c31ac688c28fd3d82744b212,D,1,Phoma/1 (436).jpg
images/45aa2dbc859896595740b905e12c8c6894c5dfbfda09eae98e503c8d7ccbf564.jpg,45aa2dbc859896595740b905e12c8c6894c5dfbfda09eae98e503c8d7ccbf564,B,1,Leaf rust/2 (892).jpg
images/45ac0e757c95a204ea807095b266b07960881f2b9b6d636eb7e489632be1d9e5.jpg,45ac0e757c95a204ea807095b266b07960881f2b9b6d636eb7e489632be1d9e5,D,1,Phoma/1 (921).jpg
images/45bcd67347a1b8b857908ab8f1fceb85d743446e7e5a13cb953f2d652abf6c4d.jpg,45bcd67347a1b8b857908ab8f1fceb85d743446e7e5a13cb953f2d652abf6c4d,E,1,Miner/1 (11568).jpg
images/45c0e68cbc3ccd8e203dac290e390fc0db8a3f9c59145f8243377f7af5a841f5.jpg,45c0e68cbc3ccd8e203dac290e390fc0db8a3f9c59145f8243377f7af5a841f5,B,1,Leaf rust/1 (426).jpg
images/45c125b81af688f5a37d1fa955a4435b8b7be6b3b8e15365de17d8b8df3d113c.jpg,45c125b81af688f5a37d1fa955a4435b8b7be6b3b8e15365de17d8b8df3d113c,E,1,Miner/1 (11465).jpg
images/45cb7c44f151ae2fecba0daf868f0e93b13ab07e8380eebc6d10226fc6bd8eea.jpg,45cb7c44f151ae2fecba0daf868f0e93b13ab07e8380eebc6d10226fc6bd8eea,E,1,Miner/1 (12878).jpg
images/45db2066756a2988fee145b4574da17403bb4feede3f9cbd254c0d1d650a63cf.jpg,45db2066756a2988fee145b4574da17403bb4feede3f9cbd254c0d1d650a63cf,C,1,Cerscospora/7 (673).jpg
images/45ea702756abd31710f1e34c00a8d019b7b5bfeb14a92632ba541bea2d674727.jpg,45ea702756abd31710f1e34c00a8d019b7b5bfeb14a92632ba541bea2d674727,B,1,Leaf rust/1 (285).jpg
images/461b923b3ad0973819898cb444794d5437970f9f00c80fe51077485ec8f18f3e.jpg,461b923b3ad0973819898cb444794d5437970f9f00c80fe51077485ec8f18f3e,B,1,Leaf rust/2 (665).jpg
images/4626080c6c47cae557bcfdc67477c9d0ea233726fa9a5fb2940ececbbbdc778b.jpg,4626080c6c47cae557bcfdc67477c9d0ea233726fa9a5fb2940ececbbbdc778b,B,1,Leaf rust/1 (47).jpg
images/463e8fe231b1ec1f91dfb5a4bbddb3e918a671f864ae34e0396b6c7c13205f59.jpg,463e8fe231b1ec1f91dfb5a4bbddb3e918a671f864ae34e0396b6c7c13205f59,E,1,Miner/1 (14307).jpg
images/4662a9faadc2c061009d2c098871acefc395c77da7da88e9e419d43cd96f39e9.jpg,4662a9faadc2c061009d2c098871acefc395c77da7da88e9e419d43cd96f39e9,E,1,Miner/1 (10065).jpg
images/4666970368b866cf61f127a586af39edcfd0bcd105c2dd138e7c324b78653743.jpg,4666970368b866cf61f127a586af39edcfd0bcd105c2dd138e7c324b78653743,B,1,Leaf rust/2 (942).jpg
images/46721a1ac80ba5966bdb0811638fd23eada9dc5bdf0c1fedd451b701152ea28d.jpg,46721a1ac80ba5966bdb0811638fd23eada9dc5bdf0c1fedd451b701152ea28d,E,1,Miner/1 (11440).jpg
images/4679197c3a97ddb7e55ab71795234b477408fdb27d6e0a2770b4334b93149d72.jpg,4679197c3a97ddb7e55ab71795234b477408fdb27d6e0a2770b4334b93149d72,E,1,Miner/1 (13504).jpg
images/4690f0ffaccb95456751b6348110160cfbe34c031725b787fdd3a2b9765b8eed.jpg,4690f0ffaccb95456751b6348110160cfbe34c031725b787fdd3a2b9765b8eed,D,1,Phoma/3 (1374).jpg
images/4693c759aaaacb66f004ed2db380edf73a2ddaa1e5957d6504394b59b80e5c1f.jpg,4693c759aaaacb66f004ed2db380edf73a2ddaa1e5957d6504394b59b80e5c1f,E,1,Miner/1 (10579).jpg
images/469f54376f6dfd5732e38b8444ed8a7f10095d2ea2551883fba8861079e763a7.jpg,469f54376f6dfd5732e38b8444ed8a7f10095d2ea2551883fba8861079e763a7,E,1,Miner/1 (14715).jpg
images/46adaf2bc517427eeb5cd7fd3c7da1dd7db51b875b055fa726d566a38d583eb7.jpg,46adaf2bc517427eeb5cd7fd3c7da1dd7db51b875b055fa726d566a38d583eb7,B,1,Leaf rust/1 (405).jpg
images/46d24b9739ed5cc51990f958ee76cc4685c1106e9c448645e83a9d38bff53f4b.jpg,46d24b9739ed5cc51990f958ee76cc4685c1106e9c448645e83a9d38bff53f4b,D,1,Phoma/4 (559).jpg
images/46d4031851badb4a4ac2b6c78f48a844e2fc88e9855821d55adf97e8e03c1741.jpg,46d4031851badb4a4ac2b6c78f48a844e2fc88e9855821d55adf97e8e03c1741,E,1,Miner/1 (11915).jpg
images/46f4ea0832135e98486aea9e1de53d045241a5109d7ec918c8bfa5779f030833.jpg,46f4ea0832135e98486aea9e1de53d045241a5109d7ec918c8bfa5779f030833,D,1,Phoma/3 (1340).jpg
images/470adddc689a5168435d0e95dad89ca8a4ea8e06689b3816e752ceb37f371b44.jpg,470adddc689a5168435d0e95dad89ca8a4ea8e06689b3816e752ceb37f371b44,B,1,Leaf rust/1 (210).jpg
images/471a5d19f80f9836851c8949263107414750a44b2b4bb83b090817a1ad829d65.jpg,471a5d19f80f9836851c8949263107414750a44b2b4bb83b090817a1ad829d65,E,1,Miner/1 (14785).jpg
images/471c147d49714958a91dbcb2c13dd972b75c91fda61c6906233158bba7e6814a.jpg,471c147d49714958a91dbcb2c13dd972b75c91fda61c6906233158bba7e6814a,C,1,Cerscospora/8 (595).jpg
images/472801bc56836d1feb2c50cc5891d2acad855b541702113276ac7aa0fc59a9e4.jpg,472801bc56836d1feb2c50cc5891d2acad855b541702113276ac7aa0fc59a9e4,D,1,Phoma/3 (1551).jpg
images/47567d4889be0b30effe665e46d2524e1077762d964d2fb5b6b29c19fccdd233.jpg,47567d4889be0b30effe665e46d2524e1077762d964d2fb5b6b29c19fccdd233,B,1,Leaf rust/1 (479).jpg
images/4757fed2e1402ad3f2f899cbef0f3563f7deefdd546514463a26f8554ee220b6.jpg,4757fed2e1402ad3f2f899cbef0f3563f7deefdd546514463a26f8554ee220b6,D,1,Phoma/3 (1426).jpg
images/476c5a99865c8eed7924e8cdc6e6f469857c9a6e415b06f9b47d427e3cc6e402.jpg,476c5a99865c8eed7924e8cdc6e6f469857c9a6e415b06f9b47d427e3cc6e402,E,1,Miner/1 (15701).jpg
images/477cccb63f54817c40c958f7a16f097c426b204dcb02165789987735c73c7fdc.jpg,477cccb63f54817c40c958f7a16f097c426b204dcb02165789987735c73c7fdc,E,1,Miner/1 (15533).jpg
images/47870c1e30651793efc227603452e13288b364ffceaf12028792d0a4743c7b08.jpg,47870c1e30651793efc227603452e13288b364ffceaf12028792d0a4743c7b08,E,1,Miner/1 (15619).jpg
images/4787c5a1e5b43d4d14a809186482cf8c99318bdc4af520d016e941f651b96ef6.jpg,4787c5a1e5b43d4d14a809186482cf8c99318bdc4af520d016e941f651b96ef6,C,1,Cerscospora/8 (812).jpg
images/47b746a06b6a4a30d4d88b7f5f7ce5986323ac30fe4ad62a469b3572803766c9.jpg,47b746a06b6a4a30d4d88b7f5f7ce5986323ac30fe4ad62a469b3572803766c9,E,1,Miner/1 (12874).jpg
images/47c95a3379547536568d1c1bd3fb91dba90fa46668d579d7127751bc17cf1d69.jpg,47c95a3379547536568d1c1bd3fb91dba90fa46668d579d7127751bc17cf1d69,E,1,Miner/1 (13417).jpg
images/47d24bd0fcffeca6864b2f595425355f335c31bf67b79d26bfb072f8432a6cb0.jpg,47d24bd0fcffeca6864b2f595425355f335c31bf67b79d26bfb072f8432a6cb0,D,1,Phoma/3 (1049).jpg
images/47e7bacd6fc74299504ac9f15c5146a91459594335b3b05de52b812a0a2a2057.jpg,47e7bacd6fc74299504ac9f15c5146a91459594335b3b05de52b812a0a2a2057,B,1,Leaf rust/1 (230).jpg
images/47ed776b3135f72a789404295d23b219314d6c087a5b90644300a995f93fe457.jpg,47ed776b3135f72a789404295d23b219314d6c087a5b90644300a995f93fe457,A,1,Healthy/1 (4166).jpg
images/47f77308eb0f5f5aed70d468112a040babcd11f873121d6ecbe8a6bda5fd8909.jpg,47f77308eb0f5f5aed70d468112a040babcd11f873121d6ecbe8a6bda5fd8909,E,1,Miner/1 (12598).jpg
images/47fa1c67422d5c66e064221369af757e06536cc855126aa869f9811e7174c274.jpg,47fa1c67422d5c66e064221369af757e06536cc855126aa869f9811e7174c274,E,1,Miner/1 (14021).jpg
images/4808527408afbcd039d5757bf10a855e54016b67a5c642c0f037381d92419750.jpg,4808527408afbcd039d5757bf10a855e54016b67a5c642c0f037381d92419750,C,1,Cerscospora/7 (136).jpg
images/4818fb7eda124af4f14ad49c1e535a0dade2ec02e4b0693d8a34a9bbce06f292.jpg,4818fb7eda124af4f14ad49c1e535a0dade2ec02e4b0693d8a34a9bbce06f292,D,1,Phoma/4 (140).jpg
images/481a8863193d8e5e0327c81c730cd1d6d73220c9cbaa3b6ba637b292defbe514.jpg,481a8863193d8e5e0327c81c730cd1d6d73220c9cbaa3b6ba637b292defbe514,E,1,Miner/1 (15809).jpg
images/4845cceb6b6fe76359a91beb10cf03f723c07613f7d9f6d87d4c69820e0f4726.jpg,4845cceb6b6fe76359a91beb10cf03f723c07613f7d9f6d87d4c69820e0f4726,D,1,Phoma/1 (522).jpg
images/485aa6d7d77a3313601ffac6eccb6eb67102fe3b6385d4ed50819383ad6e02e4.jpg,485aa6d7d77a3313601ffac6eccb6eb67102fe3b6385d4ed50819383ad6e02e4,E,1,Miner/1 (14191).jpg
images/48693130186c7d3d8b53b033a3dd4db5a5131aacd212565cdb27f66d855d087c.jpg,48693130186c7d3d8b53b033a3dd4db5a5131aacd212565cdb27f66d855d087c,B,1,Leaf rust/2 (764).jpg
images/4871d6a437d87d90a604e6a07f0077188e56d404679d0959bf5749b0cefffdff.jpg,4871d6a437d87d90a604e6a07f0077188e56d404679d0959bf5749b0cefffdff,E,1,Miner/1 (15253).jpg
images/487d32d4271521bf50a8ebda6de8a6b79f66bd6d4c3b70ad86ad7b9c6cbe2e34.jpg,487d32d4271521bf50a8ebda6de8a6b79f66bd6d4c3b70ad86ad7b9c6cbe2e34,B,1,Leaf rust/1 (190).jpg
images/487e23b2772d8854c8b914bd9611c3730d97e3d15f62182abe1fc7e061f6c5cb.jpg,487e23b2772d8854c8b914bd9611c3730d97e3d15f62182abe1fc7e061f6c5cb,E,1,Miner/1 (10179).jpg
images/488076f0fc90a264bc42286de21cd3e151b09ff2d7f7d6ec0685d20842dd06dd.jpg,488076f0fc90a264bc42286de21cd3e151b09ff2d7f7d6ec0685d20842dd06dd,E,1,Miner/1 (15210).jpg
images/489e111d45e5dec1742b27e5224563d90c7ead980a25a21b8c353bf8ee2d1f42.jpg,489e111d45e5dec1742b27e5224563d90c7ead980a25a21b8c353bf8ee2d1f42,B,1,Leaf rust/2 (802).jpg
images/48aff368a7236c12c449f9ad11b424fe6a0d2049baf8944e796c979bc457377f.jpg,48aff368a7236c12c449f9ad11b424fe6a0d2049baf8944e796c979bc457377f,B,1,Leaf rust/2 (603).jpg
images/48b9f3a8a29998977122540d40499c5f81d83224d7ee78f40ae33ea27940bafa.jpg,48b9f3a8a29998977122540d40499c5f81d83224d7ee78f40ae33ea27940bafa,B,1,Leaf rust/2 (684).jpg
images/48ba9719b4d42a86cb0c90c87a65d1a0445ba839ba73ceee5b1706b189ca1047.jpg,48ba9719b4d42a86cb0c90c87a65d1a0445ba839ba73ceee5b1706b189ca1047,B,1,Leaf rust/2 (643).jpg
images/48d534a8a6c122d380db26bfad4550f856ddd17f7244915070d00ce6c947be88.jpg,48d534a8a6c122d380db26bfad4550f856ddd17f7244915070d00ce6c947be88,E,1,Miner/1 (15529).jpg
images/48da7ab81bdf9255e2e7fbe5e377d7d0f08d60bd53b49b72cc4d28cde155f4ec.jpg,48da7ab81bdf9255e2e7fbe5e377d7d0f08d60bd53b49b72cc4d28cde155f4ec,E,1,Miner/1 (10444).jpg
images/490d6e404509742ea733232f76897a945178aef2392e07b61cb9022b17328e3d.jpg,490d6e404509742ea733232f76897a945178aef2392e07b61cb9022b17328e3d,E,1,Miner/1 (14022).jpg
images/4915844158d18a93d01da38a31c0e31f783fcb39ea3a271cdead07b5490c8612.jpg,4915844158d18a93d01da38a31c0e31f783fcb39ea3a271cdead07b5490c8612,D,1,Phoma/4 (371).jpg
images/4923e1a88ace1540bba4160c0091272db4c84fad2e3d5cfdb0dc86b35d469ed6.jpg,4923e1a88ace1540bba4160c0091272db4c84fad2e3d5cfdb0dc86b35d469ed6,C,1,Cerscospora/8 (102).jpg
images/4948f8e6ad6e962d310df70ba28e94c4e1ca45e9867e000865fcaf9b3b2f3d79.jpg,4948f8e6ad6e962d310df70ba28e94c4e1ca45e9867e000865fcaf9b3b2f3d79,E,1,Miner/1 (12530).jpg
images/4983ad46d27896a7946c8ba8c9a0c90605a593c441e4d871567a88109cfc7fe4.jpg,4983ad46d27896a7946c8ba8c9a0c90605a593c441e4d871567a88109cfc7fe4,B,1,Leaf rust/2 (591).jpg
images/4987901b2e366afd2a38aff20933cd55475f3b391bf3231ed5add3db72c9e5e5.jpg,4987901b2e366afd2a38aff20933cd55475f3b391bf3231ed5add3db72c9e5e5,E,1,Miner/1 (12551).jpg
images/49977ab701fe3e47375e626676dcf4b07b51fbc9e660ee1fb20cbb18ccd39f8d.jpg,49977ab701fe3e47375e626676dcf4b07b51fbc9e660ee1fb20cbb18ccd39f8d,E,1,Miner/1 (10420).jpg
images/499a5ff83876abd51d7b4c9ef15fe213dc826b0ca7b33bd3857de02fee2cb022.jpg,499a5ff83876abd51d7b4c9ef15fe213dc826b0ca7b33bd3857de02fee2cb022,D,1,Phoma/1 (561).jpg
images/49cf62b4abb8f9cc69a367e887de1616a11d7fa7a2a8b6ffaa3a10b229c53093.jpg,49cf62b4abb8f9cc69a367e887de1616a11d7fa7a2a8b6ffaa3a10b229c53093,E,1,Miner/1 (14912).jpg
images/49cf86fd56b28000275c5f55f1f00ead947ce25426aac681ceb4438d3d63efb8.jpg,49cf86fd56b28000275c5f55f1f00ead947ce25426aac681ceb4438d3d63efb8,C,1,Cerscospora/8 (865).jpg
images/49d788985cf154a0fc777bce6da05ef90bb0d1a2508b46a7cc4ecc5b48f436ed.jpg,49d788985cf154a0fc777bce6da05ef90bb0d1a2508b46a7cc4ecc5b48f436ed,C,1,Cerscospora/8 (794).jpg
images/49dbe9703f1ee21c195c2b011929fd8c56d1450313834936287d44978660574f.jpg,49dbe9703f1ee21c195c2b011929fd8c56d1450313834936287d44978660574f,B,1,Leaf rust/1 (255).jpg
images/49e5fb53a9f31109a497c51e38b6c3f27c4ce5ff43e4df0249975d52d74206ac.jpg,49e5fb53a9f31109a497c51e38b6c3f27c4ce5ff43e4df0249975d52d74206ac,E,1,Miner/1 (15207).jpg
images/49ec4032476026fb68362703040fe445945b7a3993589e11a7596888c1d7986d.jpg,49ec4032476026fb68362703040fe445945b7a3993589e11a7596888c1d7986d,B,1,Leaf rust/2 (978).jpg
images/49f46ca51f830cfbd85b65985e5662c004a783ed1ca84fe70fc0b7708224ac13.jpg,49f46ca51f830cfbd85b65985e5662c004a783ed1ca84fe70fc0b7708224ac13,E,1,Miner/1 (14260).jpg
images/4a01a10ec9fbc979aaaf8ee6908b86474f1944bddc322ef45f0a57f43d7a88a1.jpg,4a01a10ec9fbc979aaaf8ee6908b86474f1944bddc322ef45f0a57f43d7a88a1,D,1,Phoma/2 (565).jpg
images/4a05c978634876363bbf58ad2b91df452fbaf96cb61a3fb1567c888b0ecd4b83.jpg,4a05c978634876363bbf58ad2b91df452fbaf96cb61a3fb1567c888b0ecd4b83,B,1,Leaf rust/2 (658).jpg
images/4a1809b09461224f2d6278abfec986c5405c7c224bec6884a75a0857d1f21ac9.jpg,4a1809b09461224f2d6278abfec986c5405c7c224bec6884a75a0857d1f21ac9,E,1,Miner/1 (14849).jpg
images/4a1cf3a48dae60aab62792ca06c2f1e3117629378e5e6ed1601bd1f12d620563.jpg,4a1cf3a48dae60aab62792ca06c2f1e3117629378e5e6ed1601bd1f12d620563,E,1,Miner/1 (10968).jpg
images/4a24600cb87b8dfd7f959661258b4cdb79fde6e6b95aeb8287dd50401c91f26a.jpg,4a24600cb87b8dfd7f959661258b4cdb79fde6e6b95aeb8287dd50401c91f26a,E,1,Miner/1 (12852).jpg
images/4a2e482e897c5c77b8263a0f8ecc793fe9ff346999bd3c441d4799f02b0c42dd.jpg,4a2e482e897c5c77b8263a0f8ecc793fe9ff346999bd3c441d4799f02b0c42dd,B,1,Leaf rust/2 (840).jpg
images/4a63fc18181694464c00620f4a38c69c2450aef25555a0d8b78bc68dcb276f09.jpg,4a63fc18181694464c00620f4a38c69c2450aef25555a0d8b78bc68dcb276f09,E,1,Miner/1 (10374).jpg
images/4a844eac8d6b49e19e3a88e046ad76cbc1c9aca31febe5af37792f8f14e6be97.jpg,4a844eac8d6b49e19e3a88e046ad76cbc1c9aca31febe5af37792f8f14e6be97,D,1,Phoma/2 (372).jpg
images/4aa3005a6ec927ac208e47cf884bcd267e238570bb0ee10cf1b4df717f9d58a7.jpg,4aa3005a6ec927ac208e47cf884bcd267e238570bb0ee10cf1b4df717f9d58a7,C,1,Cerscospora/4 (101).jpg
images/4aacc3ba597331f099ec747f8cf94d8934e3497b8670029ec873c6ee69f40238.jpg,4aacc3ba597331f099ec747f8cf94d8934e3497b8670029ec873c6ee69f40238,E,1,Miner/1 (10263).jpg
images/4ac44bbcf6513dc299f7ea0b97f46bac5e4880dca8481974eac0833934c0a681.jpg,4ac44bbcf6513dc299f7ea0b97f46bac5e4880dca8481974eac0833934c0a681,E,1,Miner/1 (13240).jpg
images/4af40756f578ad1f7e2a411fd04dcc93f9b012e46da9334fcf61b803cbd1d13d.jpg,4af40756f578ad1f7e2a411fd04dcc93f9b012e46da9334fcf61b803cbd1d13d,E,1,Miner/1 (12215).jpg
images/4b1b82809cbde7005ddae12f49843806e1c002a1b7f540726802503775d64e4b.jpg,4b1b82809cbde7005ddae12f49843806e1c002a1b7f540726802503775d64e4b,B,1,Leaf rust/1 (282).jpg
images/4b37a9dac9ecef293ca8b523bab11d8369657f52737a7dc078e42ed3cbe685b1.jpg,4b37a9dac9ecef293ca8b523bab11d8369657f52737a7dc078e42ed3cbe685b1,D,1,Phoma/4 (14).jpg
images/4b438146d17eb761a8e6746e2563c493024042825308c5c757842e4c6eaeafa2.jpg,4b438146d17eb761a8e6746e2563c493024042825308c5c757842e4c6eaeafa2,B,1,Leaf rust/1 (324).jpg
images/4b4b82466858f267c3aeea5f59f7063f36bd4eaae335fdd72be865842d851e80.jpg,4b4b82466858f267c3aeea5f59f7063f36bd4eaae335fdd72be865842d851e80,B,1,Leaf rust/1 (353).jpg
images/4b6f65feae51789927b1a0d5275d031f04d4c9bf0a8dafcd988abd344d0ac55a.jpg,4b6f65feae51789927b1a0d5275d031f04d4c9bf0a8dafcd988abd344d0ac55a,D,1,Phoma/2 (194).jpg
images/4b82036db6f12e49d42e731dd9b54725e601d8f0bf91e2842c1d493b75c278d0.jpg,4b82036db6f12e49d42e731dd9b54725e601d8f0bf91e2842c1d493b75c278d0,B,1,Leaf rust/1 (485).jpg
images/4b92d998cb58f6047197930f9dc35ef5841c9da753deca5cf43361416dedfe63.jpg,4b92d998cb58f6047197930f9dc35ef5841c9da753deca5cf43361416dedfe63,E,1,Miner/1 (10174).jpg
images/4b97bd4bc3b6bb32a46fab29ef0f053a791f4d79b930a6ad4e780ef69ba1fbf0.jpg,4b97bd4bc3b6bb32a46fab29ef0f053a791f4d79b930a6ad4e780ef69ba1fbf0,B,1,Leaf rust/2 (745).jpg
images/4ba6c72430e1710b0b1c89ead5093a85f0973dc0b6499f4842a4e850efb952df.jpg,4ba6c72430e1710b0b1c89ead5093a85f0973dc0b6499f4842a4e850efb952df,E,1,Miner/1 (10301).jpg
images/4bb0d6aa9938d6e4de2e3034c4af51f1a9ae1b7a4c8b48d3f34fbfbcd0722a57.jpg,4bb0d6aa9938d6e4de2e3034c4af51f1a9ae1b7a4c8b48d3f34fbfbcd0722a57,B,1,Leaf rust/2 (557).jpg
images/4bee6aa3f1a303670b193e543e80856e48352df579a64543741ba62d88c89565.jpg,4bee6aa3f1a303670b193e543e80856e48352df579a64543741ba62d88c89565,B,1,Leaf rust/2 (989).jpg
images/4bf6899fd79dddd600adfa7cbb074c7a39e34dc0de5f7c744503515e6e09d481.jpg,4bf6899fd79dddd600adfa7cbb074c7a39e34dc0de5f7c744503515e6e09d481,E,1,Miner/1 (10465).jpg
images/4c0d2fd4f7d93b87087b809c3a606d8eafb9ff7968d180451fc0c5564ef34535.jpg,4c0d2fd4f7d93b87087b809c3a606d8eafb9ff7968d180451fc0c5564ef34535,B,1,Leaf rust/1 (78).jpg
images/4c0da50bd595a8df9536d19dc2bfbc18393dc540f7debee553f6e38f5b9654b4.jpg,4c0da50bd595a8df9536d19dc2bfbc18393dc540f7debee553f6e38f5b9654b4,C,1,Cerscospora/7 (105).jpg
images/4c21adec73783f208d4f6a71096891f17782bbeeb2443c76155ff503fd2026d4.jpg,4c21adec73783f208d4f6a71096891f17782bbeeb2443c76155ff503fd2026d4,E,1,Miner/1 (11565).jpg
images/4c275fa7ef34957cc30ed4f419fecf1734e2c6c733711e20f5324d4fdca484f4.jpg,4c275fa7ef34957cc30ed4f419fecf1734e2c6c733711e20f5324d4fdca484f4,D,1,Phoma/3 (1678).jpg
images/4c596ce995b65a66c79d0f582fdc5fbcd3ff96f929a947622901d9e8bbaea560.jpg,4c596ce995b65a66c79d0f582fdc5fbcd3ff96f929a947622901d9e8bbaea560,E,1,Miner/1 (12194).jpg
images/4c5e3335387efcccaa228a500ed8c79531274ade133e04b373caeadd3c4ac190.jpg,4c5e3335387efcccaa228a500ed8c79531274ade133e04b373caeadd3c4ac190,E,1,Miner/1 (15333).jpg
images/4c74c24d13dd0f8779764a93a0a154256e00e7713dbd127c01cda77ee243fd6b.jpg,4c74c24d13dd0f8779764a93a0a154256e00e7713dbd127c01cda77ee243fd6b,B,1,Leaf rust/1 (120).jpg
images/4c8932a6ecf8a1fc77aeb5d6c710a74a38e374ab5207d098c4beda886ec423f6.jpg,4c8932a6ecf8a1fc77aeb5d6c710a74a38e374ab5207d098c4beda886ec423f6,C,1,Cerscospora/7 (674).jpg
images/4ca70f9c35612199ef93310654fe13840d8a4ec110cb8344e3fe73beacc919f6.jpg,4ca70f9c35612199ef93310654fe13840d8a4ec110cb8344e3fe73beacc919f6,B,1,Leaf rust/1 (91).jpg
images/4caa035daaff67ab9105befcabcdeea305433de811858871032a4b917b5901cc.jpg,4caa035daaff67ab9105befcabcdeea305433de811858871032a4b917b5901cc,E,1,Miner/1 (15346).jpg
images/4cd56bff0fc84350be0a0c5e43bdef85c8d061c3b6caa584c70917930f885a92.jpg,4cd56bff0fc84350be0a0c5e43bdef85c8d061c3b6caa584c70917930f885a92,D,1,Phoma/4 (12).jpg
images/4cf17b130f34e181a4cf938f3a6bc30bb3f4acf2897d3971e22a0dc6cb9ec7b7.jpg,4cf17b130f34e181a4cf938f3a6bc30bb3f4acf2897d3971e22a0dc6cb9ec7b7,E,1,Miner/1 (10474).jpg
images/4d01b86ebf48fc426242ec777d0a2ffd639f5bfa521d81aa45f3f6efc8a9979e.jpg,4d01b86ebf48fc426242ec777d0a2ffd639f5bfa521d81aa45f3f6efc8a9979e,B,1,Leaf rust/2 (922).jpg
images/4d0b50c26c9ff31eafdfe24fbf4dbca94c6124a520bac155d5094679ac641bcc.jpg,4d0b50c26c9ff31eafdfe24fbf4dbca94c6124a520bac155d5094679ac641bcc,E,1,Miner/1 (10544).jpg
images/4d2cd2fa1fde6b5cba2f3af42410f24998a8e15bf5a14b401931a8f11b3c689a.jpg,4d2cd2fa1fde6b5cba2f3af42410f24998a8e15bf5a14b401931a8f11b3c689a,E,1,Miner/1 (15006).jpg
images/4d3aafa7ed3c3a7d5f7b621eb27364b0fcbd1d7c9f4c8f78da852550be91d2c8.jpg,4d3aafa7ed3c3a7d5f7b621eb27364b0fcbd1d7c9f4c8f78da852550be91d2c8,E,1,Miner/1 (10025).jpg
images/4d426af1aecb7e99f6345b340da390419eb1227b24a4cfc2e23007797f48c952.jpg,4d426af1aecb7e99f6345b340da390419eb1227b24a4cfc2e23007797f48c952,E,1,Miner/1 (12666).jpg
images/4d452947fe7cb0a714972251127f4d3f3078067aeff315f427645aeb7f29a406.jpg,4d452947fe7cb0a714972251127f4d3f3078067aeff315f427645aeb7f29a406,E,1,Miner/1 (13835).jpg
images/4d578f78448076da1dba33fa7f4d42e47d62abcf09b31bc137c21129a4dbace0.jpg,4d578f78448076da1dba33fa7f4d42e47d62abcf09b31bc137c21129a4dbace0,E,1,Miner/1 (11283).jpg
images/4d598e1dd52100812ded6ab538d1e627906425679fd60180a76c7a61efaca273.jpg,4d598e1dd52100812ded6ab538d1e627906425679fd60180a76c7a61efaca273,B,1,Leaf rust/2 (541).jpg
images/4d683e8ad9c8fc4460ae953ef0df789ca337c45a66ec303900c2e4e041cc261d.jpg,4d683e8ad9c8fc4460ae953ef0df789ca337c45a66ec303900c2e4e041cc261d,E,1,Miner/1 (12788).jpg
images/4d6d7634cbb0d8c0378946e81a69e20eef10ad01fb7cf4dc4cafee3ad174c258.jpg,4d6d7634cbb0d8c0378946e81a69e20eef10ad01fb7cf4dc4cafee3ad174c258,E,1,Miner/1 (14318).jpg
images/4d829c1c367ce2606903ee759baffa5fb1cde04fbb6c52c0db649a5202e7e14e.jpg,4d829c1c367ce2606903ee759baffa5fb1cde04fbb6c52c0db649a5202e7e14e,E,1,Miner/1 (11378).jpg
images/4d85200f30050596b727bd4588fc2152e9f0accd109df1adc3847df44e192739.jpg,4d85200f30050596b727bd4588fc2152e9f0accd109df1adc3847df44e192739,B,1,Leaf rust/2 (635).jpg
images/4d9706cb80306925aa15b3e83341275946a91df542ab4079c42700baabb5fe51.jpg,4d9706cb80306925aa15b3e83341275946a91df542ab4079c42700baabb5fe51,E,1,Miner/1 (14862).jpg
images/4da531bc7d3dfa8846d317cf6abf53d1405d4b1ad7a61103cc551063e9a0292f.jpg,4da531bc7d3dfa8846d317cf6abf53d1405d4b1ad7a61103cc551063e9a0292f,E,1,Miner/1 (10369).jpg
images/4da5bd7618b84aeefd171a495ed9c6acc4d8c86b1ff288af7a017a667f235b7f.jpg,4da5bd7618b84aeefd171a495ed9c6acc4d8c86b1ff288af7a017a667f235b7f,B,1,Leaf rust/1 (243).jpg
images/4db62f492cb668ccb42836cec65ae8b170cef3fc48847ac37f33c650a38b513b.jpg,4db62f492cb668ccb42836cec65ae8b170cef3fc48847ac37f33c650a38b513b,C,1,Cerscospora/4 (770).jpg
images/4db8be3d2a157881d206a9304e2ce1d9267814ee6b66d3e38f66381998773d2a.jpg,4db8be3d2a157881d206a9304e2ce1d9267814ee6b66d3e38f66381998773d2a,C,1,Cerscospora/7 (475).jpg
images/4dbeed04267e8b01943b97b133360c55b41cf8ad1d6fac19190affb445e1eed6.jpg,4dbeed04267e8b01943b97b133360c55b41cf8ad1d6fac19190affb445e1eed6,B,1,Leaf rust/2 (686).jpg
images/4dc6a3d05f60d0b0541a864a4a8cc77f8ab7524a2bff04ef9657e454ae61acc6.jpg,4dc6a3d05f60d0b0541a864a4a8cc77f8ab7524a2bff04ef9657e454ae61acc6,B,1,Leaf rust/2 (830).jpg
images/4dc915f60a97cf59cfff9f3e4e55843210e063d54640b726c6f64ffb57842174.jpg,4dc915f60a97cf59cfff9f3e4e55843210e063d54640b726c6f64ffb57842174,B,1,Leaf rust/2 (890).jpg
images/4e167244cba6e5d7daebeb0b9c43bbf8ee7b85ab42cde8fee606e76d35e66c3d.jpg,4e167244cba6e5d7daebeb0b9c43bbf8ee7b85ab42cde8fee606e76d35e66c3d,C,1,Cerscospora/7 (596).jpg
images/4e1af2cc45ef2e674d759281855e1db0c92d46e8b09abb77fb55df35cc4d3e7d.jpg,4e1af2cc45ef2e674d759281855e1db0c92d46e8b09abb77fb55df35cc4d3e7d,E,1,Miner/1 (12664).jpg
images/4e275507d1a09e978aacc4ee0c6458484f4448c2ce8ad038cbd9bd2a1fa8dac5.jpg,4e275507d1a09e978aacc4ee0c6458484f4448c2ce8ad038cbd9bd2a1fa8dac5,E,1,Miner/1 (10014).jpg
images/4e48b03d357db70a41f08e19caba613fbc98f778cfa4ff493810d6b0d0fb0a1b.jpg,4e48b03d357db70a41f08e19caba613fbc98f778cfa4ff493810d6b0d0fb0a1b,E,1,Miner/1 (15618).jpg
images/4e57105443173fc9b07a538aa94c90b49c0bfb5d4fd1428e9e189ac0d3d4b9ba.jpg,4e57105443173fc9b07a538aa94c90b49c0bfb5d4fd1428e9e189ac0d3d4b9ba,E,1,Miner/1 (12547).jpg
images/4e9cbea73af15dc4816820ecb2e172ad2026de679f0423975c61676074b4c6ad.jpg,4e9cbea73af15dc4816820ecb2e172ad2026de679f0423975c61676074b4c6ad,E,1,Miner/1 (13795).jpg
images/4ebfac48fea2d2e168e3b8b2d423cc963b9ef0d41333c178c11b4542ab6da7fc.jpg,4ebfac48fea2d2e168e3b8b2d423cc963b9ef0d41333c178c11b4542ab6da7fc,E,1,Miner/1 (14179).jpg
images/4ec635f169e28314aecef79f977c8317385b94e298c3405f33e8d90cbb1016eb.jpg,4ec635f169e28314aecef79f977c8317385b94e298c3405f33e8d90cbb1016eb,D,1,Phoma/1 (672).jpg
images/4ed5bfaed9082ecf9f9ba07aef91116eb64bacde9d770378f38eb8205841e180.jpg,4ed5bfaed9082ecf9f9ba07aef91116eb64bacde9d770378f38eb8205841e180,B,1,Leaf rust/1 (505).jpg
images/4eeff2b432e57a420aa209e66fe28141ab4e75a1a4cd65cda0bf189ba44c0369.jpg,4eeff2b432e57a420aa209e66fe28141ab4e75a1a4cd65cda0bf189ba44c0369,B,1,Leaf rust/2 (694).jpg
images/4f02552dbf9aa03f0050f95319f6faa81292fd5d29830485f68ca27781f71c42.jpg,4f02552dbf9aa03f0050f95319f6faa81292fd5d29830485f68ca27781f71c42,E,1,Miner/1 (14861).jpg
images/4f0fdfc1bd2e03a6849c8b3d5f995ce85abbac08ab46dc4e415573da354a6df4.jpg,4f0fdfc1bd2e03a6849c8b3d5f995ce85abbac08ab46dc4e415573da354a6df4,E,1,Miner/1 (10082).jpg
images/4f365498e540c9bbd9d72d8256a62f7891bff687d387ee6eb5cd267201612a19.jpg,4f365498e540c9bbd9d72d8256a62f7891bff687d387ee6eb5cd267201612a19,E,1,Miner/1 (15617).jpg
images/4f3daaa1410075e9323282a430610da5887168aa88d9eb4088d3e7aefe41b190.jpg,4f3daaa1410075e9323282a430610da5887168aa88d9eb4088d3e7aefe41b190,B,1,Leaf rust/2 (513).jpg
images/4f58ece3c989aa3258b722909cfa41711d446fbc706773c5586bd022b469f404.jpg,4f58ece3c989aa3258b722909cfa41711d446fbc706773c5586bd022b469f404,E,1,Miner/1 (13824).jpg
images/4f62b1ce58d3ae69c8dd3d6e74b7a17cc60116fcbb02850cd0e76a8910220a36.jpg,4f62b1ce58d3ae69c8dd3d6e74b7a17cc60116fcbb02850cd0e76a8910220a36,E,1,Miner/1 (14339).jpg
images/4f65b703b97afb12325de51866bfc4f0749b591c496a9ec1e2d9d3430c451f17.jpg,4f65b703b97afb12325de51866bfc4f0749b591c496a9ec1e2d9d3430c451f17,B,1,Leaf rust/1 (53).jpg
images/4f6a46898ecb25a780fcf7687c7b6403824ad277aaa38835723322232aad94fe.jpg,4f6a46898ecb25a780fcf7687c7b6403824ad277aaa38835723322232aad94fe,B,1,Leaf rust/2 (968).jpg
images/4f7869b5914871451e8618804e533e75ab31b2d1592a430a257f641e11ba73bb.jpg,4f7869b5914871451e8618804e533e75ab31b2d1592a430a257f641e11ba73bb,B,1,Leaf rust/2 (906).jpg
images/4f85b9acf473b91e23a3f6ad43c863f3a5072347cf686dd19e328526c615198f.jpg,4f85b9acf473b91e23a3f6ad43c863f3a5072347cf686dd19e328526c615198f,E,1,Miner/1 (13224).jpg
images/4f90afb0d3fbe5d52c7b4508020c109604bb422f4f0e043a22db97612758d193.jpg,4f90afb0d3fbe5d52c7b4508020c109604bb422f4f0e043a22db97612758d193,D,1,Phoma/4 (809).jpg
images/4fb59f948f2acbc3cf17eb896feaa3945d47e5bafc83e2cc79f80503e756af64.jpg,4fb59f948f2acbc3cf17eb896feaa3945d47e5bafc83e2cc79f80503e756af64,E,1,Miner/1 (13989).jpg
images/4fca882ff9975e5c0f5b73cb88ed16a11a9f5126d32e44e4c0ac44a8de053640.jpg,4fca882ff9975e5c0f5b73cb88ed16a11a9f5126d32e44e4c0ac44a8de053640,E,1,Miner/1 (15704).jpg
images/4fd72d4d6c7833883940ead9bdcb45f93fdd1eb2735061bad2364cb7672941a0.jpg,4fd72d4d6c7833883940ead9bdcb45f93fdd1eb2735061bad2364cb7672941a0,C,1,Cerscospora/6 (13).jpg
images/4fdbbc63c5974122a31ee88d1636d00baac1a824bb1ca3218560b1ede2280063.jpg,4fdbbc63c5974122a31ee88d1636d00baac1a824bb1ca3218560b1ede2280063,D,1,Phoma/3 (1428).jpg
images/4fdcc7996e2da19ea3dfc00eff9de440bec3067404044e1221ec409d535b9457.jpg,4fdcc7996e2da19ea3dfc00eff9de440bec3067404044e1221ec409d535b9457,E,1,Miner/1 (14023).jpg
images/4fe75b79c5b55a54cead91cb998645e7bc05b8a181a9020c5cde03fabd5cae84.jpg,4fe75b79c5b55a54cead91cb998645e7bc05b8a181a9020c5cde03fabd5cae84,E,1,Miner/1 (14661).jpg
images/4ff04a5a67523fa58c884730054ab10dbbddd54a41b29904f48e7ffce37b8210.jpg,4ff04a5a67523fa58c884730054ab10dbbddd54a41b29904f48e7ffce37b8210,E,1,Miner/1 (12876).jpg
images/4ffc2434f5c1c151c2b1902c0a7e9c32f4cbcc853f29b66d75dd3d1f0ce78505.jpg,4ffc2434f5c1c151c2b1902c0a7e9c32f4cbcc853f29b66d75dd3d1f0ce78505,E,1,Miner/1 (12591).jpg
images/5002d5898192179bd3afc0a0d4a944cd586f90006284cec47ddff7f670311220.jpg,5002d5898192179bd3afc0a0d4a944cd586f90006284cec47ddff7f670311220,D,1,Phoma/3 (1197).jpg
images/50086fea617c0f140ddd4115e2fbd38a084fc051b685638774537ef9c071d7de.jpg,50086fea617c0f140ddd4115e2fbd38a084fc051b685638774537ef9c071d7de,D,1,Phoma/4 (150).jpg
images/5014b454c82b7dbec97b3bd74245cc6957e68f1cde43194124e9b8809192b7b8.jpg,5014b454c82b7dbec97b3bd74245cc6957e68f1cde43194124e9b8809192b7b8,E,1,Miner/1 (10666).jpg
images/501e7c4fc3fd42e5741ed33ed6e05fcc4a239ed98cda4104d03459c8f0d8275a.jpg,501e7c4fc3fd42e5741ed33ed6e05fcc4a239ed98cda4104d03459c8f0d8275a,B,1,Leaf rust/2 (747).jpg
images/5028fdff5ef8fb6e810e2295dbaec97a64b28e0749c37c50d88ffe74c332b23e.jpg,5028fdff5ef8fb6e810e2295dbaec97a64b28e0749c37c50d88ffe74c332b23e,D,1,Phoma/2 (526).jpg
images/5032a4600ea5e52698285210df02634d2f8ecc13a190c52d82b5b41b96dd93c8.jpg,5032a4600ea5e52698285210df02634d2f8ecc13a190c52d82b5b41b96dd93c8,C,1,Cerscospora/6 (104).jpg
images/505213c619bf110ab6c5d186b98a62d6494aed7b52e2f2161734be2a64a61576.jpg,505213c619bf110ab6c5d186b98a62d6494aed7b52e2f2161734be2a64a61576,D,1,Phoma/3 (1164).jpg
images/5057537b7cf6350496d5cd0614368d181e1445850131b5dfccc64359ff762624.jpg,5057537b7cf6350496d5cd0614368d181e1445850131b5dfccc64359ff762624,C,1,Cerscospora/6 (811).jpg
images/505c648612253e6ba792f346b6f8dad76d62707308e02ae0d7700063f799f298.jpg,505c648612253e6ba792f346b6f8dad76d62707308e02ae0d7700063f799f298,B,1,Leaf rust/2 (648).jpg
images/505c7d8c2401c024c86b72835aafbd3e2dc62780471419497f5ef0c98c56f9db.jpg,505c7d8c2401c024c86b72835aafbd3e2dc62780471419497f5ef0c98c56f9db,B,1,Leaf rust/2 (579).jpg
images/505c9494f849f62a366ae8c8eb71619853fcc821a735b6e17aa68a7a5f4fca04.jpg,505c9494f849f62a366ae8c8eb71619853fcc821a735b6e17aa68a7a5f4fca04,D,1,Phoma/2 (307).jpg
images/5064e67aefd9f50690a1f98d06fc38741e28d8f98e887309eec54d14cf16113b.jpg,5064e67aefd9f50690a1f98d06fc38741e28d8f98e887309eec54d14cf16113b,B,1,Leaf rust/2 (636).jpg
images/506ba405ae0e89438a6b2c5dec05d88e662719c8a957c018b8f125664a05110e.jpg,506ba405ae0e89438a6b2c5dec05d88e662719c8a957c018b8f125664a05110e,C,1,Cerscospora/4 (435).jpg
images/509a7830c3525cdb74e1868a626d947dab4b35c98d63c516fa6da303d2337637.jpg,509a7830c3525cdb74e1868a626d947dab4b35c98d63c516fa6da303d2337637,C,1,Cerscospora/7 (181).jpg
images/509b33c3a4663f4809f9c4bf9c01fd6ebb7f009929dc8c77fb752b69785cf509.jpg,509b33c3a4663f4809f9c4bf9c01fd6ebb7f009929dc8c77fb752b69785cf509,D,1,Phoma/1 (398).jpg
images/50c5489408a2f49c964693e1d7947658a713a9309b1d69e2a4443b26d4174bc1.jpg,50c5489408a2f49c964693e1d7947658a713a9309b1d69e2a4443b26d4174bc1,C,1,Cerscospora/8 (335).jpg
images/50e1fde8e4a463bec773f38f25810223eeb138713063b830085f592e450ebe1f.jpg,50e1fde8e4a463bec773f38f25810223eeb138713063b830085f592e450ebe1f,E,1,Miner/1 (13475).jpg
images/510c069c5d3e1b3727564f2d87b722a09e6f19b1ed979e5f739c69e682e5366c.jpg,510c069c5d3e1b3727564f2d87b722a09e6f19b1ed979e5f739c69e682e5366c,E,1,Miner/1 (11745).jpg
images/51179884061d6f7620ae5ca911dda5658f10ce97c11a1f8fd835699b86a4ced1.jpg,51179884061d6f7620ae5ca911dda5658f10ce97c11a1f8fd835699b86a4ced1,B,1,Leaf rust/2 (647).jpg
images/512e34aaec53faabcd9ba556c462289b1cb81847bb70dba737decf6fe2a4de48.jpg,512e34aaec53faabcd9ba556c462289b1cb81847bb70dba737decf6fe2a4de48,E,1,Miner/1 (11723).jpg
images/5134b773d7f5097024682c11819dc35fd55fc5e29d512f47ac96c0b252af6ba8.jpg,5134b773d7f5097024682c11819dc35fd55fc5e29d512f47ac96c0b252af6ba8,D,1,Phoma/4 (915).jpg
images/5153340c08da760d39107d04ed40cebd3bfeec8a2843226131a18df0d48e151f.jpg,5153340c08da760d39107d04ed40cebd3bfeec8a2843226131a18df0d48e151f,E,1,Miner/1 (13857).jpg
images/516b7d7b0b496add78e45fe47e3ae54074a8cec75775598581d7a0eb107f9a68.jpg,516b7d7b0b496add78e45fe47e3ae54074a8cec75775598581d7a0eb107f9a68,E,1,Miner/1 (14123).jpg
images/516ff04a2db0ac33b21296d7d40a944ef96da126a73a45e4f5a21d4a0094e845.jpg,516ff04a2db0ac33b21296d7d40a944ef96da126a73a45e4f5a21d4a0094e845,C,1,Cerscospora/7 (104).jpg
images/518bc3c0c2c97f637add1e28f60ff68208c23f602c7c9a7a638b721d136513ce.jpg,518bc3c0c2c97f637add1e28f60ff68208c23f602c7c9a7a638b721d136513ce,E,1,Miner/1 (10454).jpg
images/51ad8bc1d321f4a33d9818fd76819b8390eeaa713d6722b58c45fc626f0829ca.jpg,51ad8bc1d321f4a33d9818fd76819b8390eeaa713d6722b58c45fc626f0829ca,D,1,Phoma/3 (1767).jpg
images/51b1469e5efaa538e897a3563a139c3ac89589b930fadc335bd3a147f10584b8.jpg,51b1469e5efaa538e897a3563a139c3ac89589b930fadc335bd3a147f10584b8,C,1,Cerscospora/6 (1).jpg
images/51c479c5b31dc6524b786d4f2847053fa3713bcd9d984f13de85c4c069c073f1.jpg,51c479c5b31dc6524b786d4f2847053fa3713bcd9d984f13de85c4c069c073f1,B,1,Leaf rust/1 (225).jpg
images/51d0d48023b6f424cb7090a954928d9a8e7dd77078c82c2095f0e5cb708772b0.jpg,51d0d48023b6f424cb7090a954928d9a8e7dd77078c82c2095f0e5cb708772b0,E,1,Miner/1 (14161).jpg
images/51d5cfaea313b2d63e6bfe3c4c97ef9a4f05f88c9a31d04175198c6b7fd0d98f.jpg,51d5cfaea313b2d63e6bfe3c4c97ef9a4f05f88c9a31d04175198c6b7fd0d98f,B,1,Leaf rust/2 (806).jpg
images/51f2979b571ed0d1aff76895137582e3eb1b30b352f0a6fa6df7abb5b0891acc.jpg,51f2979b571ed0d1aff76895137582e3eb1b30b352f0a6fa6df7abb5b0891acc,B,1,Leaf rust/2 (1012).jpg
images/520aa4eed44fe0807fe9ca563c5b241e76f404465307e43165cbc813ee345ec9.jpg,520aa4eed44fe0807fe9ca563c5b241e76f404465307e43165cbc813ee345ec9,B,1,Leaf rust/1 (460).jpg
images/520eead06d3bdadb177a4ab0a00a3784a8bbc6c238cd4e0e5ff242cb1ad5e8dc.jpg,520eead06d3bdadb177a4ab0a00a3784a8bbc6c238cd4e0e5ff242cb1ad5e8dc,B,1,Leaf rust/1 (38).jpg
images/521e7e303cab2c0ca129747bb4165fd044f20f655bd8209319a4dd637c3592e7.jpg,521e7e303cab2c0ca129747bb4165fd044f20f655bd8209319a4dd637c3592e7,E,1,Miner/1 (11754).jpg
images/522108fc2f38f0f0674d40d6f675a16bd51b92418a1d0efea3ea7362ddac7946.jpg,522108fc2f38f0f0674d40d6f675a16bd51b92418a1d0efea3ea7362ddac7946,D,1,Phoma/3 (1727).jpg
images/522255e51cf333fed02f876cbe64463bf02418e81a66b6ec75fb12efddf34231.jpg,522255e51cf333fed02f876cbe64463bf02418e81a66b6ec75fb12efddf34231,B,1,Leaf rust/1 (5).jpg
images/52298aedfa332ba525944e1072b2ac7eb63c5d5ee4e558dd52e9a40943ba7275.jpg,52298aedfa332ba525944e1072b2ac7eb63c5d5ee4e558dd52e9a40943ba7275,E,1,Miner/1 (14125).jpg
images/5245bf87658f2421833234c46461105bd1fa11ef58739e5e6ee616563f3a7d38.jpg,5245bf87658f2421833234c46461105bd1fa11ef58739e5e6ee616563f3a7d38,C,1,Cerscospora/6 (449).jpg
images/5248d8d7b0e28bd99f20fbb5c2bc357999d038864d34757ded75c66e8e712d40.jpg,5248d8d7b0e28bd99f20fbb5c2bc357999d038864d34757ded75c66e8e712d40,E,1,Miner/1 (12845).jpg
images/525544f6228b6f35cc365c99bcf9e3470ef4a54b6c9bf9449924bad793fc591c.jpg,525544f6228b6f35cc365c99bcf9e3470ef4a54b6c9bf9449924bad793fc591c,E,1,Miner/1 (14085).jpg
images/525b996635df7862d67c65ff6c806e373e49a2132e09a71b274f7da0c17d6037.jpg,525b996635df7862d67c65ff6c806e373e49a2132e09a71b274f7da0c17d6037,E,1,Miner/1 (10667).jpg
images/526deae71b15572cc3aeed2253b4be0e0ce5cb7c805ebe3cfb15863d881a7005.jpg,526deae71b15572cc3aeed2253b4be0e0ce5cb7c805ebe3cfb15863d881a7005,B,1,Leaf rust/1 (249).jpg
images/526e841cea6ebafb380254368d4f1e3518d785d925a71ac255c94ac3d3874e25.jpg,526e841cea6ebafb380254368d4f1e3518d785d925a71ac255c94ac3d3874e25,D,1,Phoma/3 (1459).jpg
images/529a88f602570b901aec6e879eb0f98c8bb4c94ddf77791a51405796f388728b.jpg,529a88f602570b901aec6e879eb0f98c8bb4c94ddf77791a51405796f388728b,E,1,Miner/1 (12840).jpg
images/52a818df71af3b8a11c5d1b397f3083b64a2a1492dcbd843e5fa647cde3dd8ef.jpg,52a818df71af3b8a11c5d1b397f3083b64a2a1492dcbd843e5fa647cde3dd8ef,B,1,Leaf rust/2 (924).jpg
images/52be7a394880d6fcfd31a8bfad9b5a223222791105f70f206a8bd727d018c6e6.jpg,52be7a394880d6fcfd31a8bfad9b5a223222791105f70f206a8bd727d018c6e6,B,1,Leaf rust/2 (977).jpg
images/52c90f2824fe61b823bc65db359ac86e04826637beb30c03c01e1b0012375239.jpg,52c90f2824fe61b823bc65db359ac86e04826637beb30c03c01e1b0012375239,E,1,Miner/1 (14219).jpg
images/52ced35bf5b03c3e890c12eb2345e0fdd962fb803ef9d65facba83396194a2d9.jpg,52ced35bf5b03c3e890c12eb2345e0fdd962fb803ef9d65facba83396194a2d9,B,1,Leaf rust/2 (997).jpg
images/52e04d3f6b212061dce2fc74df1b745ad72a7027026488a7aee848c7c1a741cb.jpg,52e04d3f6b212061dce2fc74df1b745ad72a7027026488a7aee848c7c1a741cb,B,1,Leaf rust/1 (215).jpg
images/52faa8e9e98ebdce0f0d86080f7dd9496f0be5dee1b2356de8dcb7f58e0342cc.jpg,52faa8e9e98ebdce0f0d86080f7dd9496f0be5dee1b2356de8dcb7f58e0342cc,E,1,Miner/1 (10303).jpg
images/5301e90678e7d84cce674f78c143debd2ce73540c371346ef92cef3c8b4e66f9.jpg,5301e90678e7d84cce674f78c143debd2ce73540c371346ef92cef3c8b4e66f9,B,1,Leaf rust/2 (900).jpg
images/533dc2c29de6d7291162e6c5bf68f95cde02ca580acd19a687756bf54234f42c.jpg,533dc2c29de6d7291162e6c5bf68f95cde02ca580acd19a687756bf54234f42c,E,1,Miner/1 (15706).jpg
images/5347a54db737679140b927f9a202ecef1f169c6711318a3118380431f084488b.jpg,5347a54db737679140b927f9a202ecef1f169c6711318a3118380431f084488b,E,1,Miner/1 (10676).jpg
images/534c2160c05e3591e23dc51d76af7d7f412316996ddacf4476f8a070974248ed.jpg,534c2160c05e3591e23dc51d76af7d7f412316996ddacf4476f8a070974248ed,D,1,Phoma/4 (183).jpg
images/535c0aed58e5591aceb62d7e29ecaa40bfbbd00ceafd5e964f475b0e38142d20.jpg,535c0aed58e5591aceb62d7e29ecaa40bfbbd00ceafd5e964f475b0e38142d20,B,1,Leaf rust/2 (537).jpg
images/535dc25552d06d51f7f732345e2cc68e364232df8543efe6acf9015f1c501d0e.jpg,535dc25552d06d51f7f732345e2cc68e364232df8543efe6acf9015f1c501d0e,B,1,Leaf rust/1 (466).jpg
images/535fc947669d354ae8e3b50bf189619a53cafd1d72fec374e28ebf75a935e614.jpg,535fc947669d354ae8e3b50bf189619a53cafd1d72fec374e28ebf75a935e614,B,1,Leaf rust/1 (487).jpg
images/5377d53fdb4344e436a2c471456e462fdabfc6a3384ff1a45a7267456e3fa4c9.jpg,5377d53fdb4344e436a2c471456e462fdabfc6a3384ff1a45a7267456e3fa4c9,B,1,Leaf rust/2 (958).jpg
images/537d3106be0dd8862e10655c55b527c01f3b0184b3f3e0e32ceb5b2f655b93c5.jpg,537d3106be0dd8862e10655c55b527c01f3b0184b3f3e0e32ceb5b2f655b93c5,C,1,Cerscospora/6 (700).jpg
images/53850176e35d0ae25261c702218de9763352f1ba8b89ed597a15b000185f6c06.jpg,53850176e35d0ae25261c702218de9763352f1ba8b89ed597a15b000185f6c06,E,1,Miner/1 (13834).jpg
images/53858e0233460e6b8d0d9fa97a6011f7f916c5f631e35572b2c701f78de5a133.jpg,53858e0233460e6b8d0d9fa97a6011f7f916c5f631e35572b2c701f78de5a133,C,1,Cerscospora/8 (476).jpg
images/5395d71fca95d0d4427bf130c5b4ca970cdf28659186bb2ceef97fabf79ca3ba.jpg,5395d71fca95d0d4427bf130c5b4ca970cdf28659186bb2ceef97fabf79ca3ba,D,1,Phoma/4 (435).jpg
images/53b4142fb1576b42466fa15a6d548915ea68462fd1f64e01d3e234c36f193e83.jpg,53b4142fb1576b42466fa15a6d548915ea68462fd1f64e01d3e234c36f193e83,D,1,Phoma/1 (286).jpg
images/53b96a370365e726fe5166838ce675962837a20a63db115aa80e7ca1f3cff2d5.jpg,53b96a370365e726fe5166838ce675962837a20a63db115aa80e7ca1f3cff2d5,B,1,Leaf rust/2 (888).jpg
images/53d0124d9fe4f4cb6296475c1fa7076ba50927bb4bd5d257ba090adf32ac22d3.jpg,53d0124d9fe4f4cb6296475c1fa7076ba50927bb4bd5d257ba090adf32ac22d3,E,1,Miner/1 (11706).jpg
images/53e2221ffe818fc163aaf440c14e3bde6e5794adddc3b74bf102f23036e54441.jpg,53e2221ffe818fc163aaf440c14e3bde6e5794adddc3b74bf102f23036e54441,D,1,Phoma/3 (1165).jpg
images/54018614c956f6fc1a7f7ba8c37c49f3dc85a28bb567b1123dcce568507e238a.jpg,54018614c956f6fc1a7f7ba8c37c49f3dc85a28bb567b1123dcce568507e238a,B,1,Leaf rust/1 (134).jpg
images/5427fc07d1ca54b72ea44118498247cf4b865db6dca536a9a99704c3a8d340f2.jpg,5427fc07d1ca54b72ea44118498247cf4b865db6dca536a9a99704c3a8d340f2,D,1,Phoma/1 (484).jpg
images/5436bba8a063850cc676709ba9fa25c9ac367f6a17faaa26fe148ce32ae57ea7.jpg,5436bba8a063850cc676709ba9fa25c9ac367f6a17faaa26fe148ce32ae57ea7,E,1,Miner/1 (15764).jpg
images/54400569f176af12ba557475ab458b4677a68d3c21f8e7d5705a9affa50eb0dd.jpg,54400569f176af12ba557475ab458b4677a68d3c21f8e7d5705a9affa50eb0dd,D,1,Phoma/3 (1221).jpg
images/5448162cdc4ce94f5adce41f1a2b55efa90b74046472c353f128b6f586892f9a.jpg,5448162cdc4ce94f5adce41f1a2b55efa90b74046472c353f128b6f586892f9a,A,1,Healthy/1 (1909).jpg
images/54678ade306d0f17e611f6ef8fcd0507f72f8a01f40187645bcbf30c373b8969.jpg,54678ade306d0f17e611f6ef8fcd0507f72f8a01f40187645bcbf30c373b8969,E,1,Miner/1 (10413).jpg
images/5478ddc1ad383c78e5af0e688f6450c5522ad9675fff0fe46c3ef3c3142de492.jpg,5478ddc1ad383c78e5af0e688f6450c5522ad9675fff0fe46c3ef3c3142de492,E,1,Miner/1 (13876).jpg
images/548649d93947ff3faff1b6c2b514d86795407cc932fdc05db1753a2f8d13cba3.jpg,548649d93947ff3faff1b6c2b514d86795407cc932fdc05db1753a2f8d13cba3,B,1,Leaf rust/1 (504).jpg
images/54a6183da7b4a4a8248f9ac1f148c3c4d609323d4c3053e23cbd6ccb2deec08d.jpg,54a6183da7b4a4a8248f9ac1f148c3c4d609323d4c3053e23cbd6ccb2deec08d,E,1,Miner/1 (13980).jpg
images/54af76b26075fff56a50b588ea75990fcbd6e5befdce00773eca7b7ec7a6f7fd.jpg,54af76b26075fff56a50b588ea75990fcbd6e5befdce00773eca7b7ec7a6f7fd,D,1,Phoma/2 (231).jpg
images/54d2b40aa2c81f9355387c613c731c42e2eeef85327cb7c4dbbb0fcff537620e.jpg,54d2b40aa2c81f9355387c613c731c42e2eeef85327cb7c4dbbb0fcff537620e,D,1,Phoma/1 (563).jpg
images/54e22e899ca685d7f116d4c89db5f1c70f81e4852f13569b512ec616d6d2dc13.jpg,54e22e899ca685d7f116d4c89db5f1c70f81e4852f13569b512ec616d6d2dc13,B,1,Leaf rust/2 (792).jpg
images/54ea73d19f767d161568dec4f82c06f72c1cc801c30610b30322f6710665ca6a.jpg,54ea73d19f767d161568dec4f82c06f72c1cc801c30610b30322f6710665ca6a,E,1,Miner/1 (11701).jpg
images/54ee0354dd6987581d286a61b69039e0178c529a8bde60e0d4ce0a4ac9a56698.jpg,54ee0354dd6987581d286a61b69039e0178c529a8bde60e0d4ce0a4ac9a56698,E,1,Miner/1 (15878).jpg
images/5502c13e825922c0fffce4d2a5a710ab126a2ea1d60260aa683159193bc75a48.jpg,5502c13e825922c0fffce4d2a5a710ab126a2ea1d60260aa683159193bc75a48,C,1,Cerscospora/7 (121).jpg
images/550a81995634112c8177ccf830f2cb6b6ef2b950b9f5fcdb34b0551ac2377e2f.jpg,550a81995634112c8177ccf830f2cb6b6ef2b950b9f5fcdb34b0551ac2377e2f,E,1,Miner/1 (11997).jpg
images/552f7be4b7fcb0ad6710a1fd9d4024d0a31da21c68b757c675ac997f6968b2e7.jpg,552f7be4b7fcb0ad6710a1fd9d4024d0a31da21c68b757c675ac997f6968b2e7,B,1,Leaf rust/2 (963).jpg
images/55393fd6892df11e606e816be08161d9381185ec92c31fda2ea66744b78a984d.jpg,55393fd6892df11e606e816be08161d9381185ec92c31fda2ea66744b78a984d,E,1,Miner/1 (13409).jpg
images/5540ceaf74cac6bc40c840795d9f3453287b9373475b842de84569657e729095.jpg,5540ceaf74cac6bc40c840795d9f3453287b9373475b842de84569657e729095,E,1,Miner/1 (15684).jpg
images/5542cb0c4978c8f32d3280724002176d20884348cf0a9a19d8b363bcb9f4069d.jpg,5542cb0c4978c8f32d3280724002176d20884348cf0a9a19d8b363bcb9f4069d,E,1,Miner/1 (15761).jpg
images/5553674bc166b6bcdc760199bcd2fd1b12db99d851a148641c939f92f98bee6a.jpg,5553674bc166b6bcdc760199bcd2fd1b12db99d851a148641c939f92f98bee6a,C,1,Cerscospora/6 (744).jpg
images/555692ebefbba21006c52cbc3ac85855a7e2498a2d9bc685b1de59b27e40f53f.jpg,555692ebefbba21006c52cbc3ac85855a7e2498a2d9bc685b1de59b27e40f53f,E,1,Miner/1 (13896).jpg
images/5576df1b70f48dfc00fddd8b3f42ec18ed52c85a8ff08e79dc85271e3b22e918.jpg,5576df1b70f48dfc00fddd8b3f42ec18ed52c85a8ff08e79dc85271e3b22e918,B,1,Leaf rust/1 (412).jpg
images/5577d9a2a9899b5c3912ae7446e456a26fde95ce96785da6053a87f089d1989a.jpg,5577d9a2a9899b5c3912ae7446e456a26fde95ce96785da6053a87f089d1989a,B,1,Leaf rust/1 (416).jpg
images/5579e9b6c884bcafc29b45204810eb92b7e7ea8b5718320cb530590b0d7bcd90.jpg,5579e9b6c884bcafc29b45204810eb92b7e7ea8b5718320cb530590b0d7bcd90,E,1,Miner/1 (14988).jpg
images/557cbbb52afba4e294e0d51a695782cbc043586cc958775bf5d361e5fd22dbe6.jpg,557cbbb52afba4e294e0d51a695782cbc043586cc958775bf5d361e5fd22dbe6,B,1,Leaf rust/2 (528).jpg
images/557dafbad7b2adf267919e92a18e14660de0b391ca4d7c0e9dbcfd5c29ca3f54.jpg,557dafbad7b2adf267919e92a18e14660de0b391ca4d7c0e9dbcfd5c29ca3f54,B,1,Leaf rust/2 (872).jpg
images/55a8a2981b4955ecd94370c93fdba47c0ef9a55cd03fb067b1b6378c02a491df.jpg,55a8a2981b4955ecd94370c93fdba47c0ef9a55cd03fb067b1b6378c02a491df,B,1,Leaf rust/1 (118).jpg
images/55bac293dafe6379126f1e24600b25ab0ee23925ddfea354ac7e6397e8da7ea9.jpg,55bac293dafe6379126f1e24600b25ab0ee23925ddfea354ac7e6397e8da7ea9,E,1,Miner/1 (10009).jpg
images/55d4c26baa8a34e8ab2cd26b0738f2ed52b6b3140d4038c23ff6ffedde5aaa87.jpg,55d4c26baa8a34e8ab2cd26b0738f2ed52b6b3140d4038c23ff6ffedde5aaa87,B,1,Leaf rust/2 (860).jpg
images/55d4d14607d411f3387c97be270a037bd1fecc827665ff7f22ad61ae5d778172.jpg,55d4d14607d411f3387c97be270a037bd1fecc827665ff7f22ad61ae5d778172,B,1,Leaf rust/1 (39).jpg
images/55dd5eba787b0a2005ef0707e6da0cbf12fecd6edbce39e94c274bf79b5e7147.jpg,55dd5eba787b0a2005ef0707e6da0cbf12fecd6edbce39e94c274bf79b5e7147,C,1,Cerscospora/7 (770).jpg
images/5615042775f06fe140c0fcdf944f8a026fec5b05997291bdb931da193c7818ba.jpg,5615042775f06fe140c0fcdf944f8a026fec5b05997291bdb931da193c7818ba,E,1,Miner/1 (14822).jpg
images/5618146d3f600a4f6d49e7689285bac40b9ba6cfceac18fa702a542f54c3c421.jpg,5618146d3f600a4f6d49e7689285bac40b9ba6cfceac18fa702a542f54c3c421,E,1,Miner/1 (12594).jpg
images/5630cd3c84a6ba390e3a4168a1140bf08440c11f585c7593440c65acde2983ba.jpg,5630cd3c84a6ba390e3a4168a1140bf08440c11f585c7593440c65acde2983ba,E,1,Miner/1 (12863).jpg
images/56317a82dbc670ec59b5082177ae2ff2d955059089cf940501ce703b31e96441.jpg,56317a82dbc670ec59b5082177ae2ff2d955059089cf940501ce703b31e96441,D,1,Phoma/1 (558).jpg
images/5639cb88cd6c6cd8b75fb2c44e87653ff57af1bdc56e598fd2cd90f2ec687644.jpg,5639cb88cd6c6cd8b75fb2c44e87653ff57af1bdc56e598fd2cd90f2ec687644,B,1,Leaf rust/1 (188).jpg
images/563e4b6a2f9b5333af6d2753940894279d1d91b96b1346b2a239325f1fc8d284.jpg,563e4b6a2f9b5333af6d2753940894279d1d91b96b1346b2a239325f1fc8d284,E,1,Miner/1 (10673).jpg
images/56419670b391d307b3d6dff91fac5de253b57ca180d5035467a3079a01feb4b8.jpg,56419670b391d307b3d6dff91fac5de253b57ca180d5035467a3079a01feb4b8,B,1,Leaf rust/2 (853).jpg
images/564b543b130d10ac7556f52b357bfcfd5cb310252ea7c3ec6fad0d9070cd501d.jpg,564b543b130d10ac7556f52b357bfcfd5cb310252ea7c3ec6fad0d9070cd501d,E,1,Miner/1 (10428).jpg
images/56651a8ede426cf83ef84d5a2b97e21a4eb6fe1ba0e1ff26e6a0c116449a2f05.jpg,56651a8ede426cf83ef84d5a2b97e21a4eb6fe1ba0e1ff26e6a0c116449a2f05,D,1,Phoma/1 (144).jpg
images/566b1254d642054224004542c14d56f5de1678be07df8a5facc43dc6862b2905.jpg,566b1254d642054224004542c14d56f5de1678be07df8a5facc43dc6862b2905,C,1,Cerscospora/6 (119).jpg
images/5672c71ffa2b2d474ec8bdbfd33d57e65f0c0c2f0c986427a046485974949aa7.jpg,5672c71ffa2b2d474ec8bdbfd33d57e65f0c0c2f0c986427a046485974949aa7,B,1,Leaf rust/2 (813).jpg
images/5679589bf85b3aee107f7645752adf5ca58edc64e8e7920e623ab1770f410a40.jpg,5679589bf85b3aee107f7645752adf5ca58edc64e8e7920e623ab1770f410a40,E,1,Miner/1 (10312).jpg
images/569bd0caa2bfcee0764052179d1cb6d3a9f63362da7217767b09c3105fac222f.jpg,569bd0caa2bfcee0764052179d1cb6d3a9f63362da7217767b09c3105fac222f,E,1,Miner/1 (13406).jpg
images/569f3fa1f16fc18cfa1f3a24f0af7c3be41666ffa01e3e553f3900fbe52498c5.jpg,569f3fa1f16fc18cfa1f3a24f0af7c3be41666ffa01e3e553f3900fbe52498c5,B,1,Leaf rust/2 (548).jpg
images/56a9288f5911c1f6e1fd8a32fc9c6f725066a1a4e5cf7063d43895e450b33c8a.jpg,56a9288f5911c1f6e1fd8a32fc9c6f725066a1a4e5cf7063d43895e450b33c8a,E,1,Miner/1 (14018).jpg
images/56c80ecfd951cc7308d92fbc8e6e5b5ae31d17d052e57fb49ac0459685e0e9cc.jpg,56c80ecfd951cc7308d92fbc8e6e5b5ae31d17d052e57fb49ac0459685e0e9cc,B,1,Leaf rust/2 (750).jpg
images/56d69b219e5fead9cf84de75ab7eefddc98ee1d6e227e5616f3c5b2374bb8bbe.jpg,56d69b219e5fead9cf84de75ab7eefddc98ee1d6e227e5616f3c5b2374bb8bbe,B,1,Leaf rust/1 (105).jpg
images/56dc30d7017fdaeee32fa1a79d0773d94afd7a2a657e37ef8abc82c8af442703.jpg,56dc30d7017fdaeee32fa1a79d0773d94afd7a2a657e37ef8abc82c8af442703,E,1,Miner/1 (10000).jpg
images/56df9b3e7789e0157159f1df1da43a6434cd733ec03ec4c51ca512576d284b45.jpg,56df9b3e7789e0157159f1df1da43a6434cd733ec03ec4c51ca512576d284b45,E,1,Miner/1 (12519).jpg
images/56eafd4b83f63ea70f02ec4ced77fbded1ff0e5555bea84c78ebe84e41235525.jpg,56eafd4b83f63ea70f02ec4ced77fbded1ff0e5555bea84c78ebe84e41235525,B,1,Leaf rust/2 (841).jpg
images/56f7d12e16d390a2b5dd9382ff482f865a1e19adf5ca647a8c10f06453944af2.jpg,56f7d12e16d390a2b5dd9382ff482f865a1e19adf5ca647a8c10f06453944af2,E,1,Miner/1 (12794).jpg
images/56f8dbe97ab5a5235775943819a67b14c7c1b26d1c96f00d92734cf28639fe95.jpg,56f8dbe97ab5a5235775943819a67b14c7c1b26d1c96f00d92734cf28639fe95,D,1,Phoma/4 (369).jpg
images/56fa45bf228042ed8c5054c8f823e9f3783e7b85c05266ce6eecdbc855d7ec74.jpg,56fa45bf228042ed8c5054c8f823e9f3783e7b85c05266ce6eecdbc855d7ec74,B,1,Leaf rust/2 (688).jpg
images/5715bad9d3c6b69eed5c1c33e0d1a77f4467eeafeac121d6da8d2075d4f2d1e6.jpg,5715bad9d3c6b69eed5c1c33e0d1a77f4467eeafeac121d6da8d2075d4f2d1e6,B,1,Leaf rust/2 (17).jpeg
images/572cb83e918b67c8ad313302728441669d1f9c01281049c36be923eb47bc574d.jpg,572cb83e918b67c8ad313302728441669d1f9c01281049c36be923eb47bc574d,E,1,Miner/1 (11676).jpg
images/57419bcb288ea54db98b068110ab4cefbbda1e3e193cd1b99660968ed7dccde5.jpg,57419bcb288ea54db98b068110ab4cefbbda1e3e193cd1b99660968ed7dccde5,A,1,Healthy/1 (3810).jpg
images/576312243048e035fb3a9ee77ae804cc3b93e0272392a1082d434a730208ce04.jpg,576312243048e035fb3a9ee77ae804cc3b93e0272392a1082d434a730208ce04,B,1,Leaf rust/1 (393).jpg
images/577bf7979f16f11777f01b3890490d4b268c37c6ddf1d7f4f0ec8ced0f1dc783.jpg,577bf7979f16f11777f01b3890490d4b268c37c6ddf1d7f4f0ec8ced0f1dc783,E,1,Miner/1 (14705).jpg
images/5783d3312c2a1541902f13ee591fa68c8652e432fc7dc2ab41ac0c85db191089.jpg,5783d3312c2a1541902f13ee591fa68c8652e432fc7dc2ab41ac0c85db191089,D,1,Phoma/2 (481).jpg
images/578db8525c8d835acab9313a53d10e224f9ca5ce5f2680b496349d603dd66a6d.jpg,578db8525c8d835acab9313a53d10e224f9ca5ce5f2680b496349d603dd66a6d,B,1,Leaf rust/2 (869).jpg
images/579aac10a3d056b5889a27e0b47de3b4155baa977fe5c749b1cf24fa9851abee.jpg,579aac10a3d056b5889a27e0b47de3b4155baa977fe5c749b1cf24fa9851abee,E,1,Miner/1 (13843).jpg
images/57b4daefaf7630cd2dd3d5e8a1695756f12f95f83124136867d399eb22734723.jpg,57b4daefaf7630cd2dd3d5e8a1695756f12f95f83124136867d399eb22734723,B,1,Leaf rust/1 (261).jpg
images/57c7c094105e5ce16120fbf3533265db4c13ad20e2d35895fe3a3a89fde1e9d7.jpg,57c7c094105e5ce16120fbf3533265db4c13ad20e2d35895fe3a3a89fde1e9d7,C,1,Cerscospora/8 (105).jpg
images/57f73e38f1df2ccd82484d5bc0316eb1a8f52e6af5067a870974893de85f0ffd.jpg,57f73e38f1df2ccd82484d5bc0316eb1a8f52e6af5067a870974893de85f0ffd,B,1,Leaf rust/2 (966).jpg
images/5811efa30586ecb6eeeadb1c8f1320436bc74af3d837e0e5df800758e13857de.jpg,5811efa30586ecb6eeeadb1c8f1320436bc74af3d837e0e5df800758e13857de,B,1,Leaf rust/1 (292).jpg
images/5816b4cf7e0cd5adf7d93687a5a86ae5fc9723a0020a8036ea9c70080126bffc.jpg,5816b4cf7e0cd5adf7d93687a5a86ae5fc9723a0020a8036ea9c70080126bffc,B,1,Leaf rust/2 (990).jpg
images/581a972b251dd8c45f5b372ab02351951a1295fc1c7a13189b06b36109aae090.jpg,581a972b251dd8c45f5b372ab02351951a1295fc1c7a13189b06b36109aae090,B,1,Leaf rust/2 (822).jpg
images/582e9272bc6400fbde632210b0003d190242cdc6c6e4a79a476a874ed37b7862.jpg,582e9272bc6400fbde632210b0003d190242cdc6c6e4a79a476a874ed37b7862,E,1,Miner/1 (10234).jpg
images/583ce333848b7f28640bbd3013d0d4c5847cbf3ac27e1773745dec7952e0063b.jpg,583ce333848b7f28640bbd3013d0d4c5847cbf3ac27e1773745dec7952e0063b,D,1,Phoma/4 (313).jpg
images/5859b98dd1bf0aa4b1ee584755b870c1c98894cd6e4c712a046134997b0a80fa.jpg,5859b98dd1bf0aa4b1ee584755b870c1c98894cd6e4c712a046134997b0a80fa,D,1,Phoma/3 (1161).jpg
images/587bfcc1e50324674e156a0aafdeb47a88efd774a0adde17f0b09d7d52a6a64b.jpg,587bfcc1e50324674e156a0aafdeb47a88efd774a0adde17f0b09d7d52a6a64b,E,0,Miner/1 (10425).jpg
images/587d854959776e95c578f0f17bf30449de155e508486e310084c722bbc94112d.jpg,587d854959776e95c578f0f17bf30449de155e508486e310084c722bbc94112d,D,1,Phoma/4 (335).jpg
images/58a7e1cfb66102d8570336738f0ea2b20de9afebf373d3e7121de023a18c0f93.jpg,58a7e1cfb66102d8570336738f0ea2b20de9afebf373d3e7121de023a18c0f93,E,0,Miner/1 (10055).jpg
images/58c27a3fe7b8890d75e3e83033558e7737859b788073407bb2f1cd4ff7ea1e52.jpg,58c27a3fe7b8890d75e3e83033558e7737859b788073407bb2f1cd4ff7ea1e52,E,0,Miner/1 (10037).jpg
images/58d1a9c2c3b93323bf7b4ece354e05a724888c189953bb6abfb7f43922651b2b.jpg,58d1a9c2c3b93323bf7b4ece354e05a724888c189953bb6abfb7f43922651b2b,C,1,Cerscospora/4 (406).jpg
images/58d281da86048b275c375bc44a368dece7347ea585dc30028354bb2502c345d0.jpg,58d281da86048b275c375bc44a368dece7347ea585dc30028354bb2502c345d0,E,0,Miner/1 (11860).jpg
images/58f6bd85113b20a64069affa33601a1eb54c7b5feaa4eb4be9a09e7c2f35bd33.jpg,58f6bd85113b20a64069affa33601a1eb54c7b5feaa4eb4be9a09e7c2f35bd33,C,1,Cerscospora/7 (335).jpg
images/591908354ba008e7b8ab3196cd9df4e14692821dd749b632364b4d9587c8d652.jpg,591908354ba008e7b8ab3196cd9df4e14692821dd749b632364b4d9587c8d652,E,0,Miner/1 (14193).jpg
images/592cc7c3b45f3064f870e156c984caa90ee4767a61a9d8d8a5e7e3a5657ca0dd.jpg,592cc7c3b45f3064f870e156c984caa90ee4767a61a9d8d8a5e7e3a5657ca0dd,E,0,Miner/1 (12846).jpg
images/5977939243f70b948c62dfb0fdb190831a57380799b1e5917fd06f31287ae18a.jpg,5977939243f70b948c62dfb0fdb190831a57380799b1e5917fd06f31287ae18a,B,1,Leaf rust/2 (606).jpg
images/598256c54c4ea81c4097e66fe45f65191e96db16ab7cd170fb8b71102446447b.jpg,598256c54c4ea81c4097e66fe45f65191e96db16ab7cd170fb8b71102446447b,E,0,Miner/1 (10740).jpg
images/59890f428aac02fe40466ab7168f2628233f276771a55d765ca636be77d19fea.jpg,59890f428aac02fe40466ab7168f2628233f276771a55d765ca636be77d19fea,E,0,Miner/1 (11865).jpg
images/59df411f9d6a2d8e21e3fd25f6706e8e7279c8377121102a1afb2c40323f7601.jpg,59df411f9d6a2d8e21e3fd25f6706e8e7279c8377121102a1afb2c40323f7601,E,0,Miner/1 (15525).jpg
images/59eb382806caf82559fcca77d1280b30a8d2e840560529a3f0a630e1c3510826.jpg,59eb382806caf82559fcca77d1280b30a8d2e840560529a3f0a630e1c3510826,B,1,Leaf rust/2 (565).jpg
images/5a00fa6bf3ae39cc08b0c89827b47ced62f85d881c4a2fd46aa148af678a7cde.jpg,5a00fa6bf3ae39cc08b0c89827b47ced62f85d881c4a2fd46aa148af678a7cde,D,1,Phoma/3 (1286).jpg
images/5a04a261620390a654b046703e449298348ddfdca6bc03cc413ae09bdf6dd6a0.jpg,5a04a261620390a654b046703e449298348ddfdca6bc03cc413ae09bdf6dd6a0,C,1,Cerscospora/4 (292).jpg
images/5a1c827a313e5bed4ba9c91e9d0056bbd101883b26f49f3ac429f5452af180e8.jpg,5a1c827a313e5bed4ba9c91e9d0056bbd101883b26f49f3ac429f5452af180e8,E,0,Miner/1 (10140).jpg
images/5a4f738ee7fe8f863e06612562f0c100a14d273866e570091ec1ca4e1b4ec5dd.jpg,5a4f738ee7fe8f863e06612562f0c100a14d273866e570091ec1ca4e1b4ec5dd,B,1,Leaf rust/1 (362).jpg
images/5a6405e05e669e601138116fe7d612a0eb5f1f992f046a807de731dcd92d6a4d.jpg,5a6405e05e669e601138116fe7d612a0eb5f1f992f046a807de731dcd92d6a4d,B,1,Leaf rust/2 (850).jpg
images/5a7b776b513193988d8fa43324fde293caeae92a73812064ef24c2c76debc2bf.jpg,5a7b776b513193988d8fa43324fde293caeae92a73812064ef24c2c76debc2bf,E,0,Miner/1 (10752).jpg
images/5a7f0925a00d0182e89ab37be933543d3eb0787de7f04c51f61baaa0e20ef16b.jpg,5a7f0925a00d0182e89ab37be933543d3eb0787de7f04c51f61baaa0e20ef16b,E,0,Miner/1 (10235).jpg
images/5aac3ce84dff1b613585f1d270cb8d9dfd1ccc07caa7b2f9d01e69c8e8b80d71.jpg,5aac3ce84dff1b613585f1d270cb8d9dfd1ccc07caa7b2f9d01e69c8e8b80d71,E,0,Miner/1 (10210).jpg
images/5aaf5775a07562b7d04ba7f2070a9edda59e488d51151d9772bd2b2589a5bbca.jpg,5aaf5775a07562b7d04ba7f2070a9edda59e488d51151d9772bd2b2589a5bbca,D,1,Phoma/2 (523).jpg
images/5ab9ef51e1cd61b0adf6ceb47385566881949fae7a99f18febd6d4235892cb71.jpg,5ab9ef51e1cd61b0adf6ceb47385566881949fae7a99f18febd6d4235892cb71,E,0,Miner/1 (14720).jpg
images/5abd5ec78ef671c28e1ecbffae8559071773deea61ea403a24198cad2769c279.jpg,5abd5ec78ef671c28e1ecbffae8559071773deea61ea403a24198cad2769c279,E,0,Miner/1 (10410).jpg
images/5ae7c393dca735a0fd445611c7c3ce901fa9f869ef440ee696654e478b2ab0e1.jpg,5ae7c393dca735a0fd445611c7c3ce901fa9f869ef440ee696654e478b2ab0e1,B,1,Leaf rust/2 (911).jpg
images/5b14f125907058e7ba2ff28a70d3b75745f1221880386f59fafb18d7e323156b.jpg,5b14f125907058e7ba2ff28a70d3b75745f1221880386f59fafb18d7e323156b,B,1,Leaf rust/1 (141).jpg
images/5b17d52575e0f6a5180b52939fa6236770328c8eb8a054a769cb9f84bbb3e2f6.jpg,5b17d52575e0f6a5180b52939fa6236770328c8eb8a054a769cb9f84bbb3e2f6,D,1,Phoma/4 (434).jpg
images/5b1c898af255abd585a6f422ee36f93c066d3136d4e205494aa944618c9c8647.jpg,5b1c898af255abd585a6f422ee36f93c066d3136d4e205494aa944618c9c8647,E,0,Miner/1 (12529).jpg
images/5b4ef7f3ad4f1a2a80f4a59644afe0303dfb785eeb625a824fcddef9b7e48b39.jpg,5b4ef7f3ad4f1a2a80f4a59644afe0303dfb785eeb625a824fcddef9b7e48b39,E,0,Miner/1 (12548).jpg
images/5b791c7f95cbd0908d84d64dc8cb627744f31ff2b8bed8967848c173b0c4e5a1.jpg,5b791c7f95cbd0908d84d64dc8cb627744f31ff2b8bed8967848c173b0c4e5a1,E,0,Miner/1 (14824).jpg
images/5b7ce694beec47e3fe2b927cf8fd44c72a614b7fc86ac00c37af9e17153d1947.jpg,5b7ce694beec47e3fe2b927cf8fd44c72a614b7fc86ac00c37af9e17153d1947,C,1,Cerscospora/4 (1028).jpg
images/5b80a23b27087a99b94b38f8c655d75fb446375d4a825a39d1e38d7f3b89ff6c.jpg,5b80a23b27087a99b94b38f8c655d75fb446375d4a825a39d1e38d7f3b89ff6c,D,1,Phoma/6 (873).jpg
images/5b8985f6db32a15d3583f8efbdec7fcd7a78cbf2a3f16c4d9720786d839c54b9.jpg,5b8985f6db32a15d3583f8efbdec7fcd7a78cbf2a3f16c4d9720786d839c54b9,D,1,Phoma/4 (525).jpg
images/5b89a378e184ce0dd41f71804439a63e4e58ea6fd7a3bf74e1515e1830f13d40.jpg,5b89a378e184ce0dd41f71804439a63e4e58ea6fd7a3bf74e1515e1830f13d40,E,0,Miner/1 (12070).jpg
images/5b8b90e460b6245cc4a257ced52ed91352bf598f6071bd3fa9cb7f5401fda4ec.jpg,5b8b90e460b6245cc4a257ced52ed91352bf598f6071bd3fa9cb7f5401fda4ec,E,0,Miner/1 (14083).jpg
images/5ba75ce490157aef160bf141495fc2679e4605a958282f0153fbbc75c4e80cfc.jpg,5ba75ce490157aef160bf141495fc2679e4605a958282f0153fbbc75c4e80cfc,E,0,Miner/1 (12543).jpg
images/5ba8055f6547c846425598b249032a363140358b96dad5f54e59c0d7a4a81a8e.jpg,5ba8055f6547c846425598b249032a363140358b96dad5f54e59c0d7a4a81a8e,E,0,Miner/1 (13247).jpg
images/5ba9eb38385e709deec071098d505866646aaa0e2f7c3b123ef922046b49a5cc.jpg,5ba9eb38385e709deec071098d505866646aaa0e2f7c3b123ef922046b49a5cc,E,0,Miner/1 (10670).jpg
images/5bdc17a219d8a795d480ff9f51cd0548a5188d609c2df775a23eaa2932c020fc.jpg,5bdc17a219d8a795d480ff9f51cd0548a5188d609c2df775a23eaa2932c020fc,D,1,Phoma/1 (471).jpg
images/5bec7c8f74b045c9d3198b1fb0785d282c6ad523b8eba4d3dbaa579155573583.jpg,5bec7c8f74b045c9d3198b1fb0785d282c6ad523b8eba4d3dbaa579155573583,E,0,Miner/1 (12053).jpg
images/5bef396d93e60a3a8b5bae7bfdcc6761cbb464d026dbe7c55c08507a97b48057.jpg,5bef396d93e60a3a8b5bae7bfdcc6761cbb464d026dbe7c55c08507a97b48057,B,1,Leaf rust/1 (454).jpg
images/5bf47e78d736a34f9a64f223fd1dfe53e3e24eb204c07b93b7c1b2dc42a32aae.jpg,5bf47e78d736a34f9a64f223fd1dfe53e3e24eb204c07b93b7c1b2dc42a32aae,E,0,Miner/1 (15680).jpg
images/5c210cbfe4aefcf1cebef0f8e99936a7b6511674fc05e6273f9d756476cb8a9f.jpg,5c210cbfe4aefcf1cebef0f8e99936a7b6511674fc05e6273f9d756476cb8a9f,E,0,Miner/1 (12185).jpg
images/5c21db649c2b514b0781340a97e9ba8869cebf73752aefcc8594e05975859bbb.jpg,5c21db649c2b514b0781340a97e9ba8869cebf73752aefcc8594e05975859bbb,B,1,Leaf rust/1 (459).jpg
images/5c3af4036411a56328dbcaec9316301a690bc51d3391e57b6554077de9cdaf2a.jpg,5c3af4036411a56328dbcaec9316301a690bc51d3391e57b6554077de9cdaf2a,D,1,Phoma/4 (204).jpg
images/5c419af1a1f50c93dbae0aff74188921f38c664d8f5b0d0c53ae6689976ac901.jpg,5c419af1a1f50c93dbae0aff74188921f38c664d8f5b0d0c53ae6689976ac901,B,1,Leaf rust/2 (836).jpg
images/5c428017a5bc24f2d5f4a85c9b77f1a48e1ee98935982b704a2f6a38f019b1b9.jpg,5c428017a5bc24f2d5f4a85c9b77f1a48e1ee98935982b704a2f6a38f019b1b9,E,0,Miner/1 (14222).jpg
images/5c649a04fa16f019e677ef7c2bec62f1898fc708ac74d3726fd9d089a2559bb3.jpg,5c649a04fa16f019e677ef7c2bec62f1898fc708ac74d3726fd9d089a2559bb3,B,1,Leaf rust/2 (904).jpg
images/5c713431677e6e81dfa8d28b0b4d1e00a9a23aa584ba648b7acf1d083cdbba0d.jpg,5c713431677e6e81dfa8d28b0b4d1e00a9a23aa584ba648b7acf1d083cdbba0d,B,1,Leaf rust/1 (465).jpg
images/5c760cf16461fbfcb239d67036b7376db8be55c8edab11662f19c8bc868606a5.jpg,5c760cf16461fbfcb239d67036b7376db8be55c8edab11662f19c8bc868606a5,D,1,Phoma/3 (1086).jpg
images/5c9fec9706724f33e5cd98d1158143561247ef3c12ad5c659067e968e6b23809.jpg,5c9fec9706724f33e5cd98d1158143561247ef3c12ad5c659067e968e6b23809,E,0,Miner/1 (13581).jpg
images/5ca649cdf9b19a4eb1f4219a9b06eaec3431564489531b35026c327f2a1401ed.jpg,5ca649cdf9b19a4eb1f4219a9b06eaec3431564489531b35026c327f2a1401ed,E,0,Miner/1 (13239).jpg
images/5cb27e08cff79acf38805f1fd62b34cb14ee841e01cfeffe0d15cc9cc6f3181f.jpg,5cb27e08cff79acf38805f1fd62b34cb14ee841e01cfeffe0d15cc9cc6f3181f,E,0,Miner/1 (11006).jpg
images/5cbe823f1672da7f66fdba600d93e2e7b0409a321477944328e435e2acc18294.jpg,5cbe823f1672da7f66fdba600d93e2e7b0409a321477944328e435e2acc18294,B,1,Leaf rust/1 (76).jpg
images/5ccef8c8bbed5b2dee5fb5a82057d20fec1e91cb7de235a701372663dcf70982.jpg,5ccef8c8bbed5b2dee5fb5a82057d20fec1e91cb7de235a701372663dcf70982,E,0,Miner/1 (11819).jpg
images/5ceafd201defe45c7a0244ed41ebd34be9d56fbb0dfb9026cb4cdcfe1f2f83a4.jpg,5ceafd201defe45c7a0244ed41ebd34be9d56fbb0dfb9026cb4cdcfe1f2f83a4,C,1,Cerscospora/4 (407).jpg
images/5d07df94d9035d5d6685b9339d5ba6281ae3aa562ed7db177c0887ea4f0f8b0a.jpg,5d07df94d9035d5d6685b9339d5ba6281ae3aa562ed7db177c0887ea4f0f8b0a,C,1,Cerscospora/7 (288).jpg
images/5d0c9ee9e6ac8751b1d7e4e7d9bc161ddd3abda1b514f260fc6dfa5bd1f1c793.jpg,5d0c9ee9e6ac8751b1d7e4e7d9bc161ddd3abda1b514f260fc6dfa5bd1f1c793,B,1,Leaf rust/2 (871).jpg
images/5d17a86e93c90c4f90cad2e17a6d1b39d6bd2d6901c98432021bcde541c725d7.jpg,5d17a86e93c90c4f90cad2e17a6d1b39d6bd2d6901c98432021bcde541c725d7,E,0,Miner/1 (10203).jpg
images/5d1c056ff8505013357dc8d43f8b8f2157bc68730cbc3379e22c3c4ebe66153d.jpg,5d1c056ff8505013357dc8d43f8b8f2157bc68730cbc3379e22c3c4ebe66153d,D,1,Phoma/1 (337).jpg
images/5d2033fa111aabbed7bc927fb44480efd7aa97ff4c83c0cc40dd28125927db68.jpg,5d2033fa111aabbed7bc927fb44480efd7aa97ff4c83c0cc40dd28125927db68,B,1,Leaf rust/1 (283).jpg
images/5d235cb2bd5e0e298e64650296ad2f930f7053217dae794e837abca2082a6821.jpg,5d235cb2bd5e0e298e64650296ad2f930f7053217dae794e837abca2082a6821,E,0,Miner/1 (14719).jpg
images/5d26cbec842bff0e8cb2922884471b945d25d94892f4c28f3592aff4335f9c61.jpg,5d26cbec842bff0e8cb2922884471b945d25d94892f4c28f3592aff4335f9c61,E,0,Miner/1 (11927).jpg
images/5d428df59ca61e41c8c3bbe0174d4c69a4e76e910d5ca948d5fa5b82a0ddc7f1.jpg,5d428df59ca61e41c8c3bbe0174d4c69a4e76e910d5ca948d5fa5b82a0ddc7f1,E,0,Miner/1 (11121).jpg
images/5d5f49e8164ce0ac70040d3b6adb872ae96e1028f93a36ebc5e0ab14bb3f2c8c.jpg,5d5f49e8164ce0ac70040d3b6adb872ae96e1028f93a36ebc5e0ab14bb3f2c8c,D,1,Phoma/6 (3379).jpg
images/5d60e43c9c360ed628e6df789817eadf5bcf91e4f6e2320f147c19135f4ab78b.jpg,5d60e43c9c360ed628e6df789817eadf5bcf91e4f6e2320f147c19135f4ab78b,E,0,Miner/1 (14194).jpg
images/5d6146265d0b1cafb92278809a9534158ad48ea22d457621c6e6a61c672342e3.jpg,5d6146265d0b1cafb92278809a9534158ad48ea22d457621c6e6a61c672342e3,E,0,Miner/1 (10345).jpg
images/5d755d692c3ac552252e22e668184738b35412fa0f798bfeb26600ee0bf88c78.jpg,5d755d692c3ac552252e22e668184738b35412fa0f798bfeb26600ee0bf88c78,B,1,Leaf rust/1 (160).jpg
images/5d915ec0a7f95c0552aec14c64587dd774c3743071477d501f9902b04d7b6047.jpg,5d915ec0a7f95c0552aec14c64587dd774c3743071477d501f9902b04d7b6047,E,0,Miner/1 (11878).jpg
images/5db16218c5f16357f48444cdafe39199a125fe2d3d83af9f2a118442093f6f2c.jpg,5db16218c5f16357f48444cdafe39199a125fe2d3d83af9f2a118442093f6f2c,D,1,Phoma/1 (328).jpg
images/5de3697dc344ce06c246cc6aa108129c894e8e79cafd5821969826990a979715.jpg,5de3697dc344ce06c246cc6aa108129c894e8e79cafd5821969826990a979715,B,1,Leaf rust/1 (8).jpg
images/5dec19039fdc195fa1f782705a1752234c88b669fdb5ad4f7b6efa8d7ecc4715.jpg,5dec19039fdc195fa1f782705a1752234c88b669fdb5ad4f7b6efa8d7ecc4715,E,0,Miner/1 (10728).jpg
images/5dfca3c458cc98095343cf353889cd30b55c122de4a532ae9815b69fd4c822cb.jpg,5dfca3c458cc98095343cf353889cd30b55c122de4a532ae9815b69fd4c822cb,E,0,Miner/1 (14332).jpg
images/5e009a6dfce46a5c754c9d45f5549460b9fea7a7ecfe2d8e635c1af323b340b7.jpg,5e009a6dfce46a5c754c9d45f5549460b9fea7a7ecfe2d8e635c1af323b340b7,E,0,Miner/1 (14157).jpg
images/5e07fcfa8c1c6bc2137936c4c53a5b14e73be35b1aebdb5f308836a7bf84dbd4.jpg,5e07fcfa8c1c6bc2137936c4c53a5b14e73be35b1aebdb5f308836a7bf84dbd4,D,1,Phoma/4 (193).jpg
images/5e218cd8e5bc8b71592aaacc71e511baa75a198b20e0e8602c65a97f23794142.jpg,5e218cd8e5bc8b71592aaacc71e511baa75a198b20e0e8602c65a97f23794142,B,1,Leaf rust/2 (854).jpg
images/5e34dcc61e4de5fcca9aebd629d1d7e9b29ffd347a9506a7839e185cf19052fc.jpg,5e34dcc61e4de5fcca9aebd629d1d7e9b29ffd347a9506a7839e185cf19052fc,B,1,Leaf rust/2 (845).jpg
images/5e476f21b3f695a4dc7d18cb1cfb2f4247126d20c435984050a74ebe328bf752.jpg,5e476f21b3f695a4dc7d18cb1cfb2f4247126d20c435984050a74ebe328bf752,D,1,Phoma/2 (327).jpg
images/5e64313283f6cba05be9e121eecd3814491ba5a57f1f63976728bd4a61750137.jpg,5e64313283f6cba05be9e121eecd3814491ba5a57f1f63976728bd4a61750137,E,0,Miner/1 (13799).jpg
images/5e79ecb7157bbadffc78edf90258629f6b8df2fc5e96b51b28ece8b62e1a53c9.jpg,5e79ecb7157bbadffc78edf90258629f6b8df2fc5e96b51b28ece8b62e1a53c9,B,1,Leaf rust/2 (550).jpg
images/5e7f343b52f81293a8182b1a618fad53038012a5d9b87e188303161a45f7b16f.jpg,5e7f343b52f81293a8182b1a618fad53038012a5d9b87e188303161a45f7b16f,E,0,Miner/1 (14664).jpg
images/5e82d8b9dabfbbf1ca1a59f3ab6a081ad967696b7ea612c01dba864c8ee796a4.jpg,5e82d8b9dabfbbf1ca1a59f3ab6a081ad967696b7ea612c01dba864c8ee796a4,E,0,Miner/1 (10419).jpg
images/5e848806f5496be3182390c8bdade7b12e816a84ba24be247e7653aa10db16f0.jpg,5e848806f5496be3182390c8bdade7b12e816a84ba24be247e7653aa10db16f0,B,1,Leaf rust/2 (604).jpg
images/5e99cad1d68985caee584a0ac66d4c32e89c69cd6b02b4e8fe37bae651e187a9.jpg,5e99cad1d68985caee584a0ac66d4c32e89c69cd6b02b4e8fe37bae651e187a9,E,0,Miner/1 (12138).jpg
images/5ea659d861699377d67ed69e929ffd1ead5d8c259ff8956bce99091d0c16e3a5.jpg,5ea659d861699377d67ed69e929ffd1ead5d8c259ff8956bce99091d0c16e3a5,B,1,Leaf rust/2 (620).jpg
images/5eb1b7619b988677cf3551212d0b3980e1bc1079dd1c66da3b6f1e8fc5261dab.jpg,5eb1b7619b988677cf3551212d0b3980e1bc1079dd1c66da3b6f1e8fc5261dab,B,1,Leaf rust/2 (945).jpg
images/5eb276b742c542c3029a770db6cf04a719b09c13f9d5cbabb40d8f1f02b41e09.jpg,5eb276b742c542c3029a770db6cf04a719b09c13f9d5cbabb40d8f1f02b41e09,D,1,Phoma/1 (186).jpg
images/5ebbcca59bad7e04f34a7d8896624ca2f90370563681ea36b0d112ac5abed287.jpg,5ebbcca59bad7e04f34a7d8896624ca2f90370563681ea36b0d112ac5abed287,B,1,Leaf rust/2 (538).jpg
images/5ec0089076f7a7fa1461bca50db14b0218cd4ce7abc7c3a22196b68925cb1b2d.jpg,5ec0089076f7a7fa1461bca50db14b0218cd4ce7abc7c3a22196b68925cb1b2d,B,1,Leaf rust/1 (35).jpg
images/5ec561c62750d91916e7b5ead36b78e5dcff48b2489e42a9882890eae2b5ac6d.jpg,5ec561c62750d91916e7b5ead36b78e5dcff48b2489e42a9882890eae2b5ac6d,E,0,Miner/1 (10411).jpg
images/5ef83fd98c443cd1c764a0788c732b8e9d325dd781520b224c1f30c8ece440e4.jpg,5ef83fd98c443cd1c764a0788c732b8e9d325dd781520b224c1f30c8ece440e4,D,1,Phoma/6 (881).jpg
images/5efcb562959a6017086eeb10460d46cb2f14bc041bc544713eeba4ed9a24726a.jpg,5efcb562959a6017086eeb10460d46cb2f14bc041bc544713eeba4ed9a24726a,E,0,Miner/1 (13683).jpg
images/5effe00fb9de5d74fdd15660fb7c68e690567c7aaf999c0756e8ea7f4a5cee7e.jpg,5effe00fb9de5d74fdd15660fb7c68e690567c7aaf999c0756e8ea7f4a5cee7e,E,0,Miner/1 (10265).jpg
images/5f02c72954e62bbd44ee0c3a0646ce73ce24505959aeb7c49d3ace8a0bedef06.jpg,5f02c72954e62bbd44ee0c3a0646ce73ce24505959aeb7c49d3ace8a0bedef06,B,1,Leaf rust/2 (988).jpg
images/5f1fc46a9cd60f5379907be4423b4fb2ff75659fbc54ac72939fb42d2d692efe.jpg,5f1fc46a9cd60f5379907be4423b4fb2ff75659fbc54ac72939fb42d2d692efe,B,1,Leaf rust/2 (1017).jpg
images/5f30233a2447c77ee949e2ed5fb2aaec0f31dc7ff9691d86f348cba354435c9d.jpg,5f30233a2447c77ee949e2ed5fb2aaec0f31dc7ff9691d86f348cba354435c9d,E,0,Miner/1 (15620).jpg
images/5f36b3f55b28125069db9ca66eb8ad285533b2a2725a2b6611f80d8670f39363.jpg,5f36b3f55b28125069db9ca66eb8ad285533b2a2725a2b6611f80d8670f39363,B,1,Leaf rust/1 (257).jpg
images/5f66491a746bd7e83d81ad8c0820983005745463c7c5be427afdeaae418bc7e1.jpg,5f66491a746bd7e83d81ad8c0820983005745463c7c5be427afdeaae418bc7e1,E,0,Miner/1 (10220).jpg
images/5f6b0ee63ce7be899f311eae70874bf5b42e4fb38ee974392f868a287145c014.jpg,5f6b0ee63ce7be899f311eae70874bf5b42e4fb38ee974392f868a287145c014,B,1,Leaf rust/2 (882).jpg
images/5f6e188b795cfd91b9e2298effb830805357d56677b7f9ecf85796dd96fdca25.jpg,5f6e188b795cfd91b9e2298effb830805357d56677b7f9ecf85796dd96fdca25,B,1,Leaf rust/2 (654).jpg
images/5f7bd50050b3568951c85ef78247b61382fed3ebd4c2da6aadb336938f82aba9.jpg,5f7bd50050b3568951c85ef78247b61382fed3ebd4c2da6aadb336938f82aba9,E,0,Miner/1 (10066).jpg
images/5f8028501c8b887440adcdcfb36391dc864a099d62e5d00ce4c1b9a2af7df625.jpg,5f8028501c8b887440adcdcfb36391dc864a099d62e5d00ce4c1b9a2af7df625,B,1,Leaf rust/2 (577).jpg
images/5f985798848ed9962882be060ccef2ddee98d487f4625d4792604dd838072da6.jpg,5f985798848ed9962882be060ccef2ddee98d487f4625d4792604dd838072da6,D,1,Phoma/3 (1199).jpg
images/5f9dee5be733a1d15857c8ee2572e1ee332ee6e2670efb52cac9da8587d68fd2.jpg,5f9dee5be733a1d15857c8ee2572e1ee332ee6e2670efb52cac9da8587d68fd2,E,0,Miner/1 (11749).jpg
images/5fadf4ae5ba7d973b95daedb9135e122542d159ba23191685ed9327343a5dc17.jpg,5fadf4ae5ba7d973b95daedb9135e122542d159ba23191685ed9327343a5dc17,D,1,Phoma/4 (566).jpg
images/5faf148ff12b1be53d53df5c6d33b2b27c14032c7ba9f281020ff81e429e4274.jpg,5faf148ff12b1be53d53df5c6d33b2b27c14032c7ba9f281020ff81e429e4274,B,1,Leaf rust/1 (194).jpg
images/5fb4b25e3e1cac8c1e31e3da1bd51f06940e55ee4d2f6fd0da4faab4413a88bf.jpg,5fb4b25e3e1cac8c1e31e3da1bd51f06940e55ee4d2f6fd0da4faab4413a88bf,B,1,Leaf rust/2 (706).jpg
images/5fbeee27efcdcfde444fa0ccc1656e9b1ce5f694316fa9e8714465335602a6ae.jpg,5fbeee27efcdcfde444fa0ccc1656e9b1ce5f694316fa9e8714465335602a6ae,D,1,Phoma/4 (383).jpg
images/5fcbfea6e615c3b74271b979a6346fd4463e31fa36f98ec5cf7c271fbd46650e.jpg,5fcbfea6e615c3b74271b979a6346fd4463e31fa36f98ec5cf7c271fbd46650e,E,0,Miner/1 (10041).jpg
images/5fd8bdf876cd797a490c3d89c4ca036ad707d98fbc629965fdec9cb51bf2f41a.jpg,5fd8bdf876cd797a490c3d89c4ca036ad707d98fbc629965fdec9cb51bf2f41a,E,0,Miner/1 (11998).jpg
images/5ff4993b72705d77e37346d1f5163c0ed9e730837a9fad607f769b079378a5bd.jpg,5ff4993b72705d77e37346d1f5163c0ed9e730837a9fad607f769b079378a5bd,B,1,Leaf rust/2 (683).jpg
images/5ffeded1378057322c290f5751bceffa0194a169de5ff6052697b44c2a57ab08.jpg,5ffeded1378057322c290f5751bceffa0194a169de5ff6052697b44c2a57ab08,B,1,Leaf rust/1 (399).jpg
images/6009d6400197ac22e4e806abc44121cf054f2c4945218112fe40444e1c2ac943.jpg,6009d6400197ac22e4e806abc44121cf054f2c4945218112fe40444e1c2ac943,D,1,Phoma/1 (470).jpg
images/60740983ff3dd4d10fb77847c86dd41dfda555313df6c571e111f10fb567fb92.jpg,60740983ff3dd4d10fb77847c86dd41dfda555313df6c571e111f10fb567fb92,D,1,Phoma/4 (381).jpg
images/607c069d58bd0f25f452f04735ad02e3abf1cad7374aa90f4ce4d258b350d929.jpg,607c069d58bd0f25f452f04735ad02e3abf1cad7374aa90f4ce4d258b350d929,B,1,Leaf rust/2 (825).jpg
images/609db8c334595dd5a1b5cfdf4056aa35c0743c15ab459b0e6c7b2d932db5141e.jpg,609db8c334595dd5a1b5cfdf4056aa35c0743c15ab459b0e6c7b2d932db5141e,E,0,Miner/1 (13941).jpg
images/609ed8e7d27f719fe9f6833d0bbd18174b28495b8e24508570704eee42104d63.jpg,609ed8e7d27f719fe9f6833d0bbd18174b28495b8e24508570704eee42104d63,D,1,Phoma/1 (433).jpg
images/60b7d8aa028617fe0be4f9fd7c60a8a654c0fbe4466a7e01b02f2fc46ab680e5.jpg,60b7d8aa028617fe0be4f9fd7c60a8a654c0fbe4466a7e01b02f2fc46ab680e5,E,0,Miner/1 (14853).jpg
images/60f9186fa5b825637e5dce9727e451dfbb95e8545d3821196b68a13b9b8b18f5.jpg,60f9186fa5b825637e5dce9727e451dfbb95e8545d3821196b68a13b9b8b18f5,D,1,Phoma/2 (374).jpg
images/61063ea31d7076716ac66dabcd140c7650209702d8a58152e11993be68900bd8.jpg,61063ea31d7076716ac66dabcd140c7650209702d8a58152e11993be68900bd8,E,0,Miner/1 (11817).jpg
images/610ad837877da8b64de2a355a00ba8725b2730b34c1249892572d1e317df34e6.jpg,610ad837877da8b64de2a355a00ba8725b2730b34c1249892572d1e317df34e6,E,0,Miner/1 (12052).jpg
images/6111e43b9f59cdfdd799de8d5b4d75940f618e3c6968ed4c7d12cc8e15bfdca9.jpg,6111e43b9f59cdfdd799de8d5b4d75940f618e3c6968ed4c7d12cc8e15bfdca9,E,0,Miner/1 (11376).jpg
images/6118a4c25980593712e9c9b0715712a128d66ba77dbf70c71525183c41d3a85c.jpg,6118a4c25980593712e9c9b0715712a128d66ba77dbf70c71525183c41d3a85c,D,1,Phoma/3 (1446).jpg
images/613fde64783c10242b912520787626edb393e066c5061b88e6e3e37dc3804fa0.jpg,613fde64783c10242b912520787626edb393e066c5061b88e6e3e37dc3804fa0,E,0,Miner/1 (14920).jpg
images/61404d7676700a1ea7e62bfca2a0a9073ec85a0a156d2c9da946b4c347a56a4d.jpg,61404d7676700a1ea7e62bfca2a0a9073ec85a0a156d2c9da946b4c347a56a4d,B,1,Leaf rust/2 (1013).jpg
images/6144d1fbf7272106519a5a3c4622d3deb1b2812ef8c3ed28a0d6766e8e3b77a9.jpg,6144d1fbf7272106519a5a3c4622d3deb1b2812ef8c3ed28a0d6766e8e3b77a9,B,1,Leaf rust/1 (480).jpg
images/614d4a30b4d2da64c12985357554cf070b0c72357d80858d674cd0c4931d59db.jpg,614d4a30b4d2da64c12985357554cf070b0c72357d80858d674cd0c4931d59db,D,1,Phoma/4 (316).jpg
images/6151b67f0c43e5e276259cb9fe55bbc2db38f7e402dab26f360a24e8f2d62f76.jpg,6151b67f0c43e5e276259cb9fe55bbc2db38f7e402dab26f360a24e8f2d62f76,B,1,Leaf rust/2 (644).jpg
images/615273586259ce808268f33f2cde98b7e5c34083ae5dc21619dca504e72f14e2.jpg,615273586259ce808268f33f2cde98b7e5c34083ae5dc21619dca504e72f14e2,E,0,Miner/1 (10229).jpg
images/61580dd38ceeb200fd523eaf478e8b7df03e185e709d790e23f6a641c6ac26f6.jpg,61580dd38ceeb200fd523eaf478e8b7df03e185e709d790e23f6a641c6ac26f6,D,1,Phoma/1 (132).jpg
images/6163cca1ee292c09c069db99ca62354ff7d8790cc5779292250fca09c21d842a.jpg,6163cca1ee292c09c069db99ca62354ff7d8790cc5779292250fca09c21d842a,E,0,Miner/1 (10178).jpg
images/6198c51115f4167845b6f582910cc121fbc32bb89bc1cfa2d0722b5bf5587d9d.jpg,6198c51115f4167845b6f582910cc121fbc32bb89bc1cfa2d0722b5bf5587d9d,B,1,Leaf rust/1 (477).jpg
images/6198fa01c9a60fc7c8bb7d02cb39de3afd2a7e590a009601b07a91ed5daecdab.jpg,6198fa01c9a60fc7c8bb7d02cb39de3afd2a7e590a009601b07a91ed5daecdab,E,0,Miner/1 (10307).jpg
images/619a3d3efb1b7c489256e3d5e23332afa0df31900b4989f93f02033052ffaa6c.jpg,619a3d3efb1b7c489256e3d5e23332afa0df31900b4989f93f02033052ffaa6c,B,1,Leaf rust/1 (447).jpg
images/61aa6de67185fd32b6e723edfe2f72bc769701284c595bb7c24843d798e7ff84.jpg,61aa6de67185fd32b6e723edfe2f72bc769701284c595bb7c24843d798e7ff84,E,0,Miner/1 (10402).jpg
images/61b1f7872a734d34b0ed5ca8793f0ed9c424221433525273621372aab8522aa0.jpg,61b1f7872a734d34b0ed5ca8793f0ed9c424221433525273621372aab8522aa0,D,1,Phoma/1 (143).jpg
images/61b542e159adc58af4920d91d73f1558c67b178e9febffe98ab3bfe42b320c55.jpg,61b542e159adc58af4920d91d73f1558c67b178e9febffe98ab3bfe42b320c55,E,0,Miner/1 (13944).jpg
images/61eb169d91b21ad33edc4ee8f23938ab7061a86f27e7651e00a4960a22d4f7c5.jpg,61eb169d91b21ad33edc4ee8f23938ab7061a86f27e7651e00a4960a22d4f7c5,D,1,Phoma/4 (863).jpg
images/61f483e8f5d59702698d7b6aa1203be238754ac681f9ac97d2b401bcccd18462.jpg,61f483e8f5d59702698d7b6aa1203be238754ac681f9ac97d2b401bcccd18462,D,1,Phoma/1 (133).jpg
images/621a5810abaa291cee5261bf831631e2916d64ff07885c9cf08991babbb187be.jpg,621a5810abaa291cee5261bf831631e2916d64ff07885c9cf08991babbb187be,D,1,Phoma/3 (1099).jpg
images/6228bdeaf6efaf64a98ef5fdbdc6f3ddc51f2951fee418c8be626ab02717d881.jpg,6228bdeaf6efaf64a98ef5fdbdc6f3ddc51f2951fee418c8be626ab02717d881,B,1,Leaf rust/1 (252).jpg
images/623177d1c327b26fa9975e89f0b28354c4bd0b627bbaf31c36e83820375aadc2.jpg,623177d1c327b26fa9975e89f0b28354c4bd0b627bbaf31c36e83820375aadc2,E,0,Miner/1 (12533).jpg
images/6234b3e3f12ca4906b8f718938a39676ab0c65aa12929e11f0a12d6d681f9dc2.jpg,6234b3e3f12ca4906b8f718938a39676ab0c65aa12929e11f0a12d6d681f9dc2,B,1,Leaf rust/2 (610).jpg
images/624b487d950f83d3d9776e647fd81d8067eca801eca3726afe121cab9e462371.jpg,624b487d950f83d3d9776e647fd81d8067eca801eca3726afe121cab9e462371,E,0,Miner/1 (13875).jpg
images/626cd46606f969ff59af1d16e523f94175c6b5574feb53660be7d77581a4b889.jpg,626cd46606f969ff59af1d16e523f94175c6b5574feb53660be7d77581a4b889,E,0,Miner/1 (10720).jpg
images/62847d6c54c867ac6e9a88067e6f11165d225c96c1d03d713fece93d1ff19c26.jpg,62847d6c54c867ac6e9a88067e6f11165d225c96c1d03d713fece93d1ff19c26,E,0,Miner/1 (11288).jpg
images/628ce13eec17af331af733add33c4090a6e3e4be98acedd6c67e67b0fb0bb460.jpg,628ce13eec17af331af733add33c4090a6e3e4be98acedd6c67e67b0fb0bb460,E,0,Miner/1 (12655).jpg
images/62910d14fc1193b0f305896a27c818a7dea7b300308646ad87cb09528e1c6592.jpg,62910d14fc1193b0f305896a27c818a7dea7b300308646ad87cb09528e1c6592,E,0,Miner/1 (11675).jpg
images/629fa5addd1bb6a71d3fefe3a0ea8fe3f27be229668e7a0a1d1b2c0b6804fde6.jpg,629fa5addd1bb6a71d3fefe3a0ea8fe3f27be229668e7a0a1d1b2c0b6804fde6,E,0,Miner/1 (14217).jpg
images/62b9e3b36c081ad4f77a19af728b5bb9369ee55e6c3e9afc76137a9c63f6dd48.jpg,62b9e3b36c081ad4f77a19af728b5bb9369ee55e6c3e9afc76137a9c63f6dd48,B,1,Leaf rust/1 (200).jpg
images/62bc91cb4cac40b5045a262ea9caa3550cf0bc30eb0667b3418be479e3278775.jpg,62bc91cb4cac40b5045a262ea9caa3550cf0bc30eb0667b3418be479e3278775,C,1,Cerscospora/8 (591).jpg
images/62bda677abab05c9800f9eca6909d727db1ba2e9c9aeb8d0955d3ddbbfa0211b.jpg,62bda677abab05c9800f9eca6909d727db1ba2e9c9aeb8d0955d3ddbbfa0211b,A,1,Healthy/1 (3807).jpg
images/62cca56cafaaa9979c617eb2e9d8875a6bc124907a109aa6d1287dfae129e3ad.jpg,62cca56cafaaa9979c617eb2e9d8875a6bc124907a109aa6d1287dfae129e3ad,D,1,Phoma/2 (284).jpg
images/62d0581b6db5d968bcad31b8dde249376556e25f6bbcdb67568eb9d4fe074cc6.jpg,62d0581b6db5d968bcad31b8dde249376556e25f6bbcdb67568eb9d4fe074cc6,D,1,Phoma/2 (225).jpg
images/62d6d0f1adb5b03195988a2d996014e387b07e936d95e84d0f340061f6c61ce7.jpg,62d6d0f1adb5b03195988a2d996014e387b07e936d95e84d0f340061f6c61ce7,D,1,Phoma/3 (1430).jpg
images/62f5cd09a5a4610495f1f8fe27f05e2b1bf187ec78f15d3e7301102553c62ed3.jpg,62f5cd09a5a4610495f1f8fe27f05e2b1bf187ec78f15d3e7301102553c62ed3,B,1,Leaf rust/1 (510).jpg
images/63209cd175e3208fdd126fe9b51255c9fbc0b5b10fd6af2132841dc67cdced72.jpg,63209cd175e3208fdd126fe9b51255c9fbc0b5b10fd6af2132841dc67cdced72,E,0,Miner/1 (12793).jpg
images/63509e270c890b3bd31e1e5b1f817740aa52cc3306d0bedcf1da2dde33895b3b.jpg,63509e270c890b3bd31e1e5b1f817740aa52cc3306d0bedcf1da2dde33895b3b,D,1,Phoma/1 (185).jpg
images/635dac2ff55caae1205f2f204e642919f79e3db8ee2348227971265c5a13f87d.jpg,635dac2ff55caae1205f2f204e642919f79e3db8ee2348227971265c5a13f87d,E,0,Miner/1 (13804).jpg
images/63614d3a6da6ee732e965f8fe2cdbe450eee543f4423f56ce92581c9b4fbb434.jpg,63614d3a6da6ee732e965f8fe2cdbe450eee543f4423f56ce92581c9b4fbb434,D,1,Phoma/4 (293).jpg
images/6369dc238681fac0d6229c950711f432b6fb1e39e9797e3f90ad776a91ddabb9.jpg,6369dc238681fac0d6229c950711f432b6fb1e39e9797e3f90ad776a91ddabb9,B,1,Leaf rust/2 (732).jpg
images/6398417ad5e0c05a7e78ac49de68e9f95ebff80c3a65debd952eaf5d4e9d866b.jpg,6398417ad5e0c05a7e78ac49de68e9f95ebff80c3a65debd952eaf5d4e9d866b,E,0,Miner/1 (10746).jpg
images/63c08881241bb7422b3644d8e45e7e0e87105eb1fae333514b9403b151e40770.jpg,63c08881241bb7422b3644d8e45e7e0e87105eb1fae333514b9403b151e40770,C,1,Cerscospora/8 (543).jpg
images/63d66c30d94e78fc59c67ba7cbf8ed1a95e5d720dc2e1b3c14fbb8e83f283c92.jpg,63d66c30d94e78fc59c67ba7cbf8ed1a95e5d720dc2e1b3c14fbb8e83f283c92,E,0,Miner/1 (13129).jpg
images/63f23e0edfec899d522eb48a0baacbee2fe56802bd2214837b37b506a30d6a18.jpg,63f23e0edfec899d522eb48a0baacbee2fe56802bd2214837b37b506a30d6a18,E,0,Miner/1 (14914).jpg
images/64259e852c9f9d8c86d05b79ebce163a593699b8e95df3973a5bf2c085d5818f.jpg,64259e852c9f9d8c86d05b79ebce163a593699b8e95df3973a5bf2c085d5818f,E,0,Miner/1 (14722).jpg
images/644498d71b086fbdd99793ec9bbff62a5e4ed3b9c3374efae4a44d8662a3bcce.jpg,644498d71b086fbdd99793ec9bbff62a5e4ed3b9c3374efae4a44d8662a3bcce,D,1,Phoma/3 (1802).jpg
images/647740f4314c7b8aa459c3b8a4ddf758f3570bfd33e8e659efbeb996fb24930b.jpg,647740f4314c7b8aa459c3b8a4ddf758f3570bfd33e8e659efbeb996fb24930b,E,0,Miner/1 (10426).jpg
images/648641e22aa2e9a7816e38f34123983c47451e75baacd6692efa7eedad15257b.jpg,648641e22aa2e9a7816e38f34123983c47451e75baacd6692efa7eedad15257b,E,0,Miner/1 (13802).jpg
images/649161f67f3226c7b14e1611dccbeda0e96cc196d4a74a01b7b2b18732a2ec22.jpg,649161f67f3226c7b14e1611dccbeda0e96cc196d4a74a01b7b2b18732a2ec22,E,0,Miner/1 (11637).jpg
images/64988f9c75fcea2a4d44a1ebc83b8805c34c2e77607be86ee4e898d2d53ae390.jpg,64988f9c75fcea2a4d44a1ebc83b8805c34c2e77607be86ee4e898d2d53ae390,D,1,Phoma/3 (1095).jpg
images/64b21acbc6c7d81a8f240d9b10b29424a756b9a09bc1a20cdf9491b13eddec13.jpg,64b21acbc6c7d81a8f240d9b10b29424a756b9a09bc1a20cdf9491b13eddec13,B,1,Leaf rust/2 (820).jpg
images/64bd98478f55ebcd84b2f4694251d85a0086e48d84da8e05164f85870853c7e2.jpg,64bd98478f55ebcd84b2f4694251d85a0086e48d84da8e05164f85870853c7e2,E,0,Miner/1 (14178).jpg
images/64c350f2d11e035f95ca3761c2829d4b5c9dd96ca9bafc39e998ae95cef596e1.jpg,64c350f2d11e035f95ca3761c2829d4b5c9dd96ca9bafc39e998ae95cef596e1,B,1,Leaf rust/2 (695).jpg
images/64ceec3d3fa172ffa5ef1bb2adcca000111386cd498c460cfa11ecbe11cab205.jpg,64ceec3d3fa172ffa5ef1bb2adcca000111386cd498c460cfa11ecbe11cab205,E,0,Miner/1 (14319).jpg
images/64e4eb745be5364347dc904ede7f6195984e25fb735ca6ba3aa22a15659d71f1.jpg,64e4eb745be5364347dc904ede7f6195984e25fb735ca6ba3aa22a15659d71f1,D,1,Phoma/3 (1447).jpg
images/64e9c1971edbd04b49dbdb58d80b29748b73b0ff369c59eb916e1c2d19b0d50a.jpg,64e9c1971edbd04b49dbdb58d80b29748b73b0ff369c59eb916e1c2d19b0d50a,D,1,Phoma/3 (1492).jpg
images/650018a3f8b4e53d613e4ecf617767851342bfd828e56b2642be94a58f148baf.jpg,650018a3f8b4e53d613e4ecf617767851342bfd828e56b2642be94a58f148baf,D,1,Phoma/1 (354).jpg
images/6508c923e03b4b811230a62e43d1bf9478ed2915fb1230a413166faa0cd3f609.jpg,6508c923e03b4b811230a62e43d1bf9478ed2915fb1230a413166faa0cd3f609,E,0,Miner/1 (11290).jpg
images/652bc90f3f6830e093a71de991c1a7af708ef62614504243a57e2804b385d203.jpg,652bc90f3f6830e093a71de991c1a7af708ef62614504243a57e2804b385d203,B,1,Leaf rust/1 (195).jpg
images/653a1f0fdec7aba15a88c4a7953728a9157801541573cb6bb7fca02a6e0f65a7.jpg,653a1f0fdec7aba15a88c4a7953728a9157801541573cb6bb7fca02a6e0f65a7,D,1,Phoma/4 (380).jpg
images/653c02eb5fad428e7673a282f9f26250322a4c9747aee0d7db3280829ccd09c3.jpg,653c02eb5fad428e7673a282f9f26250322a4c9747aee0d7db3280829ccd09c3,A,1,Healthy/1 (364).jpg
images/653c23d234d4dab78a957e8b187513a6565a8ba292bb2f95c82ee1194b9bd296.jpg,653c23d234d4dab78a957e8b187513a6565a8ba292bb2f95c82ee1194b9bd296,D,1,Phoma/2 (287).jpg
images/654a2f2d0f264f34acb66c84588eb6bc25dbdf35a05a030a6aa406d3f10d626b.jpg,654a2f2d0f264f34acb66c84588eb6bc25dbdf35a05a030a6aa406d3f10d626b,E,0,Miner/1 (14089).jpg
images/655bf5acd185a663154d7e8cdb5db34989dc07485373b3ce205a208bc297f8da.jpg,655bf5acd185a663154d7e8cdb5db34989dc07485373b3ce205a208bc297f8da,E,0,Miner/1 (11580).jpg
images/6588f9c12ba830411c5d6df828ae0a9d825d2f1ee432593d2d06dc6b9473a6a5.jpg,6588f9c12ba830411c5d6df828ae0a9d825d2f1ee432593d2d06dc6b9473a6a5,D,1,Phoma/2 (566).jpg
images/65c64c91136d8dc2b0edd26d84df78728c2a22502e04c4751b1aa9f990253f04.jpg,65c64c91136d8dc2b0edd26d84df78728c2a22502e04c4751b1aa9f990253f04,D,1,Phoma/3 (1219).jpg
images/65c86f170fc7a15dfa28ff971892d48bcdcb2706f484ccf2e9d6a51a5e98bd5d.jpg,65c86f170fc7a15dfa28ff971892d48bcdcb2706f484ccf2e9d6a51a5e98bd5d,B,1,Leaf rust/1 (234).jpg
images/65daf6290707ed0db7d3a6d9a1c860a07bd452b2c230e7d0fbe0aaf307c3ccf5.jpg,65daf6290707ed0db7d3a6d9a1c860a07bd452b2c230e7d0fbe0aaf307c3ccf5,B,1,Leaf rust/1 (472).jpg
images/65e17cc60df3103e4c4c4334b1680128c29faf5653cd82d01ada95b9469967b2.jpg,65e17cc60df3103e4c4c4334b1680128c29faf5653cd82d01ada95b9469967b2,E,0,Miner/1 (14911).jpg
images/65f2335bb941ba8dd5729253c347826d3115f9a9c6752254d3200e68ccc01984.jpg,65f2335bb941ba8dd5729253c347826d3115f9a9c6752254d3200e68ccc01984,D,1,Phoma/2 (590).jpg
images/660a900e043a5aeed353b82c5e1dda5ea1db93c60fae531efb98d7f011b37a34.jpg,660a900e043a5aeed353b82c5e1dda5ea1db93c60fae531efb98d7f011b37a34,B,1,Leaf rust/2 (838).jpg
images/662b332db6e169e97c1462ae3e1eb6731839c033b0a7564c9ab702bb27ee6a3a.jpg,662b332db6e169e97c1462ae3e1eb6731839c033b0a7564c9ab702bb27ee6a3a,E,0,Miner/1 (10756).jpg
images/664583f436f5103c571252004d80bf0e1294ad0ea8c031ac9d195f833d3fc51e.jpg,664583f436f5103c571252004d80bf0e1294ad0ea8c031ac9d195f833d3fc51e,B,1,Leaf rust/2 (770).jpg
images/668f5bfba4730a3ffdc057325173bae4e4f162b62c0724e1602d6d6f4f0e7997.jpg,668f5bfba4730a3ffdc057325173bae4e4f162b62c0724e1602d6d6f4f0e7997,E,0,Miner/1 (13405).jpg
images/66a386539ac846288894c3f47eb543fafe3b24c259aa7d0daec5e4e0df938fb4.jpg,66a386539ac846288894c3f47eb543fafe3b24c259aa7d0daec5e4e0df938fb4,E,0,Miner/1 (14204).jpg
images/66d810618fc35ee69a0931770a85b72651fd282b2cd39c00d0b37a3355604c4a.jpg,66d810618fc35ee69a0931770a85b72651fd282b2cd39c00d0b37a3355604c4a,E,0,Miner/1 (10205).jpg
images/66f5df7dc64181440755ec6c291b6b6bf828a8293ab465dd2ef75701aea9ac5c.jpg,66f5df7dc64181440755ec6c291b6b6bf828a8293ab465dd2ef75701aea9ac5c,E,0,Miner/1 (11712).jpg
images/6727581b9b68f26fc190c9c65fd5667be14c4fcc7495e7bbfb531c1e39b32087.jpg,6727581b9b68f26fc190c9c65fd5667be14c4fcc7495e7bbfb531c1e39b32087,D,1,Phoma/4 (326).jpg
images/6731b4565daea869fe035029229fb8da5ec8ef1ab71d58a3a5d4af8bff7e8863.jpg,6731b4565daea869fe035029229fb8da5ec8ef1ab71d58a3a5d4af8bff7e8863,E,0,Miner/1 (15767).jpg
images/673d0f209c86dc0efcfd114939f567984e6a06a4f37d405c78315fbb8ad49cbf.jpg,673d0f209c86dc0efcfd114939f567984e6a06a4f37d405c78315fbb8ad49cbf,E,0,Miner/1 (10540).jpg
images/676050c32d030524adfc512e42120c253a577aaea8cbc53efd8d4ab7bbd74c52.jpg,676050c32d030524adfc512e42120c253a577aaea8cbc53efd8d4ab7bbd74c52,D,1,Phoma/3 (1273).jpg
images/67688b73de76c2ac9150085db54db2ed1ce4687f831e3a92a8c1b22bb046809f.jpg,67688b73de76c2ac9150085db54db2ed1ce4687f831e3a92a8c1b22bb046809f,A,1,Healthy/1 (4169).jpg
images/67a1ea56e547b4d5669239834235da7912e2d128352498c252877f57d8ff69d5.jpg,67a1ea56e547b4d5669239834235da7912e2d128352498c252877f57d8ff69d5,B,1,Leaf rust/2 (569).jpg
images/67ab3a5dd0d2656a53f54ad09a01d4a3e86f793bc842734fd758c6684b573c5d.jpg,67ab3a5dd0d2656a53f54ad09a01d4a3e86f793bc842734fd758c6684b573c5d,E,0,Miner/1 (10193).jpg
images/67aeaa2959ae441a11909d2d94cf80cde14ff6a4595a942a09bbf99de4e86a04.jpg,67aeaa2959ae441a11909d2d94cf80cde14ff6a4595a942a09bbf99de4e86a04,E,0,Miner/1 (11922).jpg
images/67c14147c0834e726644b9270396dd8107ac4c3b387341b2d431f885ac8c0211.jpg,67c14147c0834e726644b9270396dd8107ac4c3b387341b2d431f885ac8c0211,E,0,Miner/1 (13898).jpg
images/67fad5b969ea10615fb76cc1cf8abeb479cbaf05ac3bc939edb1dec397b42781.jpg,67fad5b969ea10615fb76cc1cf8abeb479cbaf05ac3bc939edb1dec397b42781,B,1,Leaf rust/1 (65).jpg
images/681faea78ed036b94c880481ba613ce40ac1dcb2c54e5524741a9dd10b103f77.jpg,681faea78ed036b94c880481ba613ce40ac1dcb2c54e5524741a9dd10b103f77,E,0,Miner/1 (10039).jpg
images/6832cfeb45df225bb74ae0ea600ce802452de1dcbad1c19b33aa3dc5bd98540f.jpg,6832cfeb45df225bb74ae0ea600ce802452de1dcbad1c19b33aa3dc5bd98540f,D,1,Phoma/4 (15).jpg
images/68434845d5a8ee76912e0dfd9b45b9a3be1291c0cb0efc0982cfa5d12832838b.jpg,68434845d5a8ee76912e0dfd9b45b9a3be1291c0cb0efc0982cfa5d12832838b,E,0,Miner/1 (10051).jpg
images/6872f36d782c4212ed44f16e88bec45a03f0a1a56654862ae96bfaf981b69330.jpg,6872f36d782c4212ed44f16e88bec45a03f0a1a56654862ae96bfaf981b69330,E,0,Miner/1 (14650).jpg
images/687d61bd332cdfce7e7aec0e2af2489047076bde195b47efc86ce8b319ead8a7.jpg,687d61bd332cdfce7e7aec0e2af2489047076bde195b47efc86ce8b319ead8a7,E,0,Miner/1 (14668).jpg
images/687ff531da8fceac4f75e1b346809a7dedd69585373375249b24d0555a4048ad.jpg,687ff531da8fceac4f75e1b346809a7dedd69585373375249b24d0555a4048ad,B,1,Leaf rust/1 (178).jpg
images/688acb43f230c23d250ef15fc15722cfb65fcf52a348bccbf1e53d422e864ebf.jpg,688acb43f230c23d250ef15fc15722cfb65fcf52a348bccbf1e53d422e864ebf,B,1,Leaf rust/2 (774).jpg
images/688e611a6421c8d2a876fec44c5f03dba4d8ab5646e84c976d78a228a3505579.jpg,688e611a6421c8d2a876fec44c5f03dba4d8ab5646e84c976d78a228a3505579,B,1,Leaf rust/2 (811).jpg
images/689c0e52ff75745dcf9e71723cb872a114f1b11fa2510de993901556f49bce95.jpg,689c0e52ff75745dcf9e71723cb872a114f1b11fa2510de993901556f49bce95,D,1,Phoma/2 (317).jpg
images/68a089d5639a6b9ea30ffeef0c7fc2c07144ea8bd3b792c760ac509027301d98.jpg,68a089d5639a6b9ea30ffeef0c7fc2c07144ea8bd3b792c760ac509027301d98,E,0,Miner/1 (10734).jpg
images/68a4a1c140a0ee8734185785cd3cb3528a0df086dd5c9a81fcd3dfc74eecf628.jpg,68a4a1c140a0ee8734185785cd3cb3528a0df086dd5c9a81fcd3dfc74eecf628,E,0,Miner/1 (12057).jpg
images/68bcd65563962b86856310d4160777b28d8559c63854217832f2c143836083ef.jpg,68bcd65563962b86856310d4160777b28d8559c63854217832f2c143836083ef,B,1,Leaf rust/1 (340).jpg
images/68c907a006ea8c10862044f60d539ec17c0ccc4871085ef6cf7f3efafd5e4724.jpg,68c907a006ea8c10862044f60d539ec17c0ccc4871085ef6cf7f3efafd5e4724,D,1,Phoma/4 (337).jpg
images/68d600205a513b16a364c566665c7f0b3eed73c25807e750745852cb599a02fd.jpg,68d600205a513b16a364c566665c7f0b3eed73c25807e750745852cb599a02fd,D,1,Phoma/2 (41).jpg
images/68d72b4633de18a5826f6b0734913d90428ecf78421b8c03a302f8e77f6d4e8f.jpg,68d72b4633de18a5826f6b0734913d90428ecf78421b8c03a302f8e77f6d4e8f,B,1,Leaf rust/2 (748).jpg
images/68ebd7f6e00720113816aaab43dafe74faba46ac51d959e837941083623c1515.jpg,68ebd7f6e00720113816aaab43dafe74faba46ac51d959e837941083623c1515,B,1,Leaf rust/2 (758).jpg
images/68f70493d03a57a4a1db109c57b8ea3c1d58845642e03ce5c25dca228246819d.jpg,68f70493d03a57a4a1db109c57b8ea3c1d58845642e03ce5c25dca228246819d,B,1,Leaf rust/1 (457).jpg
images/690971ade7ce8f299730206e1029165bc3983b9b3226d7b7470a535ab7e60f9a.jpg,690971ade7ce8f299730206e1029165bc3983b9b3226d7b7470a535ab7e60f9a,E,0,Miner/1 (11218).jpg
images/690b1e24d1921ce3cbe72aba8ddc957c7607cd376e37a6277e53c6a7c9a75604.jpg,690b1e24d1921ce3cbe72aba8ddc957c7607cd376e37a6277e53c6a7c9a75604,E,0,Miner/1 (11122).jpg
images/6925d329c0413fb2ba86465d6772869bbca975149805bf9c144ecaaf93c3e990.jpg,6925d329c0413fb2ba86465d6772869bbca975149805bf9c144ecaaf93c3e990,E,0,Miner/1 (11965).jpg
images/6926ec7cea719b3ce8ae717a409aab4e9b2ce8e7c3be798046af37c3f844ecf3.jpg,6926ec7cea719b3ce8ae717a409aab4e9b2ce8e7c3be798046af37c3f844ecf3,A,1,Healthy/1 (103).jpg
images/692ddf3182be9eb3ea260578e8731d7bee1b8862e01d892838f0d1f22a56d5e4.jpg,692ddf3182be9eb3ea260578e8731d7bee1b8862e01d892838f0d1f22a56d5e4,B,1,Leaf rust/1 (189).jpg
images/694cef2fac1d00a05cde9a916b140a73ed58523b9e90ea6d584b397a2795e363.jpg,694cef2fac1d00a05cde9a916b140a73ed58523b9e90ea6d584b397a2795e363,D,1,Phoma/3 (1529).jpg
images/696162ad46b1110f0249ca82e617a92bb4ef96b683b33cf7e4f4bb6dceb3e133.jpg,696162ad46b1110f0249ca82e617a92bb4ef96b683b33cf7e4f4bb6dceb3e133,A,1,Healthy/1 (2270).jpg
images/697bc424df4edcd38a72884ee93e323e20b90b049568ab4afe779738c95802bf.jpg,697bc424df4edcd38a72884ee93e323e20b90b049568ab4afe779738c95802bf,C,1,Cerscospora/7 (595).jpg
images/697e7e1ca543eaf30b3470ea9e33b6cd03daed349d9ab7172ae20ed9b6faf391.jpg,697e7e1ca543eaf30b3470ea9e33b6cd03daed349d9ab7172ae20ed9b6faf391,D,1,Phoma/2 (145).jpg
images/6983c986273ba231245a453ff92e7d92226b2e5ad1776c2da5ffec0e8a814501.jpg,6983c986273ba231245a453ff92e7d92226b2e5ad1776c2da5ffec0e8a814501,B,1,Leaf rust/1 (452).jpg
images/6984f7866c1fefcc5ed41b469f019acea3e6055098a08b8a8222229a10599ad1.jpg,6984f7866c1fefcc5ed41b469f019acea3e6055098a08b8a8222229a10599ad1,E,0,Miner/1 (11858).jpg
images/698c02634ddff9d6f33d2afcc8c91ced1d95fe8c8a729ad7fd79c42be95d7305.jpg,698c02634ddff9d6f33d2afcc8c91ced1d95fe8c8a729ad7fd79c42be95d7305,E,0,Miner/1 (12218).jpg
images/699149bb3776397e4e2be96196115e7fcd37a885069e7b2f69f9240aea04bcef.jpg,699149bb3776397e4e2be96196115e7fcd37a885069e7b2f69f9240aea04bcef,E,0,Miner/1 (10026).jpg
images/69a5da3ed99fc90e5c567add3803f97dc8aa07e2da0e2ec7abe0cc05ca30b85d.jpg,69a5da3ed99fc90e5c567add3803f97dc8aa07e2da0e2ec7abe0cc05ca30b85d,D,1,Phoma/4 (543).jpg
images/69c2260ba0577c1588646592dddb4ea7d1793b300f2f140f7bfb4670481a4251.jpg,69c2260ba0577c1588646592dddb4ea7d1793b300f2f140f7bfb4670481a4251,E,0,Miner/1 (11113).jpg
images/69de1e87ccac8c987ee457ad3f246d71aa891856144fc7d6cd2e5bb717464a5a.jpg,69de1e87ccac8c987ee457ad3f246d71aa891856144fc7d6cd2e5bb717464a5a,B,1,Leaf rust/1 (344).jpg
images/69ec94934f1ce84b3d5421fdd90dbf9b3c2b0417153acc013e8386ff62a249a5.jpg,69ec94934f1ce84b3d5421fdd90dbf9b3c2b0417153acc013e8386ff62a249a5,D,1,Phoma/4 (487).jpg
images/69fd0bdd06974e67fa82bcf45ca5f241133a3a2cf084e67508b5e9e3c4271953.jpg,69fd0bdd06974e67fa82bcf45ca5f241133a3a2cf084e67508b5e9e3c4271953,D,1,Phoma/2 (311).jpg
images/6a006a9edb7839202130d77819330e53cc048f950b71ce71cb9095d6232877c5.jpg,6a006a9edb7839202130d77819330e53cc048f950b71ce71cb9095d6232877c5,E,0,Miner/1 (12534).jpg
images/6a01a4e24e34b4196d187c114de1aa0dc2f0d4f08a4e60d5ccefc548cea35280.jpg,6a01a4e24e34b4196d187c114de1aa0dc2f0d4f08a4e60d5ccefc548cea35280,E,0,Miner/1 (10084).jpg
images/6a0f9a6b93034bb8f0f4f9acd582658ebd83568649386965ab11ccffdb4ed7c2.jpg,6a0f9a6b93034bb8f0f4f9acd582658ebd83568649386965ab11ccffdb4ed7c2,E,0,Miner/1 (10048).jpg
images/6a37dcfc5c17e6e082dd47ea3f6f2c7be46465fc8748ed588c9f6cf42fea0e4a.jpg,6a37dcfc5c17e6e082dd47ea3f6f2c7be46465fc8748ed588c9f6cf42fea0e4a,E,0,Miner/1 (14320).jpg
images/6a670ad240b9958a38ff238a552b4b5ae7e50bbe66f70f23e2b7cdea13f80d68.jpg,6a670ad240b9958a38ff238a552b4b5ae7e50bbe66f70f23e2b7cdea13f80d68,E,0,Miner/1 (12880).jpg
images/6a709e9ab32b35fbdfb1a6cc0ed9c400f4caaaadbf3eee9fe6d68506cc531753.jpg,6a709e9ab32b35fbdfb1a6cc0ed9c400f4caaaadbf3eee9fe6d68506cc531753,B,1,Leaf rust/2 (743).jpg
images/6a792732557236b713664536e917788008c802fdb2a5ec5c717cb9fca2825829.jpg,6a792732557236b713664536e917788008c802fdb2a5ec5c717cb9fca2825829,C,1,Cerscospora/7 (115).jpg
images/6a8c9e07697e371a12bb4b4ed6f359841958a4c086f5ffc90e430047b0f2beac.jpg,6a8c9e07697e371a12bb4b4ed6f359841958a4c086f5ffc90e430047b0f2beac,D,1,Phoma/1 (334).jpg
images/6a93cf184c5998f503a775ff703233de4073fac3bc3722f2bb6153a7d48138fc.jpg,6a93cf184c5998f503a775ff703233de4073fac3bc3722f2bb6153a7d48138fc,C,1,Cerscospora/6 (556).jpg
images/6aa4a6d3f7d1154f7d9b5383a980ce74d7f212764e37a744f3d2646ec3b6d8b1.jpg,6aa4a6d3f7d1154f7d9b5383a980ce74d7f212764e37a744f3d2646ec3b6d8b1,B,1,Leaf rust/1 (218).jpg
images/6aaa22865f784da583c5414f16d04123eeca96361d5e124433b3b27aa7d1820a.jpg,6aaa22865f784da583c5414f16d04123eeca96361d5e124433b3b27aa7d1820a,C,1,Cerscospora/6 (174).jpg
images/6ad1dfdb4ceb6406573bb559dada4c724152e72d4d143a06f9a0e990304d6c35.jpg,6ad1dfdb4ceb6406573bb559dada4c724152e72d4d143a06f9a0e990304d6c35,D,1,Phoma/2 (552).jpg
images/6ad5dba5582c76989681192148979d1cc400ac5c67abe07ab2624d7d31cd68ca.jpg,6ad5dba5582c76989681192148979d1cc400ac5c67abe07ab2624d7d31cd68ca,D,1,Phoma/3 (1463).jpg
images/6b3a3667d647497147f79ef2c151619937d21d566027e660abda4dfd49edfbd1.jpg,6b3a3667d647497147f79ef2c151619937d21d566027e660abda4dfd49edfbd1,D,1,Phoma/3 (1467).jpg
images/6b3af5655f310d14c6f3cfa600b0c06a170fc5511724b68c8de77071f12b3ac7.jpg,6b3af5655f310d14c6f3cfa600b0c06a170fc5511724b68c8de77071f12b3ac7,E,0,Miner/1 (11523).jpg
images/6b60aaa375763857a170753ad44ae70b55f40c68e15992ccbe4e862c9ba81d17.jpg,6b60aaa375763857a170753ad44ae70b55f40c68e15992ccbe4e862c9ba81d17,E,0,Miner/1 (10453).jpg
images/6b854d18139034ac1f3580bab951236a14e25e8f72fa322d24979a757107151a.jpg,6b854d18139034ac1f3580bab951236a14e25e8f72fa322d24979a757107151a,B,1,Leaf rust/1 (79).jpg
images/6b9c9a605563a629aca4766389c8d4c29d550326e9962a6cea0e1dd3e25b3ab0.jpg,6b9c9a605563a629aca4766389c8d4c29d550326e9962a6cea0e1dd3e25b3ab0,E,0,Miner/1 (13211).jpg
images/6ba9a46e128f25f42719dc98a14b94969e2299d44eedea8c1e8628595c80434a.jpg,6ba9a46e128f25f42719dc98a14b94969e2299d44eedea8c1e8628595c80434a,C,1,Cerscospora/4 (1007).jpg
images/6bbcacb57b05648c436f98258681e11a5b81baf786e76bfa412c707a71d66aed.jpg,6bbcacb57b05648c436f98258681e11a5b81baf786e76bfa412c707a71d66aed,B,1,Leaf rust/2 (543).jpg
images/6be6065ea399f5439c4d3d2da26559dd698a7ceeb0f21f08d608ffa00e6178eb.jpg,6be6065ea399f5439c4d3d2da26559dd698a7ceeb0f21f08d608ffa00e6178eb,E,0,Miner/1 (11634).jpg
images/6bef22d79bbc0f94d900c634c5c7bcf203bf0c2507774f1f1215092b25ea3f64.jpg,6bef22d79bbc0f94d900c634c5c7bcf203bf0c2507774f1f1215092b25ea3f64,D,1,Phoma/3 (1458).jpg
images/6bf4263b432283f75280986db30be23becc53419f2322335a70976c69440505b.jpg,6bf4263b432283f75280986db30be23becc53419f2322335a70976c69440505b,B,1,Leaf rust/1 (312).jpg
images/6c2f5912f7bdcd7998510309ff07201b2edd58b2743c25d6d8a144acfe691b72.jpg,6c2f5912f7bdcd7998510309ff07201b2edd58b2743c25d6d8a144acfe691b72,B,1,Leaf rust/2 (793).jpg
images/6c30ae00d21260bc880873fe2962a7b522f4f0fbba0c360ed18ee3edb4595591.jpg,6c30ae00d21260bc880873fe2962a7b522f4f0fbba0c360ed18ee3edb4595591,B,1,Leaf rust/1 (30).jpg
images/6c3a084fb0a6d37783a026839c6c2a3423d05c7ec41ca72474959e05b6c5bd8c.jpg,6c3a084fb0a6d37783a026839c6c2a3423d05c7ec41ca72474959e05b6c5bd8c,E,0,Miner/1 (13497).jpg
images/6c44220af6ccc14925f35da5b83f242b7cb7cd531a2796a4dcd4a83e79ed9bdc.jpg,6c44220af6ccc14925f35da5b83f242b7cb7cd531a2796a4dcd4a83e79ed9bdc,B,1,Leaf rust/1 (48).jpg
images/6c4a6524b2ce1f4f17b17a018688eac13650709c06eede17f4a5dc7e6cf8e11d.jpg,6c4a6524b2ce1f4f17b17a018688eac13650709c06eede17f4a5dc7e6cf8e11d,E,0,Miner/1 (12054).jpg
images/6c6e2f1ef51077603d09c935e43ed8ed6c2c81ddf3269946477154064276a1ec.jpg,6c6e2f1ef51077603d09c935e43ed8ed6c2c81ddf3269946477154064276a1ec,B,1,Leaf rust/2 (915).jpg
images/6c73df3a8bd6e48c5436039b7b63b03c1ba012bcf1eabc0675fb32af08d44da2.jpg,6c73df3a8bd6e48c5436039b7b63b03c1ba012bcf1eabc0675fb32af08d44da2,B,1,Leaf rust/2 (916).jpg
images/6c7933b00f8142c480ff5c8dd5d7cc9c809815af762110a06512d062135c06a6.jpg,6c7933b00f8142c480ff5c8dd5d7cc9c809815af762110a06512d062135c06a6,B,1,Leaf rust/1 (397).jpg
images/6c7a6a3e156f5e197fdff053396da7faf0fa585297d6fc020ac04bd84c9160cd.jpg,6c7a6a3e156f5e197fdff053396da7faf0fa585297d6fc020ac04bd84c9160cd,E,0,Miner/1 (11962).jpg
images/6c80bba014984e9b78188b3aa52983b7e3c3f86a840af0fd0fa01c8a4762f48f.jpg,6c80bba014984e9b78188b3aa52983b7e3c3f86a840af0fd0fa01c8a4762f48f,E,0,Miner/1 (13684).jpg
images/6c838f200b31f05c59d0fdd1012476b9af7f71a280a48b91ce1ec13a5aba4095.jpg,6c838f200b31f05c59d0fdd1012476b9af7f71a280a48b91ce1ec13a5aba4095,D,1,Phoma/4 (522).jpg
images/6c9c35b5b6102301f3d12c0002888a3fb2b876ba0edc6bcea0b2780291dca0c4.jpg,6c9c35b5b6102301f3d12c0002888a3fb2b876ba0edc6bcea0b2780291dca0c4,E,0,Miner/1 (12789).jpg
images/6cb4637b48fe12d9c08580e9a7b0aa5f2f1c3895eed81dba4a35e6dfaa83e9b9.jpg,6cb4637b48fe12d9c08580e9a7b0aa5f2f1c3895eed81dba4a35e6dfaa83e9b9,B,1,Leaf rust/2 (724).jpg
images/6cbbd8f4e2fc4f4120ffe7607f68441f6718ba61f0389c6e6e2b960ea88075f7.jpg,6cbbd8f4e2fc4f4120ffe7607f68441f6718ba61f0389c6e6e2b960ea88075f7,D,1,Phoma/4 (285).jpg
images/6cbbf233610137cfcdb727a4a44de4099ce30022ec10f174ce137c5e0856f425.jpg,6cbbf233610137cfcdb727a4a44de4099ce30022ec10f174ce137c5e0856f425,C,1,Cerscospora/8 (430).jpg
images/6cf22e086ac75346088984abf564e566f54e6e22f7e387955dcb96cf808bba77.jpg,6cf22e086ac75346088984abf564e566f54e6e22f7e387955dcb96cf808bba77,D,1,Phoma/4 (562).jpg
images/6cf5f8e7858e707992aae5dfd263a5b185af7128fd370926e93b9535cf6ed64a.jpg,6cf5f8e7858e707992aae5dfd263a5b185af7128fd370926e93b9535cf6ed64a,D,1,Phoma/3 (1819).jpg
images/6cf884bde23dc5aee3db874adbd31d8f24dcf280c284da18d0851909b4cb4cc3.jpg,6cf884bde23dc5aee3db874adbd31d8f24dcf280c284da18d0851909b4cb4cc3,D,1,Phoma/4 (148).jpg
images/6d09057e2317fa3dff5e67052e33ca7f0bee478ca5207a218511ae99682f0da9.jpg,6d09057e2317fa3dff5e67052e33ca7f0bee478ca5207a218511ae99682f0da9,D,1,Phoma/2 (195).jpg
images/6d22635e78ed255260fae3b798c15593f11986f7f569dfbd6974ba5fedd8406c.jpg,6d22635e78ed255260fae3b798c15593f11986f7f569dfbd6974ba5fedd8406c,B,1,Leaf rust/2 (634).jpg
images/6d33709d07ff302d3a94635ad6aa85ef9620216a6fd07e569a330280ff4c82be.jpg,6d33709d07ff302d3a94635ad6aa85ef9620216a6fd07e569a330280ff4c82be,B,1,Leaf rust/2 (831).jpg
images/6d47a431a588cc2d0fa391d7558ac03f61a1afd0fb629ecfb556dcba89f209cc.jpg,6d47a431a588cc2d0fa391d7558ac03f61a1afd0fb629ecfb556dcba89f209cc,B,1,Leaf rust/2 (534).jpg
images/6d7075ee19639aa680b10b5548c208aa857153742905256fe0e3edf1fbda359d.jpg,6d7075ee19639aa680b10b5548c208aa857153742905256fe0e3edf1fbda359d,E,0,Miner/1 (15683).jpg
images/6d7d79705fcff7b9cca0cad7f3ca20220d5aea54f92d320dea4e7ae8cbad1730.jpg,6d7d79705fcff7b9cca0cad7f3ca20220d5aea54f92d320dea4e7ae8cbad1730,E,0,Miner/1 (10010).jpg
images/6d826a97f23cbf37966b94e39abfe017db5158ef945b1d3afd9fe33f3fcfd3e3.jpg,6d826a97f23cbf37966b94e39abfe017db5158ef945b1d3afd9fe33f3fcfd3e3,B,1,Leaf rust/1 (336).jpg
images/6d8e71eaba197a5098159c09fb428cad7524e96ed69174d83f53f96154cf6fe1.jpg,6d8e71eaba197a5098159c09fb428cad7524e96ed69174d83f53f96154cf6fe1,E,0,Miner/1 (14014).jpg
images/6da085375eda2e7a31f79c681f2ebc5c9b0aee18273d26a3fcce3acba9d6ad4e.jpg,6da085375eda2e7a31f79c681f2ebc5c9b0aee18273d26a3fcce3acba9d6ad4e,E,0,Miner/1 (11824).jpg
images/6dbaea1163da965a785a4ebbac4e4fd586b1adb7c7e8118e630d6c79276d192a.jpg,6dbaea1163da965a785a4ebbac4e4fd586b1adb7c7e8118e630d6c79276d192a,E,0,Miner/1 (10033).jpg
images/6dbca72a2818fdfe03d076acd796bca21e737d3cb8dae2e4438eb70242262bbd.jpg,6dbca72a2818fdfe03d076acd796bca21e737d3cb8dae2e4438eb70242262bbd,E,0,Miner/1 (15880).jpg
images/6dd9541c1dab13e253cd67ea0e2ece34df3602748079bfae7ab20e0da3bc753a.jpg,6dd9541c1dab13e253cd67ea0e2ece34df3602748079bfae7ab20e0da3bc753a,D,1,Phoma/3 (1455).jpg
images/6de187f73a1d0457ae6ec28f4565163e7814919e178866d76b7cfa330ed9ccc9.jpg,6de187f73a1d0457ae6ec28f4565163e7814919e178866d76b7cfa330ed9ccc9,B,1,Leaf rust/1 (326).jpg
images/6de7c30e7119b8b136981289118f83c8f6603ceda14fea88052215baf5dc271a.jpg,6de7c30e7119b8b136981289118f83c8f6603ceda14fea88052215baf5dc271a,B,1,Leaf rust/1 (51).jpg
images/6e199d2e8c6d43473a2d0c5b2b0558aa64467856dda2eb914a7586377443fb9d.jpg,6e199d2e8c6d43473a2d0c5b2b0558aa64467856dda2eb914a7586377443fb9d,E,0,Miner/1 (11740).jpg
images/6e2d409e403d50c209e18f6784d3e09f64f4e0054908a74a6877e2ff89d15f3b.jpg,6e2d409e403d50c209e18f6784d3e09f64f4e0054908a74a6877e2ff89d15f3b,E,0,Miner/1 (11513).jpg
images/6e41c9199f0da4542a17067af64e0c325fdf27bb4e7fc2a8a4b73f5f3e2ea2bc.jpg,6e41c9199f0da4542a17067af64e0c325fdf27bb4e7fc2a8a4b73f5f3e2ea2bc,B,1,Leaf rust/1 (23).jpg
images/6e4241932538740421066531c0d221241935b477ef1dfae8096533aa003ace7f.jpg,6e4241932538740421066531c0d221241935b477ef1dfae8096533aa003ace7f,D,1,Phoma/4 (447).jpg
images/6e47b2756446694e79cb8fdfff1e11bd7a9bd80c0967bf898e5a28caffde2c83.jpg,6e47b2756446694e79cb8fdfff1e11bd7a9bd80c0967bf898e5a28caffde2c83,B,1,Leaf rust/1 (237).jpg
images/6e497609acbc9869da86be580304539dd09dcfbad1933c61baf30a77c6a941ed.jpg,6e497609acbc9869da86be580304539dd09dcfbad1933c61baf30a77c6a941ed,B,1,Leaf rust/1 (6).jpg
images/6e4ed333a60c8697d3fcb95f4f28182481ff93e268bfc54edec737bb3f5fd398.jpg,6e4ed333a60c8697d3fcb95f4f28182481ff93e268bfc54edec737bb3f5fd398,E,0,Miner/1 (13410).jpg
images/6e71e6e2932f54b7c6bf903d12bfc8e4ea0385b81964f594e3fbdf45c1b0a137.jpg,6e71e6e2932f54b7c6bf903d12bfc8e4ea0385b81964f594e3fbdf45c1b0a137,E,0,Miner/1 (11291).jpg
images/6e98fd4903fd182faad0a10e58864b93838aca1e470df575e2f4b1a2f039d789.jpg,6e98fd4903fd182faad0a10e58864b93838aca1e470df575e2f4b1a2f039d789,D,1,Phoma/2 (608).jpg
images/6e9dcffa6e034698463418f023293ab1d0277c4ca5e7d7088d68ab93fa113eb9.jpg,6e9dcffa6e034698463418f023293ab1d0277c4ca5e7d7088d68ab93fa113eb9,C,1,Cerscospora/6 (43).jpg
images/6e9f68be00acff3d985ceafabc7c1215d259814b9b52c4d5923f9a93c0fa9958.jpg,6e9f68be00acff3d985ceafabc7c1215d259814b9b52c4d5923f9a93c0fa9958,B,1,Leaf rust/1 (491).jpg
images/6eb9e060e58d49de56c5392a31b3e72023a1221da7398c0820599ad5c3bd7f6b.jpg,6eb9e060e58d49de56c5392a31b3e72023a1221da7398c0820599ad5c3bd7f6b,B,1,Leaf rust/1 (422).jpg
images/6ec4342e9b2e9ee864ae3c6e5a6d7c944326f23cddb70e4e816c2bc8a41dc311.jpg,6ec4342e9b2e9ee864ae3c6e5a6d7c944326f23cddb70e4e816c2bc8a41dc311,E,0,Miner/1 (11973).jpg
images/6ec9e072b08c07c8436d3b7562170ddc1abab2f129ce55afde74a10f3236ad07.jpg,6ec9e072b08c07c8436d3b7562170ddc1abab2f129ce55afde74a10f3236ad07,E,0,Miner/1 (10064).jpg
images/6ecc8ccbe990def1c48696dfbbc288d6087ccf0d240f0a51579937a7ad51e418.jpg,6ecc8ccbe990def1c48696dfbbc288d6087ccf0d240f0a51579937a7ad51e418,C,1,Cerscospora/7 (793).jpg
images/6ece54700e9c704b37347a649e3ffe417062e50f34e5c3b9f6a501ec4961e667.jpg,6ece54700e9c704b37347a649e3ffe417062e50f34e5c3b9f6a501ec4961e667,D,1,Phoma/4 (152).jpg
images/6ef85871ea889d75d42938b1bb2cfe2413cb023968e4bbabd3b43c6fccb935a7.jpg,6ef85871ea889d75d42938b1bb2cfe2413cb023968e4bbabd3b43c6fccb935a7,C,1,Cerscospora/6 (809).jpg
images/6f124d342d331496924691b3db50ccbe2597d467c6fe47ea42b78bfaf98c9d18.jpg,6f124d342d331496924691b3db50ccbe2597d467c6fe47ea42b78bfaf98c9d18,E,0,Miner/1 (12200).jpg
images/6f15127272934655f109dc96b33c195c5e37b96959af6a6614d664c983e05e55.jpg,6f15127272934655f109dc96b33c195c5e37b96959af6a6614d664c983e05e55,B,1,Leaf rust/1 (319).jpg
images/6f20e45966afe0e63ed997af8093fcdb66809638fdf2c49d36761e5d89e76039.jpg,6f20e45966afe0e63ed997af8093fcdb66809638fdf2c49d36761e5d89e76039,E,0,Miner/1 (10001).jpg
images/6f31c3079d9bc5e95f4cb696ca6e1c8f6b7314d2f8073511d605eb4c67737f03.jpg,6f31c3079d9bc5e95f4cb696ca6e1c8f6b7314d2f8073511d605eb4c67737f03,E,0,Miner/1 (12658).jpg
images/6f3fe72ee3df4d063e7d2354df55f8cd622487c255ea35e0495d30725455f490.jpg,6f3fe72ee3df4d063e7d2354df55f8cd622487c255ea35e0495d30725455f490,E,0,Miner/1 (15008).jpg
images/6f49504a93260e2846452e183021a5b8d30361fb0bc8e134748a8c65148df67e.jpg,6f49504a93260e2846452e183021a5b8d30361fb0bc8e134748a8c65148df67e,D,1,Phoma/4 (149).jpg
images/6f52845cddb91666be25048d4fd86071fb98282f60d296411301b6b941cf8c8b.jpg,6f52845cddb91666be25048d4fd86071fb98282f60d296411301b6b941cf8c8b,C,1,Cerscospora/7 (116).jpg
images/6f70e8de0a14a0a402e8514466d62815719ae8c39ef14d56bc3d7d7bd4ded581.jpg,6f70e8de0a14a0a402e8514466d62815719ae8c39ef14d56bc3d7d7bd4ded581,B,1,Leaf rust/1 (19).jpg
images/6f87c13419f6e2f163d0e783a97b4b7641d1c3b0dbe2b012783c8d0dfd0940c8.jpg,6f87c13419f6e2f163d0e783a97b4b7641d1c3b0dbe2b012783c8d0dfd0940c8,D,1,Phoma/1 (107).jpg
images/6f9d525bb2394f4c1e70bfe8bb2f8305b62b7867483c25d5de2ab0512f912dc2.jpg,6f9d525bb2394f4c1e70bfe8bb2f8305b62b7867483c25d5de2ab0512f912dc2,C,1,Cerscospora/6 (175).jpg
images/6fbab75733405ab5cd3a72ae1ce9b86ffe6241221c6e7d8df0f2b3f2cd1713dc.jpg,6fbab75733405ab5cd3a72ae1ce9b86ffe6241221c6e7d8df0f2b3f2cd1713dc,D,1,Phoma/1 (625).jpg
images/6fc18ce9e242744896e0c5aed02d090c1dc31a17732c83e945f06176c50ff904.jpg,6fc18ce9e242744896e0c5aed02d090c1dc31a17732c83e945f06176c50ff904,E,0,Miner/1 (11976).jpg
images/6fc5311ae069eeac70c94a21ae99da3635c6f8a23097250dcc1c1ad21509dbca.jpg,6fc5311ae069eeac70c94a21ae99da3635c6f8a23097250dcc1c1ad21509dbca,E,0,Miner/1 (13844).jpg
images/6fc6aec1df71625bac0a865013df089ec58223152b67944beaec008e21b79352.jpg,6fc6aec1df71625bac0a865013df089ec58223152b67944beaec008e21b79352,E,0,Miner/1 (10028).jpg
images/6fcd741b4778b139b9e48d937a653b9f037d01e19590cadb0a1ef1a2303489a9.jpg,6fcd741b4778b139b9e48d937a653b9f037d01e19590cadb0a1ef1a2303489a9,D,1,Phoma/4 (195).jpg
images/6fd04d0bbe3f82767a76845b3817acd3ba9af89f99173be9a6fb3761722f4bd9.jpg,6fd04d0bbe3f82767a76845b3817acd3ba9af89f99173be9a6fb3761722f4bd9,B,1,Leaf rust/1 (251).jpg
images/6fe43602a7bd834f1a60c5156d02748c566fbef88c3cf18fb0f2c8c1ba6d877b.jpg,6fe43602a7bd834f1a60c5156d02748c566fbef88c3cf18fb0f2c8c1ba6d877b,E,0,Miner/1 (12864).jpg
images/6ff79d4cf45212808ee5312e6c24c83bdcd879a0f1d32ead9b7844b3cc7b24df.jpg,6ff79d4cf45212808ee5312e6c24c83bdcd879a0f1d32ead9b7844b3cc7b24df,E,0,Miner/1 (10197).jpg
images/6ffc1e7303914ae0063e691361c3ca170cb4cfaaf24c6095845c06e8cc5d33dc.jpg,6ffc1e7303914ae0063e691361c3ca170cb4cfaaf24c6095845c06e8cc5d33dc,E,0,Miner/1 (12728).jpg
images/7007b736985e2417a1e099c4b70d2bc03c648c6984f88e014c760446d7e93694.jpg,7007b736985e2417a1e099c4b70d2bc03c648c6984f88e014c760446d7e93694,E,0,Miner/1 (10417).jpg
images/7028dc01c014a7bca3478133043ec714df55523e06d359c4de337e453be42e9a.jpg,7028dc01c014a7bca3478133043ec714df55523e06d359c4de337e453be42e9a,E,0,Miner/1 (11853).jpg
images/703390bb29355dcc43b08ae5349b67d35ceb395753e53516fc1e49e94fcb588a.jpg,703390bb29355dcc43b08ae5349b67d35ceb395753e53516fc1e49e94fcb588a,E,0,Miner/1 (15542).jpg
images/7035dc91b476cdd1d69f81c341bd4d4f5c218c680ce0da9984b7183665d58e39.jpg,7035dc91b476cdd1d69f81c341bd4d4f5c218c680ce0da9984b7183665d58e39,B,1,Leaf rust/1 (401).jpg
images/703fbdcc44f9a8515d5e54518959e540fde83cf5462d95b235a680bccb6d120e.jpg,703fbdcc44f9a8515d5e54518959e540fde83cf5462d95b235a680bccb6d120e,A,1,Healthy/1 (2269).jpg
images/706dca7ad8dcebcb83c2d6d8be2d041f4c4e2bf596e28686c032a2337d6dc78f.jpg,706dca7ad8dcebcb83c2d6d8be2d041f4c4e2bf596e28686c032a2337d6dc78f,B,1,Leaf rust/1 (42).jpg
images/707724851e56cb1f71231bad4c55dbb398a5baa125915af1abf7123571672259.jpg,707724851e56cb1f71231bad4c55dbb398a5baa125915af1abf7123571672259,E,0,Miner/1 (13084).jpg
images/7078a232f21e237e60da6086b23c9cad928d7c2b7dbe9d865f04a2cf6434e689.jpg,7078a232f21e237e60da6086b23c9cad928d7c2b7dbe9d865f04a2cf6434e689,E,0,Miner/1 (13947).jpg
images/709355a7d28d3bc7fd8d3ed5877ce6e54885307e84a18cabff6ee8dd328027c5.jpg,709355a7d28d3bc7fd8d3ed5877ce6e54885307e84a18cabff6ee8dd328027c5,E,0,Miner/1 (10421).jpg
images/709e0d5342e056d831e86cbcc36cedb9de6646b4e3877073f01d128f50794ca2.jpg,709e0d5342e056d831e86cbcc36cedb9de6646b4e3877073f01d128f50794ca2,E,0,Miner/1 (12183).jpg
images/70b1a5408bedef3c18bba3d38e9b14a6074b65371f3f768b02ea78a4a0664bbf.jpg,70b1a5408bedef3c18bba3d38e9b14a6074b65371f3f768b02ea78a4a0664bbf,E,0,Miner/1 (14859).jpg
images/70b2b19acd410ccf6c97659804a004d0a829cb2bdbff2ed91dafeb96cd599937.jpg,70b2b19acd410ccf6c97659804a004d0a829cb2bdbff2ed91dafeb96cd599937,B,1,Leaf rust/2 (912).jpg
images/70dcab52363f32eb46c5df8bba8d067541b19f78a55cad1cf66339eda3e16b02.jpg,70dcab52363f32eb46c5df8bba8d067541b19f78a55cad1cf66339eda3e16b02,E,0,Miner/1 (10304).jpg
images/70e56f310c090d6d6adcdc26c0fcc3a1100b709a32a5c832664b5ad1ae454ad3.jpg,70e56f310c090d6d6adcdc26c0fcc3a1100b709a32a5c832664b5ad1ae454ad3,C,1,Cerscospora/4 (103).jpg
images/70eea864807d74ef1ff706cf6649b7daeba546b4967fc19be6f2f4d3c1aa7b0c.jpg,70eea864807d74ef1ff706cf6649b7daeba546b4967fc19be6f2f4d3c1aa7b0c,B,1,Leaf rust/2 (1011).jpg
images/7122208def95ad8e7c5522561c7b3db4224046a60a4bcf8ebf2843da664eeded.jpg,7122208def95ad8e7c5522561c7b3db4224046a60a4bcf8ebf2843da664eeded,C,1,Cerscospora/7 (676).jpg
images/712b990e08a08efbf7b604a4751974b42f4674a6ef4d191090a9f4096e9c9fc8.jpg,712b990e08a08efbf7b604a4751974b42f4674a6ef4d191090a9f4096e9c9fc8,E,0,Miner/1 (12526).jpg
images/712dbda418af116169031cce1352ffa2daf48ee7515d7d094733b485f9ea4b24.jpg,712dbda418af116169031cce1352ffa2daf48ee7515d7d094733b485f9ea4b24,E,0,Miner/1 (14122).jpg
images/713ae22c1c863dc75f855c8281ff23dbe15483ff4e72ad5581cec1236f28fd42.jpg,713ae22c1c863dc75f855c8281ff23dbe15483ff4e72ad5581cec1236f28fd42,C,1,Cerscospora/6 (455).jpg
images/7142280266ee8a4386c6e2016ccf4aba0ee058cbe946fa30d4510729f927b705.jpg,7142280266ee8a4386c6e2016ccf4aba0ee058cbe946fa30d4510729f927b705,C,1,Cerscospora/4 (478).jpg
images/71442964501bad9bccfa1fe7b6475645e479299b02d27e803de95a530ae73ccd.jpg,71442964501bad9bccfa1fe7b6475645e479299b02d27e803de95a530ae73ccd,D,1,Phoma/4 (589).jpg
images/7144696b0f49bf22c4d5d7337f04323d10721b07afcdbf186cb7e4859cbb6f31.jpg,7144696b0f49bf22c4d5d7337f04323d10721b07afcdbf186cb7e4859cbb6f31,C,1,Cerscospora/6 (155).jpg
images/7145e426c6db494ac801e0d63d0a2989a2252324101366292550e56d0399310f.jpg,7145e426c6db494ac801e0d63d0a2989a2252324101366292550e56d0399310f,E,0,Miner/1 (11769).jpg
images/714d512cc869fda8b738fbd21f2c95944740976159ed17d15ed7753809d4e765.jpg,714d512cc869fda8b738fbd21f2c95944740976159ed17d15ed7753809d4e765,B,1,Leaf rust/1 (310).jpg
images/7172b427d915aebb92b1502bedb773666110947086c674a221cd980b8a6e346d.jpg,7172b427d915aebb92b1502bedb773666110947086c674a221cd980b8a6e346d,E,0,Miner/1 (12881).jpg
images/71775e5b8f0ebb4c997fb7c81ecc222c08c296b23a76e6bdcdee6ac4b9f065b4.jpg,71775e5b8f0ebb4c997fb7c81ecc222c08c296b23a76e6bdcdee6ac4b9f065b4,E,0,Miner/1 (15366).jpg
images/71975ab62a74d1bdeb14b10624dfd1168cf3ff67fbfdf7d231e07e2d11606054.jpg,71975ab62a74d1bdeb14b10624dfd1168cf3ff67fbfdf7d231e07e2d11606054,E,0,Miner/1 (13695).jpg
images/71a8d6dec6aa74104952d4f1eac846f2a8a3eb3fdf3981eb2120184f544ed6e4.jpg,71a8d6dec6aa74104952d4f1eac846f2a8a3eb3fdf3981eb2120184f544ed6e4,B,1,Leaf rust/2 (739).jpg
images/71ab40732d10d4b6e81435eb2d804a2d568c65d62ad4921e5c5971e3ac95ebae.jpg,71ab40732d10d4b6e81435eb2d804a2d568c65d62ad4921e5c5971e3ac95ebae,D,1,Phoma/2 (286).jpg
images/71b6677e85600883353887933c06b551c9ded5812b58c5561662cee117391a6f.jpg,71b6677e85600883353887933c06b551c9ded5812b58c5561662cee117391a6f,E,0,Miner/1 (10958).jpg
images/71c26c40d89af852afa66ff1bea1a1758553342a3a32851bef439affc41df674.jpg,71c26c40d89af852afa66ff1bea1a1758553342a3a32851bef439affc41df674,B,1,Leaf rust/2 (535).jpg
images/71dab86952011b5625c5c999f75cd1c47a9aa2d65291043621d52371b55f962d.jpg,71dab86952011b5625c5c999f75cd1c47a9aa2d65291043621d52371b55f962d,E,0,Miner/1 (14206).jpg
images/71fc53f918ae48db97e0629b4e0f767a4ac0756b4fd4c0c13258f3ed1d9bf8a0.jpg,71fc53f918ae48db97e0629b4e0f767a4ac0756b4fd4c0c13258f3ed1d9bf8a0,E,0,Miner/1 (10442).jpg
images/71fe49b6490499d10b16df5e70463d8209cf4d318cf34f268896361abc2d532f.jpg,71fe49b6490499d10b16df5e70463d8209cf4d318cf34f268896361abc2d532f,B,1,Leaf rust/1 (143).jpg
images/7215ab84814bbe907d9eaff04f655814375c0f9ed57d5ea44d15d2f2a16a590d.jpg,7215ab84814bbe907d9eaff04f655814375c0f9ed57d5ea44d15d2f2a16a590d,D,1,Phoma/2 (392).jpg
images/721bdb470ce937f8466fd78385e1769c7c53d1704c0675c2f2b77e69dbea0d3f.jpg,721bdb470ce937f8466fd78385e1769c7c53d1704c0675c2f2b77e69dbea0d3f,E,0,Miner/1 (10398).jpg
images/72289d9d459c1802475a3381c1471fe518e4a0fb3074a17b16f787b9ff3810ab.jpg,72289d9d459c1802475a3381c1471fe518e4a0fb3074a17b16f787b9ff3810ab,E,0,Miner/1 (10052).jpg
images/7234aa895682248c0f8707357c2002c7506996b51009dcbffc9d9dd30c6453eb.jpg,7234aa895682248c0f8707357c2002c7506996b51009dcbffc9d9dd30c6453eb,E,0,Miner/1 (14787).jpg
images/7240a58f0ee569d99e328ce4cee2db06561e36aab803c4b1b000b981f4415f02.jpg,7240a58f0ee569d99e328ce4cee2db06561e36aab803c4b1b000b981f4415f02,E,0,Miner/1 (15000).jpg
images/72596d382b1df75d9693f14aa82c941f7088af4319b1b725f7cce61a48204612.jpg,72596d382b1df75d9693f14aa82c941f7088af4319b1b725f7cce61a48204612,E,0,Miner/1 (13639).jpg
images/725cfe1e7811ad9222d14240320815845dc74067cfa5d1b76b0cd46bd0b5b1a2.jpg,725cfe1e7811ad9222d14240320815845dc74067cfa5d1b76b0cd46bd0b5b1a2,E,0,Miner/1 (12003).jpg
images/7263b0d2cf4312a8ce3149a365548462acab5bb70787479203ba1666306a0cb3.jpg,7263b0d2cf4312a8ce3149a365548462acab5bb70787479203ba1666306a0cb3,B,1,Leaf rust/1 (152).jpg
images/727b404846a6c0e2192c881e53586541b26624e3327e4797a1c03031ab718d48.jpg,727b404846a6c0e2192c881e53586541b26624e3327e4797a1c03031ab718d48,D,1,Phoma/4 (329).jpg
images/727f7d790a698d126506c7d043501313fea8a2199c9d49d7234ba1b152aaa5eb.jpg,727f7d790a698d126506c7d043501313fea8a2199c9d49d7234ba1b152aaa5eb,E,0,Miner/1 (12217).jpg
images/727fc9f219f807add906eb8de5958c2bad59ccb249b7f11714fceea9fce08458.jpg,727fc9f219f807add906eb8de5958c2bad59ccb249b7f11714fceea9fce08458,B,1,Leaf rust/1 (391).jpg
images/7294095ad387df76878a021d8e0d1799642c2b1f1d13f0c099ab384102ebb4cd.jpg,7294095ad387df76878a021d8e0d1799642c2b1f1d13f0c099ab384102ebb4cd,E,0,Miner/1 (11893).jpg
images/729e7bcd240c6b07af10300e1a733b926691ec4457900f11e144797a7552cc84.jpg,729e7bcd240c6b07af10300e1a733b926691ec4457900f11e144797a7552cc84,B,1,Leaf rust/1 (360).jpg
images/72c56ae11b8df10311717113cf5744aee3844cf98254e0f11edc37e0bcf67a5d.jpg,72c56ae11b8df10311717113cf5744aee3844cf98254e0f11edc37e0bcf67a5d,E,0,Miner/1 (11635).jpg
images/72d9d849035038347020142ca4536d527fd9264e21e91911b3f4bb276f9f8886.jpg,72d9d849035038347020142ca4536d527fd9264e21e91911b3f4bb276f9f8886,E,0,Miner/1 (10443).jpg
images/72e215ef19b74114d817e30be40b23e039bcf85b64e83b16155f06463ed77a8f.jpg,72e215ef19b74114d817e30be40b23e039bcf85b64e83b16155f06463ed77a8f,B,1,Leaf rust/1 (306).jpg
images/72e273dac65ec881edb2748ff29b0ea76ea29088732816bc302efe6c4b0dd37f.jpg,72e273dac65ec881edb2748ff29b0ea76ea29088732816bc302efe6c4b0dd37f,E,0,Miner/1 (13645).jpg
images/72f510a5d2a6f692e953118fce70e0b11620e03f680b82095de6afcdf387f361.jpg,72f510a5d2a6f692e953118fce70e0b11620e03f680b82095de6afcdf387f361,B,1,Leaf rust/2 (628).jpg
images/72fc20cf6f97a4bdd4fea7ce7afa72f2403e578b32f77fb85325014ebcfc486b.jpg,72fc20cf6f97a4bdd4fea7ce7afa72f2403e578b32f77fb85325014ebcfc486b,D,1,Phoma/4 (485).jpg
images/730e750588e0d10098ef491b9af9ea9d91925ef0f0e4eee7847c553f0c5cca99.jpg,730e750588e0d10098ef491b9af9ea9d91925ef0f0e4eee7847c553f0c5cca99,E,0,Miner/1 (12139).jpg
images/73298c5c1da794050c27fc698c1287f2190126ec2a898ee1fe5e84527fb1911b.jpg,73298c5c1da794050c27fc698c1287f2190126ec2a898ee1fe5e84527fb1911b,E,0,Miner/1 (13690).jpg
images/7343c26103186e8049ebed51212bd319e0573225704271be7a229c43ef8150f8.jpg,7343c26103186e8049ebed51212bd319e0573225704271be7a229c43ef8150f8,B,1,Leaf rust/1 (421).jpg
images/738aeabc8897e43c4d2a8ae465908d4c46307a1cf21208a61f7904a670d51144.jpg,738aeabc8897e43c4d2a8ae465908d4c46307a1cf21208a61f7904a670d51144,E,0,Miner/1 (15678).jpg
images/73b96ba23b7df2b38cb5591e822513773ae0f72f2bf69303df71d4bed11811e3.jpg,73b96ba23b7df2b38cb5591e822513773ae0f72f2bf69303df71d4bed11811e3,D,1,Phoma/1 (335).jpg
images/73d44a3a31038f9e13842e339e22511b159b930d4bf41cc9ed0df11ecc184e89.jpg,73d44a3a31038f9e13842e339e22511b159b930d4bf41cc9ed0df11ecc184e89,B,1,Leaf rust/1 (146).jpg
images/73ea08c8bd896952c9b9a016e6733578eafb51a940717aa3948877c8c4c2c452.jpg,73ea08c8bd896952c9b9a016e6733578eafb51a940717aa3948877c8c4c2c452,E,0,Miner/1 (14224).jpg
images/73ec972f825e5641e02ee147e80ecac2f7cd0bc3cc7b69d12a5524b78bdb2a75.jpg,73ec972f825e5641e02ee147e80ecac2f7cd0bc3cc7b69d12a5524b78bdb2a75,E,0,Miner/1 (11892).jpg
images/73f6031bf879b1def4da60651086b7401a763c7e714939c09b535ce38d199871.jpg,73f6031bf879b1def4da60651086b7401a763c7e714939c09b535ce38d199871,D,1,Phoma/3 (1021).jpg
images/741a16509e63d8bcb95efd7a306cc3ca893dc5fafe5f57e457391695637ef79d.jpg,741a16509e63d8bcb95efd7a306cc3ca893dc5fafe5f57e457391695637ef79d,B,1,Leaf rust/2 (521).jpg
images/7426a1738a0efe5f20cb76ae419d240087d88d861bbf338704c7d618a22fea0d.jpg,7426a1738a0efe5f20cb76ae419d240087d88d861bbf338704c7d618a22fea0d,E,0,Miner/1 (11515).jpg
images/748bf2e8fab6b0ec0c44c2a00d01b71d2c8f5333e25b68feb88f60add8692292.jpg,748bf2e8fab6b0ec0c44c2a00d01b71d2c8f5333e25b68feb88f60add8692292,B,1,Leaf rust/1 (222).jpg
images/749179de2f3d0b3f58bc711e443c431156825b28c3fbe471e59cf7571530089c.jpg,749179de2f3d0b3f58bc711e443c431156825b28c3fbe471e59cf7571530089c,D,1,Phoma/3 (1235).jpg
images/74c22afc906dc0e63c96a21244780602c12528814e371bda4b459136e369f5b8.jpg,74c22afc906dc0e63c96a21244780602c12528814e371bda4b459136e369f5b8,D,1,Phoma/4 (132).jpg
images/74c80a0f2c58c364aa0ccebf623fab47085e39ef88fa96e1347103944098a32a.jpg,74c80a0f2c58c364aa0ccebf623fab47085e39ef88fa96e1347103944098a32a,E,0,Miner/1 (14167).jpg
images/74cd4f1e5875325d15a9897d3d449c1abc66966fa4ae960f0ca7665b5a7ef236.jpg,74cd4f1e5875325d15a9897d3d449c1abc66966fa4ae960f0ca7665b5a7ef236,E,0,Miner/1 (13897).jpg
images/74f2b1c8b43d0cec9c56db3177e2a1a6257060436f493ffb28f6d7e23f66d42c.jpg,74f2b1c8b43d0cec9c56db3177e2a1a6257060436f493ffb28f6d7e23f66d42c,E,0,Miner/1 (10121).jpg
images/74f71795d18254c886b56c890bfe59debc4d5b703b91d7f2cebc1cbf9dcf36b5.jpg,74f71795d18254c886b56c890bfe59debc4d5b703b91d7f2cebc1cbf9dcf36b5,C,1,Cerscospora/8 (677).jpg
images/754f6f4c26e3da1ae29fdc9b9fe5734f2e1a8836678b528290b8e0035a2d93c6.jpg,754f6f4c26e3da1ae29fdc9b9fe5734f2e1a8836678b528290b8e0035a2d93c6,E,0,Miner/1 (10363).jpg
images/7556a75506e65c9ac44c26c0419afe7bcbe89ecc9c1b13909c62857953d3f389.jpg,7556a75506e65c9ac44c26c0419afe7bcbe89ecc9c1b13909c62857953d3f389,B,1,Leaf rust/2 (564).jpg
images/755a8422849b0d670ccb856658f8f6de293bf035051cfa80f237e19c4c9896ce.jpg,755a8422849b0d670ccb856658f8f6de293bf035051cfa80f237e19c4c9896ce,E,0,Miner/1 (13083).jpg
images/757a8c67a40209b74dbd7386bfe867688d072d0c55d2536ee3a80660157e13e1.jpg,757a8c67a40209b74dbd7386bfe867688d072d0c55d2536ee3a80660157e13e1,E,0,Miner/1 (10461).jpg
images/7581ecd381a9c515a1337fc09c72f4750b61f20ed0a7141d8eabe94fd2805c57.jpg,7581ecd381a9c515a1337fc09c72f4750b61f20ed0a7141d8eabe94fd2805c57,D,1,Phoma/4 (542).jpg
images/75b5b99203591f8e60494989eb456d2295a7cbfbdc3a234d80f1e9c091562e5e.jpg,75b5b99203591f8e60494989eb456d2295a7cbfbdc3a234d80f1e9c091562e5e,D,1,Phoma/1 (15).jpg
images/75bd6b9248dc688a6fd10d256302ef036ece885d6eedd9c0adbf1a3767f8345c.jpg,75bd6b9248dc688a6fd10d256302ef036ece885d6eedd9c0adbf1a3767f8345c,E,0,Miner/1 (11561).jpg
images/75e6f7619ad2d46fe93ac6b49f651071598c960451190cf64a86687b634be04e.jpg,75e6f7619ad2d46fe93ac6b49f651071598c960451190cf64a86687b634be04e,D,1,Phoma/1 (608).jpg
images/76184632e34f7436c508ca87a634f5dd27b7b79aa49904fa0f5c4f8026941f7b.jpg,76184632e34f7436c508ca87a634f5dd27b7b79aa49904fa0f5c4f8026941f7b,E,0,Miner/1 (14983).jpg
images/762a2da42d2662ac1c039fd14dcd2c3a9247b93d4b5e91313a443f0682f2e27d.jpg,762a2da42d2662ac1c039fd14dcd2c3a9247b93d4b5e91313a443f0682f2e27d,E,0,Miner/1 (14709).jpg
images/7669305d70e08e1c762629c2cae66d9b170e897f23befd544f6261d15c69679f.jpg,7669305d70e08e1c762629c2cae66d9b170e897f23befd544f6261d15c69679f,D,1,Phoma/1 (148).jpg
images/767bcaa173c956991158c2def983901adfe153fec4f5fb73d0a7d41069d5f3cf.jpg,767bcaa173c956991158c2def983901adfe153fec4f5fb73d0a7d41069d5f3cf,B,1,Leaf rust/1 (56).jpg
images/76ab22d1d3723110b6e8f00421092733189256a12e0cc8fcb9d0318a16e9141a.jpg,76ab22d1d3723110b6e8f00421092733189256a12e0cc8fcb9d0318a16e9141a,E,0,Miner/1 (10373).jpg
images/76ae31a65ddf045f832b5143fc6125bbf0fb82a4f452fc731c4ccdf2e1fa533a.jpg,76ae31a65ddf045f832b5143fc6125bbf0fb82a4f452fc731c4ccdf2e1fa533a,B,1,Leaf rust/2 (751).jpg
images/76d4b2ae2a9cc893481f23d30c764b4557c6072d936ebc4511b7fda11deefa02.jpg,76d4b2ae2a9cc893481f23d30c764b4557c6072d936ebc4511b7fda11deefa02,E,0,Miner/1 (14784).jpg
images/76d7a67429399f62c5d1a04e27307cc83b5ad062d1fe4a3a9121854cc8068e18.jpg,76d7a67429399f62c5d1a04e27307cc83b5ad062d1fe4a3a9121854cc8068e18,D,1,Phoma/4 (260).jpg
images/76e85fdfd95a5e3f6fb7afb03ae672fb786e27c40c0b22928b35fc5fa67d3fb8.jpg,76e85fdfd95a5e3f6fb7afb03ae672fb786e27c40c0b22928b35fc5fa67d3fb8,B,1,Leaf rust/1 (182).jpg
images/76fae4345ec3d1203919436977a95456c8bc2b95fbd840b5dc6ada07a4c0ccb7.jpg,76fae4345ec3d1203919436977a95456c8bc2b95fbd840b5dc6ada07a4c0ccb7,C,1,Cerscospora/6 (291).jpg
images/77412b28f5612b03896b52942463caff6519c2356399ba29e6a26c64dd28b480.jpg,77412b28f5612b03896b52942463caff6519c2356399ba29e6a26c64dd28b480,E,0,Miner/1 (15806).jpg
images/7763e71ac739b5754bd4c98e38dd11170f2e83f8f15e5250021000e69bb18b39.jpg,7763e71ac739b5754bd4c98e38dd11170f2e83f8f15e5250021000e69bb18b39,E,0,Miner/1 (12042).jpg
images/7769ba100ccafce19edc50705c8c3a249d2931254731f38d46c28873336632f7.jpg,7769ba100ccafce19edc50705c8c3a249d2931254731f38d46c28873336632f7,B,1,Leaf rust/1 (327).jpg
images/77a23e35ec0339b2c2d146d8ace7bc670fc9e2135f1f75c1884692444e21f654.jpg,77a23e35ec0339b2c2d146d8ace7bc670fc9e2135f1f75c1884692444e21f654,B,1,Leaf rust/2 (897).jpg
images/77c276b9030c16aaa2e996e27ba32204a089254ee51955b8b7d15b6706551345.jpg,77c276b9030c16aaa2e996e27ba32204a089254ee51955b8b7d15b6706551345,E,0,Miner/1 (11975).jpg
images/77d227ebef81934d82916f5e758aba22ccd51557944b34c433d0142da698744f.jpg,77d227ebef81934d82916f5e758aba22ccd51557944b34c433d0142da698744f,C,1,Cerscospora/4 (334).jpg
images/77d85f215a653cc52bace4e8ddcbad34dd5f075efc6324c99f49d33c470df5aa.jpg,77d85f215a653cc52bace4e8ddcbad34dd5f075efc6324c99f49d33c470df5aa,D,1,Phoma/4 (372).jpg
images/77e898d27f96f5aebc9a62be55e01fb8c3de0dd572610c3a1a7bc504e254fadb.jpg,77e898d27f96f5aebc9a62be55e01fb8c3de0dd572610c3a1a7bc504e254fadb,E,0,Miner/1 (13127).jpg
images/77f6100bb20b9dabee3bf423ad23b234ae7a4663e23f4601ccaa4c0c02276387.jpg,77f6100bb20b9dabee3bf423ad23b234ae7a4663e23f4601ccaa4c0c02276387,B,1,Leaf rust/2 (781).jpg
images/780eec13be6f7905ed285c986d534555718701472d5fc935a8c1596012ac7d12.jpg,780eec13be6f7905ed285c986d534555718701472d5fc935a8c1596012ac7d12,B,1,Leaf rust/2 (787).jpg
images/780f27e7571a1792ff1d68d9d4322594ab750c5337591f3520ac394f048c64ae.jpg,780f27e7571a1792ff1d68d9d4322594ab750c5337591f3520ac394f048c64ae,D,1,Phoma/1 (227).jpg
images/781239c34d5c0f49fcb123b3f4e95bcc88a19b9a77069fc2b3ffc4712a98c969.jpg,781239c34d5c0f49fcb123b3f4e95bcc88a19b9a77069fc2b3ffc4712a98c969,E,0,Miner/1 (15208).jpg
images/782067aa6a0bf3a1199f4885e0e4c0b26930e0ebb427968eb7fce1d6cee74308.jpg,782067aa6a0bf3a1199f4885e0e4c0b26930e0ebb427968eb7fce1d6cee74308,E,0,Miner/1 (10309).jpg
images/783a5f11cebd1a8d4bd490defefcfe28cae4de4701aa87af56900290261a2e43.jpg,783a5f11cebd1a8d4bd490defefcfe28cae4de4701aa87af56900290261a2e43,B,1,Leaf rust/2 (898).jpg
images/7848b651c5451ad711f0d642d1dc5462908e40fa308f09dd05d4990dbf46a7a7.jpg,7848b651c5451ad711f0d642d1dc5462908e40fa308f09dd05d4990dbf46a7a7,B,1,Leaf rust/2 (847).jpg
images/787d119f26c93a110519684ee50f9d8c04f96f405be95426e20a4da87f3b2973.jpg,787d119f26c93a110519684ee50f9d8c04f96f405be95426e20a4da87f3b2973,E,0,Miner/1 (10743).jpg
images/787eda863ba5b139b5847977c327ebc9c05777a27f1114fa7bdbbb57e7d5f981.jpg,787eda863ba5b139b5847977c327ebc9c05777a27f1114fa7bdbbb57e7d5f981,B,1,Leaf rust/1 (183).jpg
images/789ffdf37abcb714a9ad53a9b7830011c81a768a03ddd77ad4c48fa8e9f24b42.jpg,789ffdf37abcb714a9ad53a9b7830011c81a768a03ddd77ad4c48fa8e9f24b42,B,1,Leaf rust/2 (914).jpg
images/78a2fd485f57589af9d313fb8fdb17c3bcde021560d8b2dd3c675f5f5d678429.jpg,78a2fd485f57589af9d313fb8fdb17c3bcde021560d8b2dd3c675f5f5d678429,E,0,Miner/1 (15537).jpg
images/78b640b8b56945ed1c494ae5a36d3c9fd70fcc5e63213ade26bbfec2c5e03a3c.jpg,78b640b8b56945ed1c494ae5a36d3c9fd70fcc5e63213ade26bbfec2c5e03a3c,C,1,Cerscospora/8 (676).jpg
images/78dc6c993228bbd67dc0055042e7a298b6eab65af139865bfb36978167409eb8.jpg,78dc6c993228bbd67dc0055042e7a298b6eab65af139865bfb36978167409eb8,C,1,Cerscospora/6 (483).jpg
images/78e014fa4e8e2c0e28d01ba19b06a6ba21849cb488fb3b80b6befecc34863068.jpg,78e014fa4e8e2c0e28d01ba19b06a6ba21849cb488fb3b80b6befecc34863068,E,0,Miner/1 (10441).jpg
images/78e3c708d8ed8d944ad1e50e39a7721f2c0b039232307d3c8c9eb07168ea222f.jpg,78e3c708d8ed8d944ad1e50e39a7721f2c0b039232307d3c8c9eb07168ea222f,B,1,Leaf rust/1 (269).jpg
images/78eb164a800a95b536cb5f4ca8a31811a1c12002e102cb22c37ec00d0c418bf2.jpg,78eb164a800a95b536cb5f4ca8a31811a1c12002e102cb22c37ec00d0c418bf2,B,1,Leaf rust/2 (804).jpg
images/78ff2ababc1d8aa494b8d8f88405608975e601caeaf129e70695a5bbc6d63206.jpg,78ff2ababc1d8aa494b8d8f88405608975e601caeaf129e70695a5bbc6d63206,B,1,Leaf rust/2 (607).jpg
images/7907b65ff662d10c835583001635f4a15d15ba6a73fb8382b7e1d7f5aab6470e.jpg,7907b65ff662d10c835583001635f4a15d15ba6a73fb8382b7e1d7f5aab6470e,C,1,Cerscospora/7 (101).jpg
images/79354dc3a4fd5d234e830fc0aa75070233ac539a31d993cf996a524fdbf9b401.jpg,79354dc3a4fd5d234e830fc0aa75070233ac539a31d993cf996a524fdbf9b401,E,0,Miner/1 (13862).jpg
images/794b1fc4b706d14019093accc64cd5ff9bd4b47c15e6cae746c3cf1002055ee0.jpg,794b1fc4b706d14019093accc64cd5ff9bd4b47c15e6cae746c3cf1002055ee0,E,0,Miner/1 (15883).jpg
images/7956ac5408cc893f9c5b221d629d310a9fbf2e7cdb6bd9a077a8ece8529536fd.jpg,7956ac5408cc893f9c5b221d629d310a9fbf2e7cdb6bd9a077a8ece8529536fd,E,0,Miner/1 (11718).jpg
images/7969935609f8611fede9a703bb76b1ce1e9f208da8771a8ba3d31beb6b479d19.jpg,7969935609f8611fede9a703bb76b1ce1e9f208da8771a8ba3d31beb6b479d19,B,1,Leaf rust/2 (608).jpg
images/799248002e16ef49b972442ce66a9e0b2ae1b86221b040c2341b337a1637f4a5.jpg,799248002e16ef49b972442ce66a9e0b2ae1b86221b040c2341b337a1637f4a5,E,0,Miner/1 (10218).jpg
images/79df5e27232697bff43f2ea28f1429b44729d376729ca86972b230834f11d9dd.jpg,79df5e27232697bff43f2ea28f1429b44729d376729ca86972b230834f11d9dd,E,0,Miner/1 (14978).jpg
images/79eb42f3eee3e9750453ab29597d641ae9b6dd3d199c15813de04d5b1238111e.jpg,79eb42f3eee3e9750453ab29597d641ae9b6dd3d199c15813de04d5b1238111e,E,0,Miner/1 (10427).jpg
images/79f0476c84d23eefcf072ec97287e3089d795d5c6bab3bc5068790707f7c017c.jpg,79f0476c84d23eefcf072ec97287e3089d795d5c6bab3bc5068790707f7c017c,E,0,Miner/1 (10967).jpg
images/7a3105870aaa7b5567274dee27ff07adb7bdb094f933d1b20c7db6ee98462e06.jpg,7a3105870aaa7b5567274dee27ff07adb7bdb094f933d1b20c7db6ee98462e06,C,1,Cerscospora/6 (102).jpg
images/7a35e28557381ea0014f3622491bca96daa51e1dbea08059a153339bd18e9735.jpg,7a35e28557381ea0014f3622491bca96daa51e1dbea08059a153339bd18e9735,E,0,Miner/1 (14967).jpg
images/7a3759e669816756e344ef017818d06f0b31d7a480c4ecf55e9672ec2f663077.jpg,7a3759e669816756e344ef017818d06f0b31d7a480c4ecf55e9672ec2f663077,E,0,Miner/1 (10364).jpg
images/7a392e752306bf18f4063900afb1eaa5a08869afa4470e18d9254cf9b49294d5.jpg,7a392e752306bf18f4063900afb1eaa5a08869afa4470e18d9254cf9b49294d5,E,0,Miner/1 (10422).jpg
images/7a3f6f29c56d5cb23939fbb8d2403c5d4b296613065538ec2be5c0df5237e175.jpg,7a3f6f29c56d5cb23939fbb8d2403c5d4b296613065538ec2be5c0df5237e175,E,0,Miner/1 (10314).jpg
images/7a42e67f170177d61c8e274b71a1e9080af7118181e01b2156e2ef6bf6aa18f2.jpg,7a42e67f170177d61c8e274b71a1e9080af7118181e01b2156e2ef6bf6aa18f2,E,0,Miner/1 (10075).jpg
images/7a63693ef5ffbadd13ec19f35fde00d28040440e6c8040cfb8de428ffc711937.jpg,7a63693ef5ffbadd13ec19f35fde00d28040440e6c8040cfb8de428ffc711937,B,1,Leaf rust/2 (737).jpg
images/7a73b124b41ec21a8cf6a61a319125319694a70e6c4c52f4338c0885f52ffbb2.jpg,7a73b124b41ec21a8cf6a61a319125319694a70e6c4c52f4338c0885f52ffbb2,C,1,Cerscospora/8 (541).jpg
images/7a782a6c8b04b24005657bc84f6523fed95815e8b6e813b022af0c631747a453.jpg,7a782a6c8b04b24005657bc84f6523fed95815e8b6e813b022af0c631747a453,B,1,Leaf rust/2 (518).jpg
images/7a83a388d8992189c7349a474be330c46c851973a9aaf86a4e415270dad1ecf6.jpg,7a83a388d8992189c7349a474be330c46c851973a9aaf86a4e415270dad1ecf6,C,1,Cerscospora/7 (476).jpg
images/7a8761bbc353a018822c60312b054ee6fbbfcd78cba35a187e2f3471bc9b53e2.jpg,7a8761bbc353a018822c60312b054ee6fbbfcd78cba35a187e2f3471bc9b53e2,D,1,Phoma/3 (1370).jpg
images/7a96de992ad6ba5d429d90aff7c7d135a1ef270d57512257c900770da7b1d81f.jpg,7a96de992ad6ba5d429d90aff7c7d135a1ef270d57512257c900770da7b1d81f,D,1,Phoma/1 (119).jpg
images/7aa3bfd365ac3437689100a77b5f9fb58ec296386b2f2ca89da289e97c59faa1.jpg,7aa3bfd365ac3437689100a77b5f9fb58ec296386b2f2ca89da289e97c59faa1,D,1,Phoma/2 (544).jpg
images/7ad6a94e1fab89d6226646a1eb376f5b6eac98d3d992bdf9282e771533a947b5.jpg,7ad6a94e1fab89d6226646a1eb376f5b6eac98d3d992bdf9282e771533a947b5,B,1,Leaf rust/1 (274).jpg
images/7adf10e5278fe60635fbb131c91593776013e9b2078e18bb18bc67bf858bad6e.jpg,7adf10e5278fe60635fbb131c91593776013e9b2078e18bb18bc67bf858bad6e,E,0,Miner/1 (10340).jpg
images/7b08453dc29d4ee16acb08874e12d3c391c722a17d47204fc0ed249893185930.jpg,7b08453dc29d4ee16acb08874e12d3c391c722a17d47204fc0ed249893185930,D,1,Phoma/3 (1218).jpg
images/7b2eaa9b7eda962a56cd490afd446e09300d6de6042b1df31fe4024160b14c7c.jpg,7b2eaa9b7eda962a56cd490afd446e09300d6de6042b1df31fe4024160b14c7c,D,1,Phoma/1 (767).jpg
images/7b598206737dc994f40e11db9cd5c8508d0e22b0385453e6e6cf48399db08de3.jpg,7b598206737dc994f40e11db9cd5c8508d0e22b0385453e6e6cf48399db08de3,B,1,Leaf rust/1 (181).jpg
images/7b6d777ca6a69a274415c1558ea9853a4d3c6f7cab7380ef14e339f498f67c64.jpg,7b6d777ca6a69a274415c1558ea9853a4d3c6f7cab7380ef14e339f498f67c64,E,0,Miner/1 (12841).jpg
images/7b76dc9528db583c983286c980e07876f1d3dedbf9782ed52e458dd57c00ff22.jpg,7b76dc9528db583c983286c980e07876f1d3dedbf9782ed52e458dd57c00ff22,E,0,Miner/1 (10173).jpg
images/7b962d1495a0f72d7ab6873b293147752e5b528a915f6d295a2f9f861b2723bc.jpg,7b962d1495a0f72d7ab6873b293147752e5b528a915f6d295a2f9f861b2723bc,C,1,Cerscospora/4 (598).jpg
images/7ba31cec17a1a5ffcefef69b1a68bf0527bc652ecf2e9580bd04ca970361cfff.jpg,7ba31cec17a1a5ffcefef69b1a68bf0527bc652ecf2e9580bd04ca970361cfff,C,1,Cerscospora/7 (214).jpg
images/7ba8243ae10286ed239a824d7c357812a6b6a755bcdc0e0da4a5d5fb6c97cc5e.jpg,7ba8243ae10286ed239a824d7c357812a6b6a755bcdc0e0da4a5d5fb6c97cc5e,C,1,Cerscospora/6 (698).jpg
images/7bbd08f895c0817f70b8959c26cbca5650babcf776f3e0da31df5f1774a8b236.jpg,7bbd08f895c0817f70b8959c26cbca5650babcf776f3e0da31df5f1774a8b236,E,0,Miner/1 (13563).jpg
images/7bc3c4e46545e1e69959311b8d0cf452477023be1f642b175b4387022654144e.jpg,7bc3c4e46545e1e69959311b8d0cf452477023be1f642b175b4387022654144e,C,1,Cerscospora/6 (288).jpg
images/7be04baee9662d2f522bc52c74c92898043881ab686f74dfc0f70dfbdfb18bb9.jpg,7be04baee9662d2f522bc52c74c92898043881ab686f74dfc0f70dfbdfb18bb9,D,1,Phoma/4 (296).jpg
images/7be86f8926aaad7c5acdf9cd5d57f2b3aab20e341104ea8ed7585a05f5cf5438.jpg,7be86f8926aaad7c5acdf9cd5d57f2b3aab20e341104ea8ed7585a05f5cf5438,E,0,Miner/1 (12050).jpg
images/7c1d1310c7b07a8f891c41b59844f10b23b03c3bb28a1685d66f13f190e8b372.jpg,7c1d1310c7b07a8f891c41b59844f10b23b03c3bb28a1685d66f13f190e8b372,C,1,Cerscospora/8 (117).jpg
images/7c3e10594acbec62c168640225269428b92f3e4f2815e46a538f3bcdd7eb9193.jpg,7c3e10594acbec62c168640225269428b92f3e4f2815e46a538f3bcdd7eb9193,E,0,Miner/1 (12859).jpg
images/7c48bf155646cdf49dde419eac17d16bc13c1db7921f47e2ada50a54afa0dbd4.jpg,7c48bf155646cdf49dde419eac17d16bc13c1db7921f47e2ada50a54afa0dbd4,E,0,Miner/1 (13855).jpg
images/7c533abc743a816a96432be36fab120a09987cddc11d7437fb0dc193eefd9723.jpg,7c533abc743a816a96432be36fab120a09987cddc11d7437fb0dc193eefd9723,B,1,Leaf rust/2 (815).jpg
images/7c8c2a0f5c37070e8a37dc88456dc0cb109348b9e9773e030deb79eb46b93277.jpg,7c8c2a0f5c37070e8a37dc88456dc0cb109348b9e9773e030deb79eb46b93277,B,1,Leaf rust/1 (264).jpg
images/7ca83d6c219cfe9eb64c40b8eff50d651736c6db8832f706adaf72c9286b7f77.jpg,7ca83d6c219cfe9eb64c40b8eff50d651736c6db8832f706adaf72c9286b7f77,E,0,Miner/1 (14317).jpg
images/7caff1eed15f1580de56af12dee090f811304460ddd14273e9809e188f17ad1d.jpg,7caff1eed15f1580de56af12dee090f811304460ddd14273e9809e188f17ad1d,D,1,Phoma/4 (471).jpg
images/7cb7cdf1ad8e53e4830b007a09a7d44682c44911aafccc1921290b5a0cf5d88a.jpg,7cb7cdf1ad8e53e4830b007a09a7d44682c44911aafccc1921290b5a0cf5d88a,E,0,Miner/1 (11746).jpg
images/7cbfe9bb5738a4fe8c6573fa41d9980f5dccc8faefb7c2829d7816559d57be37.jpg,7cbfe9bb5738a4fe8c6573fa41d9980f5dccc8faefb7c2829d7816559d57be37,B,1,Leaf rust/1 (484).jpg
images/7cddba75fd14f42722b2679c24f4544771a997db62671f69fff487441b9dfbbb.jpg,7cddba75fd14f42722b2679c24f4544771a997db62671f69fff487441b9dfbbb,B,1,Leaf rust/2 (738).jpg
images/7cdea69fd1fc4c8de912a9638422d413042ce885f2d1e86b7b100410b7109bdd.jpg,7cdea69fd1fc4c8de912a9638422d413042ce885f2d1e86b7b100410b7109bdd,B,1,Leaf rust/2 (677).jpg
images/7ce8e2665e8860268c1e358fe9bf06b88133bf83b797b5edf932c6a387d3ab42.jpg,7ce8e2665e8860268c1e358fe9bf06b88133bf83b797b5edf932c6a387d3ab42,D,1,Phoma/3 (1241).jpg
images/7d130225b41004fc228fda5428732482159e6ff4e2359dc9c2cdf1b534a0ff5f.jpg,7d130225b41004fc228fda5428732482159e6ff4e2359dc9c2cdf1b534a0ff5f,B,1,Leaf rust/2 (622).jpg
images/7d25872ae86bf170b0457c16c06aa474e68f6dd7a3b55d49dbc6c566e7790366.jpg,7d25872ae86bf170b0457c16c06aa474e68f6dd7a3b55d49dbc6c566e7790366,E,0,Miner/1 (10757).jpg
images/7d27ca22086f796dbaede58736aff53cd20ae9801bee08665efcd25310b67e9e.jpg,7d27ca22086f796dbaede58736aff53cd20ae9801bee08665efcd25310b67e9e,E,0,Miner/1 (14909).jpg
images/7d2ad7fd0f055387374a938bfbb3bb37fd1b48c6bd810cd40a4356daabe15989.jpg,7d2ad7fd0f055387374a938bfbb3bb37fd1b48c6bd810cd40a4356daabe15989,E,0,Miner/1 (13976).jpg
images/7d69e4ed31209371f1d65944ec8d2080a7c29df25b1ac7e6393feb71313c25f5.jpg,7d69e4ed31209371f1d65944ec8d2080a7c29df25b1ac7e6393feb71313c25f5,E,0,Miner/1 (10077).jpg
images/7d6f28ed94d3f190ba382cfa2f039ba1b3a6dabd06e9f16ddb2221878f169752.jpg,7d6f28ed94d3f190ba382cfa2f039ba1b3a6dabd06e9f16ddb2221878f169752,E,0,Miner/1 (14659).jpg
images/7d7e16bc1a8aa32b75f66ac19060b670028843078910c706c9719473787aab08.jpg,7d7e16bc1a8aa32b75f66ac19060b670028843078910c706c9719473787aab08,E,0,Miner/1 (10067).jpg
images/7d7e7ecffa248e2691db31e0370ff5022348d04df72d00a67b645b6526b1feeb.jpg,7d7e7ecffa248e2691db31e0370ff5022348d04df72d00a67b645b6526b1feeb,A,1,Healthy/1 (2271).jpg
images/7d8668a5b5677f9f319583f94c42a742f7231f2d4e619c5dc0662b342caf79e7.jpg,7d8668a5b5677f9f319583f94c42a742f7231f2d4e619c5dc0662b342caf79e7,E,0,Miner/1 (13874).jpg
images/7d9cf4c2da764ea37562974c349c7185e7ea2ca8b0d019c8a3e56e31066bc328.jpg,7d9cf4c2da764ea37562974c349c7185e7ea2ca8b0d019c8a3e56e31066bc328,E,0,Miner/1 (12588).jpg
images/7da51d7af0d4abf03d4c40c07a9d812bc02a40a56b92deb76c963b21ee21189d.jpg,7da51d7af0d4abf03d4c40c07a9d812bc02a40a56b92deb76c963b21ee21189d,B,1,Leaf rust/1 (368).jpg
images/7da7acde3131eff1cf18c45879bd217561b356501f0430f895a51b9b45e01a29.jpg,7da7acde3131eff1cf18c45879bd217561b356501f0430f895a51b9b45e01a29,D,1,Phoma/2 (921).jpg
images/7dcc8b92c1a3305cf737bb950204e011b55212dbef9ce9a9369bbc59cc5be796.jpg,7dcc8b92c1a3305cf737bb950204e011b55212dbef9ce9a9369bbc59cc5be796,D,1,Phoma/4 (353).jpg
images/7dd067dd8ab149eacb1d9a087642443d5a6bbf8a5a6f21630c416bbf8df7a625.jpg,7dd067dd8ab149eacb1d9a087642443d5a6bbf8a5a6f21630c416bbf8df7a625,D,1,Phoma/4 (16).jpg
images/7de968fb925cb7167e15eede5506ffa004730fa1fb499ae52ca1c6c77db46c9a.jpg,7de968fb925cb7167e15eede5506ffa004730fa1fb499ae52ca1c6c77db46c9a,B,1,Leaf rust/2 (568).jpg
images/7dedf36f18419cdeecd01b02675e46701bea9e097170a1f933076b83664b23db.jpg,7dedf36f18419cdeecd01b02675e46701bea9e097170a1f933076b83664b23db,D,1,Phoma/4 (257).jpg
images/7e066c349be3c730fd5df9ccf3d163f8fac16ee4ddad294a13063e03072f0e03.jpg,7e066c349be3c730fd5df9ccf3d163f8fac16ee4ddad294a13063e03072f0e03,B,1,Leaf rust/1 (448).jpg
images/7e25d67e50ecc810e888f1c0326f85a7871af4b746ffccf47010b862d233eadf.jpg,7e25d67e50ecc810e888f1c0326f85a7871af4b746ffccf47010b862d233eadf,C,1,Cerscospora/6 (482).jpg
images/7e2fd8ac27390e5167d9501bdb84e54fd9d034e5747148c19b931ce90544393d.jpg,7e2fd8ac27390e5167d9501bdb84e54fd9d034e5747148c19b931ce90544393d,E,0,Miner/1 (14164).jpg
images/7e48c20fea344cbe5b98f53e3c2692b585d2774ddfb883f15b54ecd89e0104f9.jpg,7e48c20fea344cbe5b98f53e3c2692b585d2774ddfb883f15b54ecd89e0104f9,E,0,Miner/1 (14789).jpg
images/7e5bf47dc096e5887a085c4da2a077a2bb6e843bafd73f7f983590396490cf98.jpg,7e5bf47dc096e5887a085c4da2a077a2bb6e843bafd73f7f983590396490cf98,E,0,Miner/1 (10726).jpg
images/7e5ec5e8d61b43a002e643febaed526e856f4a115ef865b2555154da77d1eac3.jpg,7e5ec5e8d61b43a002e643febaed526e856f4a115ef865b2555154da77d1eac3,D,1,Phoma/4 (544).jpg
images/7e710f5ba6de87813c3035a22320142c30c7a95f4c110ef6f30bcaab16c4b3b0.jpg,7e710f5ba6de87813c3035a22320142c30c7a95f4c110ef6f30bcaab16c4b3b0,E,0,Miner/1 (13756).jpg
images/7e75183e207020a0ff9a322a44469c6d63b8df156b535ebe671550918c40cbfa.jpg,7e75183e207020a0ff9a322a44469c6d63b8df156b535ebe671550918c40cbfa,E,0,Miner/1 (12886).jpg
images/7e80e1d53cefe299f2595fd97b03367e46543d8dbd93b3e7cf90568f3b3f5eef.jpg,7e80e1d53cefe299f2595fd97b03367e46543d8dbd93b3e7cf90568f3b3f5eef,E,0,Miner/1 (13940).jpg
images/7e8b2078125f8e963a9e866a172c53e729ae1a91311faca168f68f8f11e7977b.jpg,7e8b2078125f8e963a9e866a172c53e729ae1a91311faca168f68f8f11e7977b,B,1,Leaf rust/1 (209).jpg
images/7e8f91fd18b14ba8d994d2ef8c7d5f4234ac78d48e0cd3434d63785a56e499fb.jpg,7e8f91fd18b14ba8d994d2ef8c7d5f4234ac78d48e0cd3434d63785a56e499fb,B,1,Leaf rust/2 (554).jpg
images/7ec98bc8c5cbe1c28860359c74639e1b015d659a3728f54deabc68d33f5ed4a7.jpg,7ec98bc8c5cbe1c28860359c74639e1b015d659a3728f54deabc68d33f5ed4a7,D,1,Phoma/3 (1036).jpg
images/7eebc97454ee8c9a9db4029901c46f7676808271c36ce2a963b0b66a37b307d9.jpg,7eebc97454ee8c9a9db4029901c46f7676808271c36ce2a963b0b66a37b307d9,E,0,Miner/1 (11925).jpg
images/7ef53669d44d06adc4c2b3c3e3361daaeb544692cafa59237d4a55c4e0b78956.jpg,7ef53669d44d06adc4c2b3c3e3361daaeb544692cafa59237d4a55c4e0b78956,B,1,Leaf rust/2 (931).jpg
images/7f06781e824560109d1d1af9c3736d85a09baf6304056734fe5889ac54f72538.jpg,7f06781e824560109d1d1af9c3736d85a09baf6304056734fe5889ac54f72538,B,1,Leaf rust/1 (323).jpg
images/7f10f84bd9f2104f9a8676118c9b9cb1e0fc753d61a8581296d518d0c941bc44.jpg,7f10f84bd9f2104f9a8676118c9b9cb1e0fc753d61a8581296d518d0c941bc44,B,1,Leaf rust/1 (199).jpg
images/7f388f5cca6f7da869bfb9ea7da2b199d99f78426ba7057724c5216bdc075cc9.jpg,7f388f5cca6f7da869bfb9ea7da2b199d99f78426ba7057724c5216bdc075cc9,E,0,Miner/1 (10259).jpg
images/7f45fce1c1ec8dac23468dc6035ec9220d4bdb343feee0ab742a79616e144018.jpg,7f45fce1c1ec8dac23468dc6035ec9220d4bdb343feee0ab742a79616e144018,E,0,Miner/1 (10122).jpg
images/7f57728541c8da05b07f5bdf52e024ddea66d0cd4c598f32148494828aff6f36.jpg,7f57728541c8da05b07f5bdf52e024ddea66d0cd4c598f32148494828aff6f36,B,1,Leaf rust/1 (169).jpg
images/7f5e3d9cf5f15c74346c13cbbd23b054bc39af56bb8b3acd5b54b47d660ab721.jpg,7f5e3d9cf5f15c74346c13cbbd23b054bc39af56bb8b3acd5b54b47d660ab721,B,1,Leaf rust/2 (842).jpg
images/7f637d4b9d3562e0c6c75698cccf83d3a7ee01a51a1ecf0fa20ec2682d2d7531.jpg,7f637d4b9d3562e0c6c75698cccf83d3a7ee01a51a1ecf0fa20ec2682d2d7531,B,1,Leaf rust/2 (594).jpg
images/7f815ce609adeba9fa63b68c99be1df1c170c276b3be003d648779899218887d.jpg,7f815ce609adeba9fa63b68c99be1df1c170c276b3be003d648779899218887d,B,1,Leaf rust/1 (112).jpg
images/7f92595c4132bec34b8495530b59d8819d2cb7a8cdd35c7147bbce2532fdce97.jpg,7f92595c4132bec34b8495530b59d8819d2cb7a8cdd35c7147bbce2532fdce97,B,1,Leaf rust/2 (889).jpg
images/7fac0db6a60e2891ddec9db88842731ecf3d6b011d106254e8aa5fbbf934dd00.jpg,7fac0db6a60e2891ddec9db88842731ecf3d6b011d106254e8aa5fbbf934dd00,D,1,Phoma/4 (105).jpg
images/7fc05dd1fc300dafe2ae7e94fe1277a44e43d058c910346b36f3a168c691482f.jpg,7fc05dd1fc300dafe2ae7e94fe1277a44e43d058c910346b36f3a168c691482f,E,0,Miner/1 (10060).jpg
images/7fd9a9d6b8bb0c1f89c626a5b40d7182edb2a59446d86f83bc183f2a725d5968.jpg,7fd9a9d6b8bb0c1f89c626a5b40d7182edb2a59446d86f83bc183f2a725d5968,E,0,Miner/1 (12879).jpg
images/7ff80c714cc4380184009ac8049535d03025187dccdb0c6ba53b14fd756c5b97.jpg,7ff80c714cc4380184009ac8049535d03025187dccdb0c6ba53b14fd756c5b97,D,1,Phoma/4 (1).jpg
images/8014e65999e38102e43ac0e2e967d83a5b50c7b8e0d011252cdaddc2cf7b4c11.jpg,8014e65999e38102e43ac0e2e967d83a5b50c7b8e0d011252cdaddc2cf7b4c11,D,1,Phoma/2 (809).jpg
images/803c5ceaeb28c9441cd39e5709e17dc935308c7bd22a2869141e5accc76aedee.jpg,803c5ceaeb28c9441cd39e5709e17dc935308c7bd22a2869141e5accc76aedee,E,0,Miner/1 (11369).jpg
images/8071336101c146d58aab8201171c74e941c03e90ee7e654e48067c5d4145a0dc.jpg,8071336101c146d58aab8201171c74e941c03e90ee7e654e48067c5d4145a0dc,B,1,Leaf rust/1 (8).jpeg
images/807e76e5eb6563d3277c7f55c138eb72d8b5e8ac433a41fadad7d558b737766b.jpg,807e76e5eb6563d3277c7f55c138eb72d8b5e8ac433a41fadad7d558b737766b,B,1,Leaf rust/1 (331).jpg
images/8087668e90dd4a04128a742d835beb6627c0969d7c7a8ca99668637dfce05c8b.jpg,8087668e90dd4a04128a742d835beb6627c0969d7c7a8ca99668637dfce05c8b,C,1,Cerscospora/8 (403).jpg
images/808afc733572354ea8e62d7c554e8de4f79f841adbf29d635f738043d30a9b55.jpg,808afc733572354ea8e62d7c554e8de4f79f841adbf29d635f738043d30a9b55,E,0,Miner/1 (11640).jpg
images/809a4e698f2029348fb9780136baa80045c7b55c4502f6bdc1f65b4cf3d1f226.jpg,809a4e698f2029348fb9780136baa80045c7b55c4502f6bdc1f65b4cf3d1f226,B,1,Leaf rust/1 (111).jpg
images/80a9199e6669520f3ad8738f9e80a11d71553b07dfe0644f88298f0b877244c8.jpg,80a9199e6669520f3ad8738f9e80a11d71553b07dfe0644f88298f0b877244c8,B,1,Leaf rust/1 (242).jpg
images/80b5025c60a30ee900ab5b883b23339a5cb980471b644c31b44a956bdb9bfc5b.jpg,80b5025c60a30ee900ab5b883b23339a5cb980471b644c31b44a956bdb9bfc5b,E,0,Miner/1 (13214).jpg
images/810c271273234d29ce35e02df9fd08c5f6f268530d9f126b4644565b27022bb4.jpg,810c271273234d29ce35e02df9fd08c5f6f268530d9f126b4644565b27022bb4,E,0,Miner/1 (11968).jpg
images/811d59075a6af0d8100e7e9f833b893a128890ec6db65fbc5366e7d09b94d9e3.jpg,811d59075a6af0d8100e7e9f833b893a128890ec6db65fbc5366e7d09b94d9e3,B,1,Leaf rust/1 (301).jpg
images/812a965a00e5e53a8db3848f9ecef8ff02ab3b996c03fd863f1525c3279d952e.jpg,812a965a00e5e53a8db3848f9ecef8ff02ab3b996c03fd863f1525c3279d952e,B,1,Leaf rust/2 (595).jpg
images/814a6e4da77bbc9fe6c060dd9163a6b0b139c70d5c2a309eb81f16269e2c0a17.jpg,814a6e4da77bbc9fe6c060dd9163a6b0b139c70d5c2a309eb81f16269e2c0a17,D,1,Phoma/2 (228).jpg
images/81638be13f7f7aa438bf5cf7079d7d5a486e4c486c1543e56f1e929cfd7d076e.jpg,81638be13f7f7aa438bf5cf7079d7d5a486e4c486c1543e56f1e929cfd7d076e,D,1,Phoma/3 (1242).jpg
images/816f734acb7d3b9b2051c732876e5c9e289f284c12f39644dc0cbc3d3115799a.jpg,816f734acb7d3b9b2051c732876e5c9e289f284c12f39644dc0cbc3d3115799a,E,0,Miner/1 (11739).jpg
images/8199af31d8fe1f391d0e316bf921f18f0e3e841cf5cc098cebe6ef4f8dec29ef.jpg,8199af31d8fe1f391d0e316bf921f18f0e3e841cf5cc098cebe6ef4f8dec29ef,D,1,Phoma/1 (149).jpg
images/81aa6c024bc3a8862268a7d48fb4136e1bb76490ed3dbe63471119bf38113f7c.jpg,81aa6c024bc3a8862268a7d48fb4136e1bb76490ed3dbe63471119bf38113f7c,C,1,Cerscospora/7 (432).jpg
images/81b6aadac865fcae5f649239898eaa669eadd24c170ba50fd48cdf02a0823122.jpg,81b6aadac865fcae5f649239898eaa669eadd24c170ba50fd48cdf02a0823122,B,1,Leaf rust/1 (383).jpg
images/81be82aa71f6110299aa833eeaee8a48b11ba72833d04515d958afe65fac9170.jpg,81be82aa71f6110299aa833eeaee8a48b11ba72833d04515d958afe65fac9170,E,0,Miner/1 (13243).jpg
images/81c9dee24d12fe83a2879ecf47cd49b2952243d663ff3d16f55c03cddebb27b0.jpg,81c9dee24d12fe83a2879ecf47cd49b2952243d663ff3d16f55c03cddebb27b0,E,0,Miner/1 (11384).jpg
images/81d58be6d06cf786048ddb5e7d577f9a4ce08363dc6e5498c7be55fbcb0360cf.jpg,81d58be6d06cf786048ddb5e7d577f9a4ce08363dc6e5498c7be55fbcb0360cf,B,1,Leaf rust/2 (868).jpg
images/81e85298e56acb4972bf29a4e024cc1a9841e9328694e4d922e4adbfd4a04013.jpg,81e85298e56acb4972bf29a4e024cc1a9841e9328694e4d922e4adbfd4a04013,E,0,Miner/1 (13418).jpg
images/81f48ef6ef7f93e7476858b12af65e01dcfaaf2ff8f2247a8d2f6fcc21871306.jpg,81f48ef6ef7f93e7476858b12af65e01dcfaaf2ff8f2247a8d2f6fcc21871306,D,1,Phoma/4 (377).jpg
images/821b70a3c38454973496da3d1e431e541456a4d2f778f75a830758a223fd5b82.jpg,821b70a3c38454973496da3d1e431e541456a4d2f778f75a830758a223fd5b82,B,1,Leaf rust/1 (82).jpg
images/823fc9aaea4af6e4b079e7ddf894bf4129ac9ee8ffea9bd477902466bacbbb96.jpg,823fc9aaea4af6e4b079e7ddf894bf4129ac9ee8ffea9bd477902466bacbbb96,B,1,Leaf rust/1 (207).jpg
images/826264ed26cf08d22e95cb823a4fea7b9e801f85986383d81e5810cab6fb028c.jpg,826264ed26cf08d22e95cb823a4fea7b9e801f85986383d81e5810cab6fb028c,B,1,Leaf rust/2 (878).jpg
images/8276464085ebbb415d4e4bbcc08a72cc5a9975c37ca4216f05ad6fd6bc317c8d.jpg,8276464085ebbb415d4e4bbcc08a72cc5a9975c37ca4216f05ad6fd6bc317c8d,E,0,Miner/1 (11703).jpg
images/827c990fdf23bf33a7af4efc78a0fefd0cc7c7a698b4a6c069972106b64b64df.jpg,827c990fdf23bf33a7af4efc78a0fefd0cc7c7a698b4a6c069972106b64b64df,B,1,Leaf rust/2 (662).jpg
images/829cc11de65429b2aad416572bc63a58461ca41eeeb5ff47e28a04bb39d7c970.jpg,829cc11de65429b2aad416572bc63a58461ca41eeeb5ff47e28a04bb39d7c970,B,1,Leaf rust/1 (115).jpg
images/82ac9c19ad21e15e7fba9600d8aae38dbb53a4b19bfa833b417adf1fb863f8f1.jpg,82ac9c19ad21e15e7fba9600d8aae38dbb53a4b19bfa833b417adf1fb863f8f1,B,1,Leaf rust/1 (489).jpg
images/82ae8e7064bdcb4604601e7c6429640915e9e0c0ba766ce5c48f5fbf7253df60.jpg,82ae8e7064bdcb4604601e7c6429640915e9e0c0ba766ce5c48f5fbf7253df60,D,1,Phoma/1 (314).jpg
images/82b7bce6e45af953f43b03717916082e99b1d324288e697fa3349b52d7ab9ff1.jpg,82b7bce6e45af953f43b03717916082e99b1d324288e697fa3349b52d7ab9ff1,C,1,Cerscospora/8 (216).jpg
images/82d87e61b16f7adb877db484f88238e5010518b05e075edcca40f35716559146.jpg,82d87e61b16f7adb877db484f88238e5010518b05e075edcca40f35716559146,E,0,Miner/1 (10261).jpg
images/82f7da8cb6539144e403d797c35449f9b4533a9e0ec17562830690d45eb76fd9.jpg,82f7da8cb6539144e403d797c35449f9b4533a9e0ec17562830690d45eb76fd9,B,1,Leaf rust/2 (689).jpg
images/830d8fe952e881e3c24b1fc6502a64d23424dbfd985a58318b561f2dcd016950.jpg,830d8fe952e881e3c24b1fc6502a64d23424dbfd985a58318b561f2dcd016950,B,1,Leaf rust/1 (131).jpg
images/8324d183b247f81f71821312521745939733ff8411e16495bfbf8c05477c9bfa.jpg,8324d183b247f81f71821312521745939733ff8411e16495bfbf8c05477c9bfa,B,1,Leaf rust/2 (582).jpg
images/832686aa77824f722b0d838350fd2b02f9d33ff223d0ce30176b2a051be6561a.jpg,832686aa77824f722b0d838350fd2b02f9d33ff223d0ce30176b2a051be6561a,B,1,Leaf rust/1 (469).jpg
images/834343c58bca500bf9b6140a60a6ddd9063ae841aa86451d402ded1f5497080f.jpg,834343c58bca500bf9b6140a60a6ddd9063ae841aa86451d402ded1f5497080f,C,1,Cerscospora/4 (1003).jpg
images/834d55182a89b4991f929f2aa64a97a6ecf970f5b131a03d82ba0ec60cb9359f.jpg,834d55182a89b4991f929f2aa64a97a6ecf970f5b131a03d82ba0ec60cb9359f,B,1,Leaf rust/2 (866).jpg
images/835b810570de60873f88d074e512db1b3fea12d53e5e80a6eb0fe3cc3e4355cf.jpg,835b810570de60873f88d074e512db1b3fea12d53e5e80a6eb0fe3cc3e4355cf,D,1,Phoma/2 (331).jpg
images/837cd9713e15bc486845cfc4647a1a1472700897518bba5a2777c736ac068983.jpg,837cd9713e15bc486845cfc4647a1a1472700897518bba5a2777c736ac068983,C,1,Cerscospora/6 (601).jpg
images/838b98d5ecde00a464686be30965b65db2e2259cc666ab4ac6c38040c1c89cb8.jpg,838b98d5ecde00a464686be30965b65db2e2259cc666ab4ac6c38040c1c89cb8,B,1,Leaf rust/1 (148).jpg
images/839213a7ce7374ccd70a5b788673f6ac6da9cbc4a5b07e765ae1e28ae866e89d.jpg,839213a7ce7374ccd70a5b788673f6ac6da9cbc4a5b07e765ae1e28ae866e89d,D,1,Phoma/2 (132).jpg
images/839db781b39315d4a0529b3b2c2124220df27750f464e3c256aa39566e7dc306.jpg,839db781b39315d4a0529b3b2c2124220df27750f464e3c256aa39566e7dc306,D,1,Phoma/3 (1006).jpg
images/83c3a5c79c6a30dcf4712773f6f3fedad16981e4e700c4442a3537e50521411c.jpg,83c3a5c79c6a30dcf4712773f6f3fedad16981e4e700c4442a3537e50521411c,C,1,Cerscospora/8 (593).jpg
images/83f4a4013240eeda71e40f2d8fc071a89a27179ff6e3fb85b2bc512c60e2d0e5.jpg,83f4a4013240eeda71e40f2d8fc071a89a27179ff6e3fb85b2bc512c60e2d0e5,B,1,Leaf rust/1 (11).jpg
images/83fb8e536bcc9ba1b11219caaa400dd9ecc30c11b14634fb32f3ac082d377649.jpg,83fb8e536bcc9ba1b11219caaa400dd9ecc30c11b14634fb32f3ac082d377649,E,0,Miner/1 (13476).jpg
images/83fd1a15135bb89dd5ac219ec81af3493b523556e5b68e0a82af13cce7369520.jpg,83fd1a15135bb89dd5ac219ec81af3493b523556e5b68e0a82af13cce7369520,C,1,Cerscospora/7 (1) (Custom).jpg
images/83ffad04077380482d736d5df81fbe74275d19069953c76da54942d080c7829b.jpg,83ffad04077380482d736d5df81fbe74275d19069953c76da54942d080c7829b,D,1,Phoma/2 (397).jpg
images/8425b67125023e322cd1c99b2b68171a2f38ed83b8a75692bb308a4404d75594.jpg,8425b67125023e322cd1c99b2b68171a2f38ed83b8a75692bb308a4404d75594,E,0,Miner/1 (10605).jpg
images/8430b451dea529cfc7989b626c8a518f4b462739a1131bdb522b7fa42b2dd450.jpg,8430b451dea529cfc7989b626c8a518f4b462739a1131bdb522b7fa42b2dd450,E,0,Miner/1 (13130).jpg
images/8449d3bb744bbe22fe57d8c381d7c656ec85bad1c29fbf08d02f8eee99c27f05.jpg,8449d3bb744bbe22fe57d8c381d7c656ec85bad1c29fbf08d02f8eee99c27f05,E,0,Miner/1 (11711).jpg
images/844fe094f9ccfb360f8b6e0e7ff22f1ce137110e40577bbf84b47767055d5f8e.jpg,844fe094f9ccfb360f8b6e0e7ff22f1ce137110e40577bbf84b47767055d5f8e,E,0,Miner/1 (10471).jpg
images/84682d69e899dc956355cac5f12ec2b1a2abac1be6943699960f333daf59b65b.jpg,84682d69e899dc956355cac5f12ec2b1a2abac1be6943699960f333daf59b65b,D,1,Phoma/1 (295).jpg
images/846efc243405237247d42c65fd8ecfd198be4207c2f15fc7070954eb9e3dabde.jpg,846efc243405237247d42c65fd8ecfd198be4207c2f15fc7070954eb9e3dabde,B,1,Leaf rust/1 (431).jpg
images/84858c791e0c8fd1c2026f0c73af559531c1c0990262e08082899dd2dad8cced.jpg,84858c791e0c8fd1c2026f0c73af559531c1c0990262e08082899dd2dad8cced,D,1,Phoma/1 (284).jpg
images/84991d7e452e03c2fcae4a85e8a114d459b482f99a80ee3969fd569ace6060d3.jpg,84991d7e452e03c2fcae4a85e8a114d459b482f99a80ee3969fd569ace6060d3,E,0,Miner/1 (10463).jpg
images/849992c1e4cb75b25cecf608f320cf199ab6799e520f975f1c76a38da0978fc0.jpg,849992c1e4cb75b25cecf608f320cf199ab6799e520f975f1c76a38da0978fc0,B,1,Leaf rust/1 (174).jpg
images/849d9033c446d9378781b717f50b0867148cec3a51bf1426befbcd14f4a46982.jpg,849d9033c446d9378781b717f50b0867148cec3a51bf1426befbcd14f4a46982,D,1,Phoma/1 (331).jpg
images/84a0dbf3ead16061a9a7a9b59d9cc43e48610956699eb908130d27ed0383c24d.jpg,84a0dbf3ead16061a9a7a9b59d9cc43e48610956699eb908130d27ed0383c24d,B,1,Leaf rust/2 (625).jpg
images/84a7c48720e009b11e4b89a7206305259af0f92f6bd2a2bb2176f8a4e6291e7f.jpg,84a7c48720e009b11e4b89a7206305259af0f92f6bd2a2bb2176f8a4e6291e7f,C,1,Cerscospora/7 (506).jpg
images/84b583cae9982e29c745914a7fc91b5062c9ef6625264a0b5e6ca97a4e93575f.jpg,84b583cae9982e29c745914a7fc91b5062c9ef6625264a0b5e6ca97a4e93575f,B,1,Leaf rust/1 (24).jpg
images/84cc39b5bdf26cd30ba73475281250fdec34cc919ea1a7f05baa0d86ab49e8ba.jpg,84cc39b5bdf26cd30ba73475281250fdec34cc919ea1a7f05baa0d86ab49e8ba,B,1,Leaf rust/2 (742).jpg
images/84ccba2d52b60a849f7a785c92523e0e9218a69d092899d7bc7acf1083d3f37a.jpg,84ccba2d52b60a849f7a785c92523e0e9218a69d092899d7bc7acf1083d3f37a,C,1,Cerscospora/7 (733).jpg
images/84dc2013e44540faf23ed265d6d4a33f8f38e6ca4fcec865744426f66e5db56e.jpg,84dc2013e44540faf23ed265d6d4a33f8f38e6ca4fcec865744426f66e5db56e,E,0,Miner/1 (10316).jpg
images/84fe8a5ca35ef315654896b4fd5ecfe9950c3ecf43177112ddf544b28eca892c.jpg,84fe8a5ca35ef315654896b4fd5ecfe9950c3ecf43177112ddf544b28eca892c,E,0,Miner/1 (11879).jpg
images/851ba7c43f79c3bd0bbafd7c926196219a14703d19cedc30d23377e9725d8106.jpg,851ba7c43f79c3bd0bbafd7c926196219a14703d19cedc30d23377e9725d8106,E,0,Miner/1 (10389).jpg
images/854dc8ce5a8d92b31323ca3ea184211833016cf4fe64c93fc63f96a43ce7c438.jpg,854dc8ce5a8d92b31323ca3ea184211833016cf4fe64c93fc63f96a43ce7c438,B,1,Leaf rust/2 (756).jpg
images/85605875c814712e2e117e639766011c1fb7a4602999fb2ca0d341c5762cce74.jpg,85605875c814712e2e117e639766011c1fb7a4602999fb2ca0d341c5762cce74,E,0,Miner/1 (14013).jpg
images/857284a8c9876e1df8f89e4501c80d8a6af47615473f0b7998295bd2171a6533.jpg,857284a8c9876e1df8f89e4501c80d8a6af47615473f0b7998295bd2171a6533,E,0,Miner/1 (11894).jpg
images/8573c9b95a1953002d3775b028501db253fd7ab435c19ef7572adced6379b4b8.jpg,8573c9b95a1953002d3775b028501db253fd7ab435c19ef7572adced6379b4b8,B,1,Leaf rust/1 (492).jpg
images/85969e26eb587d083c4f03fdf22ab141b11b59111470fc541e7ccc13831376cc.jpg,85969e26eb587d083c4f03fdf22ab141b11b59111470fc541e7ccc13831376cc,D,1,Phoma/1 (371).jpg
images/859fda256cebdd6a47a402945f6386a3847fecb363a884ae452227d5db3dd72f.jpg,859fda256cebdd6a47a402945f6386a3847fecb363a884ae452227d5db3dd72f,E,0,Miner/1 (11972).jpg
images/85b1468b63edcd5ad79d865158174b6eecab75df0a203e8c585d28e491708c62.jpg,85b1468b63edcd5ad79d865158174b6eecab75df0a203e8c585d28e491708c62,B,1,Leaf rust/1 (126).jpg
images/85bbe2fd2e1beb35e8df493f40885bd7164fb66e564ebc3c53dbbead2fa2ca5c.jpg,85bbe2fd2e1beb35e8df493f40885bd7164fb66e564ebc3c53dbbead2fa2ca5c,B,1,Leaf rust/2 (685).jpg
images/8608a78eb00c910d0e8678605351f8ac3408468058f000978e888e7c1339d5e7.jpg,8608a78eb00c910d0e8678605351f8ac3408468058f000978e888e7c1339d5e7,E,0,Miner/1 (13226).jpg
images/86157d60101d2138cd792fc68b46deedd4b618b10ec520c6a25e850b8865494c.jpg,86157d60101d2138cd792fc68b46deedd4b618b10ec520c6a25e850b8865494c,B,1,Leaf rust/2 (999).jpg
images/86292829022d66f32669dd45f1ae434db63725c854c7ee038ef0a5c617551758.jpg,86292829022d66f32669dd45f1ae434db63725c854c7ee038ef0a5c617551758,D,1,Phoma/4 (409).jpg
images/8629c621f37b0477949a8f5cf67125cfe04468cc855d72a8edab16611e524de4.jpg,8629c621f37b0477949a8f5cf67125cfe04468cc855d72a8edab16611e524de4,E,0,Miner/1 (11748).jpg
images/8646f1899717bbf072ecda1a2a77922b3ed5eed005d193f447fb386e82fa311e.jpg,8646f1899717bbf072ecda1a2a77922b3ed5eed005d193f447fb386e82fa311e,B,1,Leaf rust/2 (790).jpg
images/864f937c0518e364c3b940b5782a6cf8a2d2b72db8f6abfe088eae7c53493920.jpg,864f937c0518e364c3b940b5782a6cf8a2d2b72db8f6abfe088eae7c53493920,B,1,Leaf rust/1 (288).jpg
images/8656a325c26b1692b9ba0c19b8e55e529da5212d9252bca02692738cc526d486.jpg,8656a325c26b1692b9ba0c19b8e55e529da5212d9252bca02692738cc526d486,E,0,Miner/1 (15882).jpg
images/8663bbe75a66e27bb3757cae41d531583115f49dbe49018d5e6839698e1489b7.jpg,8663bbe75a66e27bb3757cae41d531583115f49dbe49018d5e6839698e1489b7,B,1,Leaf rust/2 (994).jpg
images/866bae081a9fe75e33cc359c9982e80177b0e0ddaa93d542b5bff4bc805628aa.jpg,866bae081a9fe75e33cc359c9982e80177b0e0ddaa93d542b5bff4bc805628aa,B,1,Leaf rust/1 (133).jpg
images/86740e4d4edef9d617cb31e132b5ee1736ea17404de2b310c7a2c16e2c326a3f.jpg,86740e4d4edef9d617cb31e132b5ee1736ea17404de2b310c7a2c16e2c326a3f,E,0,Miner/1 (12885).jpg
images/86759adc746cedcbf79c516a4635f4060929e6546e17ef0cc898bb76294795a5.jpg,86759adc746cedcbf79c516a4635f4060929e6546e17ef0cc898bb76294795a5,B,1,Leaf rust/1 (245).jpg
images/867a9194d5e4e1f9de48b71150a54124d0eb998d2344c0f49acfd6d00f2b41fe.jpg,867a9194d5e4e1f9de48b71150a54124d0eb998d2344c0f49acfd6d00f2b41fe,B,1,Leaf rust/2 (886).jpg
images/86b856e23e6abc0d15d1a491ee49b1427f16df59d3e1432a1d0c5d4020e96feb.jpg,86b856e23e6abc0d15d1a491ee49b1427f16df59d3e1432a1d0c5d4020e96feb,D,1,Phoma/2 (117).jpg
images/86c126f40038d7a58a8255039eb0f6ef256bbd3f962f4861cc27b70f379a99d9.jpg,86c126f40038d7a58a8255039eb0f6ef256bbd3f962f4861cc27b70f379a99d9,D,1,Phoma/3 (1470).jpg
images/86ca5ac2a5b40a3fd43999434e2a762a5fd4bc21d46c7a07a7e2ee411382456e.jpg,86ca5ac2a5b40a3fd43999434e2a762a5fd4bc21d46c7a07a7e2ee411382456e,B,1,Leaf rust/1 (315).jpg
images/86f4147086dc4a3a0ee2f5afaaa4bc475bc0813f8fe982702457293adcb93f80.jpg,86f4147086dc4a3a0ee2f5afaaa4bc475bc0813f8fe982702457293adcb93f80,E,0,Miner/1 (12731).jpg
images/8701b0f84a6d40caded215bd3384423e216d80d78daf477cb7fc48c5571392cc.jpg,8701b0f84a6d40caded215bd3384423e216d80d78daf477cb7fc48c5571392cc,C,1,Cerscospora/6 (554).jpg
images/870e14eba0b8af7cbb15ce3a4081f1f21ae93fcd7ca44f09aaa76b3dd4e47283.jpg,870e14eba0b8af7cbb15ce3a4081f1f21ae93fcd7ca44f09aaa76b3dd4e47283,E,0,Miner/1 (14163).jpg
images/87130ac569732827af4bef4fe9d131770be5ea3c794b78bcfe32d398ff24e176.jpg,87130ac569732827af4bef4fe9d131770be5ea3c794b78bcfe32d398ff24e176,D,1,Phoma/2 (542).jpg
images/871c1459bf09e671ebaa6c8c28b26b08a4bb02e6772b3306b50429ec7d120ba1.jpg,871c1459bf09e671ebaa6c8c28b26b08a4bb02e6772b3306b50429ec7d120ba1,E,0,Miner/1 (10219).jpg
images/8721ce5b6650712a7f1f70f22465c45492211c502443db5c33f0ec46058defb4.jpg,8721ce5b6650712a7f1f70f22465c45492211c502443db5c33f0ec46058defb4,C,1,Cerscospora/4 (294).jpg
images/874074c02b6c170d3e6c8fe17b317c7e7720017da4c0c80d9c9a137f8226b7ef.jpg,874074c02b6c170d3e6c8fe17b317c7e7720017da4c0c80d9c9a137f8226b7ef,E,0,Miner/1 (13836).jpg
images/87505c7206c44a7a81f5e82fe4b27612383b14403ab6484899cd386e17ceb0fc.jpg,87505c7206c44a7a81f5e82fe4b27612383b14403ab6484899cd386e17ceb0fc,D,1,Phoma/1 (469).jpg
images/875b87b5656ee69f8af3152f0bd3adb277efc435a3d5e247557c0e7a4e1eeed6.jpg,875b87b5656ee69f8af3152f0bd3adb277efc435a3d5e247557c0e7a4e1eeed6,E,0,Miner/1 (12657).jpg
images/876b73e894b9d92b490b2c178e7934ef6792898afa34bc3b3b8103be1e982681.jpg,876b73e894b9d92b490b2c178e7934ef6792898afa34bc3b3b8103be1e982681,E,0,Miner/1 (15462).jpg
images/87762ac1df7122dea9a65861a070035718c22780b103c22d34769a7dabe65e47.jpg,87762ac1df7122dea9a65861a070035718c22780b103c22d34769a7dabe65e47,B,1,Leaf rust/1 (343).jpg
images/878fcf2a0c981ee15008701dff983718f425012039d22eb0b05399388df1b7ff.jpg,878fcf2a0c981ee15008701dff983718f425012039d22eb0b05399388df1b7ff,B,1,Leaf rust/1 (289).jpg
images/87bbea2f766a994b2ac64b684a2436a1876b296fb31fc1af615fb9e8cffd899b.jpg,87bbea2f766a994b2ac64b684a2436a1876b296fb31fc1af615fb9e8cffd899b,E,0,Miner/1 (13871).jpg
images/87ceb7933ed849f60809f948d406888e5f8105c4284cc72f3cc8317879c8891f.jpg,87ceb7933ed849f60809f948d406888e5f8105c4284cc72f3cc8317879c8891f,D,1,Phoma/4 (481).jpg
images/87d12aa712b3d1d9eb0fb3fed3dcec01a88b84bed98ca84efb6c47d8d4a6f990.jpg,87d12aa712b3d1d9eb0fb3fed3dcec01a88b84bed98ca84efb6c47d8d4a6f990,D,1,Phoma/1 (374).jpg
images/87e6e981a24ea20f4edb0c6f64b95d759861f6472f19c32118c58c46b92e9d94.jpg,87e6e981a24ea20f4edb0c6f64b95d759861f6472f19c32118c58c46b92e9d94,E,0,Miner/1 (13983).jpg
images/87fe99c961551424eafa8ad89c551a4f81c39d660f8591afcb9a69d1d9373760.jpg,87fe99c961551424eafa8ad89c551a4f81c39d660f8591afcb9a69d1d9373760,B,1,Leaf rust/2 (910).jpg
images/8816025c9fb66af764edfc7375f76b1bcade6488349e2a5f62520dd4f6b77326.jpg,8816025c9fb66af764edfc7375f76b1bcade6488349e2a5f62520dd4f6b77326,A,1,Healthy/1 (1321).jpg
images/881a4b8e01f59c16abaf46e57e6abbf01a855cf06633e47bf7d46a8a2fb51d94.jpg,881a4b8e01f59c16abaf46e57e6abbf01a855cf06633e47bf7d46a8a2fb51d94,E,0,Miner/1 (10365).jpg
images/8832c2cdd6ab04c2ea117fb8153eb77473c0e9d2ac31a4b4d2c1af07d9d7c93a.jpg,8832c2cdd6ab04c2ea117fb8153eb77473c0e9d2ac31a4b4d2c1af07d9d7c93a,E,0,Miner/1 (14669).jpg
images/886babbcbf7c999b2d84fa30f835e2cbaca855e6c60ffef35ced63828e579c41.jpg,886babbcbf7c999b2d84fa30f835e2cbaca855e6c60ffef35ced63828e579c41,D,1,Phoma/4 (117).jpg
images/887a2e42da2aea3fdc91a93f08f3e7ddbbe49f0bceba46d51df7f4df56b3d367.jpg,887a2e42da2aea3fdc91a93f08f3e7ddbbe49f0bceba46d51df7f4df56b3d367,E,0,Miner/1 (11116).jpg
images/8890561526435444cad6b0ff271d4c32a6a83bc54d6603279740f1e13d649b3c.jpg,8890561526435444cad6b0ff271d4c32a6a83bc54d6603279740f1e13d649b3c,D,1,Phoma/1 (635).jpg
images/889aeeb4b1d027257e0e62d996fb061a054a97f4376a575d684b727f5b22dda9.jpg,889aeeb4b1d027257e0e62d996fb061a054a97f4376a575d684b727f5b22dda9,E,0,Miner/1 (10533).jpg
images/88a16c20b101b1da5063277743969ee5424c733c16df4e5be46bb68da8bb1500.jpg,88a16c20b101b1da5063277743969ee5424c733c16df4e5be46bb68da8bb1500,B,1,Leaf rust/2 (1015).jpg
images/88ab4e480e558fed1dc9a3977c0ee18d2cfc642331f1661e06bcbbb2c3966398.jpg,88ab4e480e558fed1dc9a3977c0ee18d2cfc642331f1661e06bcbbb2c3966398,E,0,Miner/1 (13979).jpg
images/88b4a106a9c13353e79ba09fffff490e71a8953b3774177126f305d6ad8849a9.jpg,88b4a106a9c13353e79ba09fffff490e71a8953b3774177126f305d6ad8849a9,E,0,Miner/1 (13899).jpg
images/88db36120b2a8fb9b400d13e253d23c5238f6004eaa69dc59ed6cf24c1a0b7da.jpg,88db36120b2a8fb9b400d13e253d23c5238f6004eaa69dc59ed6cf24c1a0b7da,E,0,Miner/1 (10717).jpg
images/88e745b95e9d1d054c98635617d1aab640b6d160b7c050210481be475cf4c95a.jpg,88e745b95e9d1d054c98635617d1aab640b6d160b7c050210481be475cf4c95a,E,0,Miner/1 (14171).jpg
images/88e7d30e9bbae9429e5f349670016180055422572720e2ae41c1b66a6e0879f1.jpg,88e7d30e9bbae9429e5f349670016180055422572720e2ae41c1b66a6e0879f1,E,0,Miner/1 (10095).jpg
images/88ea327620458f4b3f1405d8964665d6316e42cd2f149108e5c0082bf4e3328a.jpg,88ea327620458f4b3f1405d8964665d6316e42cd2f149108e5c0082bf4e3328a,E,0,Miner/1 (13089).jpg
images/89110e00f94734d5020c8780f71277a7283b22b0685640835661e16e2b9cff6d.jpg,89110e00f94734d5020c8780f71277a7283b22b0685640835661e16e2b9cff6d,E,0,Miner/1 (14159).jpg
images/89405f7cb71734e933d233a93641186c2f46d6d5de84dc7089dce3fe9ba0c505.jpg,89405f7cb71734e933d233a93641186c2f46d6d5de84dc7089dce3fe9ba0c505,B,1,Leaf rust/1 (498).jpg
images/894079cffcc392530d781eea9df93f123d0b7b35b6ce29a18aa9a0c6377311e5.jpg,894079cffcc392530d781eea9df93f123d0b7b35b6ce29a18aa9a0c6377311e5,E,0,Miner/1 (10069).jpg
images/89494959230aa22d93c1648c41b778e35a34315b5bd12e633235c098683e770d.jpg,89494959230aa22d93c1648c41b778e35a34315b5bd12e633235c098683e770d,B,1,Leaf rust/1 (332).jpg
images/8959d0a015c2eccdefbfec0d89f420cb2b8b1f80fcf77514ea667e2fc9169446.jpg,8959d0a015c2eccdefbfec0d89f420cb2b8b1f80fcf77514ea667e2fc9169446,D,1,Phoma/1 (523).jpg
images/896834bf6157799fa0eb2b917962560d5009c12321b049cee6547148662aa2ac.jpg,896834bf6157799fa0eb2b917962560d5009c12321b049cee6547148662aa2ac,E,0,Miner/1 (11463).jpg
images/8972f1a3400ec01873adb95779967de6c7182c6556605f196f039bac76c45a8d.jpg,8972f1a3400ec01873adb95779967de6c7182c6556605f196f039bac76c45a8d,E,0,Miner/1 (13248).jpg
images/89757129a466ef2dd6353f85f1d98d3bd050868d9cbe261835ee8867d2d43be3.jpg,89757129a466ef2dd6353f85f1d98d3bd050868d9cbe261835ee8867d2d43be3,B,1,Leaf rust/2 (803).jpg
images/89afa010fa1e0435d9140cf5a8fcdf99f70c979f7521033a7371d0bdd4259b38.jpg,89afa010fa1e0435d9140cf5a8fcdf99f70c979f7521033a7371d0bdd4259b38,E,0,Miner/1 (13414).jpg
images/89c03172a1430c0c90bc4660de3772c60aff11761d21d14fda10a2df27a8ce1b.jpg,89c03172a1430c0c90bc4660de3772c60aff11761d21d14fda10a2df27a8ce1b,E,0,Miner/1 (14959).jpg
images/89ed48c03646dcc320d4dd92bcea49ef384e7d99f6f1e5e67645d78d74568e5d.jpg,89ed48c03646dcc320d4dd92bcea49ef384e7d99f6f1e5e67645d78d74568e5d,D,1,Phoma/3 (940).jpg
images/8a0a74a1de7fc6b237b4a5ff807886b4f17b8d5d09651f1ea93fc3cc8fd0df58.jpg,8a0a74a1de7fc6b237b4a5ff807886b4f17b8d5d09651f1ea93fc3cc8fd0df58,E,0,Miner/1 (12740).jpg
images/8a1745ad77e493ef6fffaef7b1644df2b987625544643c3805ec307d4464e648.jpg,8a1745ad77e493ef6fffaef7b1644df2b987625544643c3805ec307d4464e648,E,0,Miner/1 (10361).jpg
images/8a18156c0f4aec6b9148f2ee9f3677ed25c2e44c65151142a3afb3e8aa831b74.jpg,8a18156c0f4aec6b9148f2ee9f3677ed25c2e44c65151142a3afb3e8aa831b74,E,0,Miner/1 (11719).jpg
images/8a2c5adc7a40ebdf763976c2283c8003e1aaa2136454b6bb6e96f9fdd2518a8a.jpg,8a2c5adc7a40ebdf763976c2283c8003e1aaa2136454b6bb6e96f9fdd2518a8a,C,1,Cerscospora/4 (1047).jpg
images/8a350b56102039ae2bf7700b1669e60008f94054a818fd4724b72c37ac95538e.jpg,8a350b56102039ae2bf7700b1669e60008f94054a818fd4724b72c37ac95538e,B,1,Leaf rust/1 (20).jpg
images/8a5a5fe94407df808d2c9b432ce7768f3d4e99f28ddec71faf3ee614eb5cc0a2.jpg,8a5a5fe94407df808d2c9b432ce7768f3d4e99f28ddec71faf3ee614eb5cc0a2,C,1,Cerscospora/8 (286).jpg
images/8a71134ae9b768bcc3759c0b83012117a4530627c08b34b18c958e08b6f9a176.jpg,8a71134ae9b768bcc3759c0b83012117a4530627c08b34b18c958e08b6f9a176,B,1,Leaf rust/2 (571).jpg
images/8a762b314cd919b423975b00e943f2e4380dc7c876a28990075c6caee95146a6.jpg,8a762b314cd919b423975b00e943f2e4380dc7c876a28990075c6caee95146a6,B,1,Leaf rust/1 (130).jpg
images/8a8e8e537f21f90aab257c752d38c92e728835c05179fae234d6a90cb29d12c9.jpg,8a8e8e537f21f90aab257c752d38c92e728835c05179fae234d6a90cb29d12c9,E,0,Miner/1 (14020).jpg
images/8a9426f2bac0624cd6d0291b5dc74b86fd569dd8a84e8b50a12542dff1210a40.jpg,8a9426f2bac0624cd6d0291b5dc74b86fd569dd8a84e8b50a12542dff1210a40,E,0,Miner/1 (15007).jpg
images/8a94c8b71152206fd34930013d12e2e84a5c9437a39abd64cd46a07011d1b80d.jpg,8a94c8b71152206fd34930013d12e2e84a5c9437a39abd64cd46a07011d1b80d,B,1,Leaf rust/1 (94).jpg
images/8aa22f3515086c76c49810e6532359d6b18b6bc08fcf96fb2d2ec3512489c031.jpg,8aa22f3515086c76c49810e6532359d6b18b6bc08fcf96fb2d2ec3512489c031,B,1,Leaf rust/2 (661).jpg
images/8aa7517f5a0398332fe7cfa91b1de5cc95307e7afd64ee4fe84453ac0a563416.jpg,8aa7517f5a0398332fe7cfa91b1de5cc95307e7afd64ee4fe84453ac0a563416,E,0,Miner/1 (10092).jpg
images/8aae4ab680cd92298a4d3bda56c502722403b6eb6ec1e452070d0b11c5c950fe.jpg,8aae4ab680cd92298a4d3bda56c502722403b6eb6ec1e452070d0b11c5c950fe,D,1,Phoma/4 (921).jpg
images/8ad722313b3dae5f03894acb7116899cc041b8834cc2ace8e6e25718acde45aa.jpg,8ad722313b3dae5f03894acb7116899cc041b8834cc2ace8e6e25718acde45aa,C,1,Cerscospora/6 (484).jpg
images/8ade7077010542b0404f272096d1c944e2f269c7cb9838fbd3b427126d0ac666.jpg,8ade7077010542b0404f272096d1c944e2f269c7cb9838fbd3b427126d0ac666,D,1,Phoma/2 (107).jpg
images/8af5f152dd93b3076e765e6bd8ec401df32f4fa9e9d394cde090b76a04cab3f6.jpg,8af5f152dd93b3076e765e6bd8ec401df32f4fa9e9d394cde090b76a04cab3f6,E,0,Miner/1 (13891).jpg
images/8aff9eed5e79f1742a049ea3d6f9e9a01afd19f8751ef3d06af2f495bba777b7.jpg,8aff9eed5e79f1742a049ea3d6f9e9a01afd19f8751ef3d06af2f495bba777b7,D,1,Phoma/3 (1715).jpg
images/8b00cafc67a316585cd4e72a06cb4f25084b0e5a90a7c8213652ad5fca93a3aa.jpg,8b00cafc67a316585cd4e72a06cb4f25084b0e5a90a7c8213652ad5fca93a3aa,E,0,Miner/1 (13088).jpg
images/8b0fd969866e116206c5772c5bed034381841a172dfc697cceedf96571b5ef67.jpg,8b0fd969866e116206c5772c5bed034381841a172dfc697cceedf96571b5ef67,D,1,Phoma/1 (101).jpg
images/8b12d79c117724ff75c92fc994a64456595ec3c9393411c36a5600c5d6b2ff73.jpg,8b12d79c117724ff75c92fc994a64456595ec3c9393411c36a5600c5d6b2ff73,B,1,Leaf rust/1 (125).jpg
images/8b15bf402da82200feb61b1adc99cb6cd082522762f56dea98ab479c63caeaaf.jpg,8b15bf402da82200feb61b1adc99cb6cd082522762f56dea98ab479c63caeaaf,E,0,Miner/1 (13820).jpg
images/8b8cba74ac5d7e77ebb2f21c22a1fbc43c0600e75a3339df48ea49ca194715a4.jpg,8b8cba74ac5d7e77ebb2f21c22a1fbc43c0600e75a3339df48ea49ca194715a4,D,1,Phoma/3 (1341).jpg
images/8ba083de2f97def23112d82cd4921a878de3a58a9c975784c6670b59d1aaddec.jpg,8ba083de2f97def23112d82cd4921a878de3a58a9c975784c6670b59d1aaddec,E,0,Miner/1 (10341).jpg
images/8bcc9609b4ea89120ef8dca1222dbcd4b8ccb272da4c601bcb23150fbff1c5e1.jpg,8bcc9609b4ea89120ef8dca1222dbcd4b8ccb272da4c601bcb23150fbff1c5e1,D,1,Phoma/3 (1191).jpg
images/8bea6f9e05a6f86986bfa1e2f44b00ee129569a65f35866d24ddb833388fa2c6.jpg,8bea6f9e05a6f86986bfa1e2f44b00ee129569a65f35866d24ddb833388fa2c6,B,1,Leaf rust/2 (859).jpg
images/8beb3fe2407863569962ca1195a6c1031c69d406f79b14d92c2f6ec3c442d21e.jpg,8beb3fe2407863569962ca1195a6c1031c69d406f79b14d92c2f6ec3c442d21e,E,0,Miner/1 (12882).jpg
images/8c0490791078f2e0f80b3b649b5d2180cbf9db25276abd278590d526aa9ccf5b.jpg,8c0490791078f2e0f80b3b649b5d2180cbf9db25276abd278590d526aa9ccf5b,D,1,Phoma/2 (564).jpg
images/8c157070403fbf0389e4af4e823416756517e1576708a28930af36f9c8d99453.jpg,8c157070403fbf0389e4af4e823416756517e1576708a28930af36f9c8d99453,B,1,Leaf rust/1 (509).jpg
images/8c19ced8a5323c5a886593954f5d5f01066e93df7c4b5beeab03d82490f26ac9.jpg,8c19ced8a5323c5a886593954f5d5f01066e93df7c4b5beeab03d82490f26ac9,B,1,Leaf rust/1 (124).jpg
images/8c2adf3542e0554f95d440d6974a2de1ae65f930c83c228b545b5f789d21c938.jpg,8c2adf3542e0554f95d440d6974a2de1ae65f930c83c228b545b5f789d21c938,B,1,Leaf rust/2 (578).jpg
images/8c55309937fe5c9fa57e694b5b4a4330ac219e734ddbff009d32ac83682eae9d.jpg,8c55309937fe5c9fa57e694b5b4a4330ac219e734ddbff009d32ac83682eae9d,E,0,Miner/1 (12002).jpg
images/8c62c87e551e8b1901751f9dee79c10ebf8d06ce417578c2fb1ee279d2865773.jpg,8c62c87e551e8b1901751f9dee79c10ebf8d06ce417578c2fb1ee279d2865773,D,1,Phoma/2 (283).jpg
images/8c8894e8b04ceb42df97017bca4537549c3494f4b070436f569f0ddc9ef9317c.jpg,8c8894e8b04ceb42df97017bca4537549c3494f4b070436f569f0ddc9ef9317c,C,1,Cerscospora/6 (858).jpg
images/8c8eae5a5f32ae2f6947691f6c8ac56546251648e03c6b8808e57e61196be726.jpg,8c8eae5a5f32ae2f6947691f6c8ac56546251648e03c6b8808e57e61196be726,D,1,Phoma/1 (220).jpg
images/8ca00298201b9dcd9714c89ca203ad68a4d46d14ae3fa5b9b6863a471228485a.jpg,8ca00298201b9dcd9714c89ca203ad68a4d46d14ae3fa5b9b6863a471228485a,C,1,Cerscospora/8 (334).jpg
images/8ca1f18f785e15038b5fa0ec3effdc1412f2e691cd85815da0b94197518ef907.jpg,8ca1f18f785e15038b5fa0ec3effdc1412f2e691cd85815da0b94197518ef907,E,0,Miner/1 (1072).jpg
images/8ca37a4faefbb5666f55baedb0a8511bb3b53a46801f83d35cce45db9ab17f5b.jpg,8ca37a4faefbb5666f55baedb0a8511bb3b53a46801f83d35cce45db9ab17f5b,E,0,Miner/1 (12855).jpg
images/8cb3dc869998e1632e029ad7bc297e6c48bce95ded21dbdc5c1fba26954b73e5.jpg,8cb3dc869998e1632e029ad7bc297e6c48bce95ded21dbdc5c1fba26954b73e5,E,0,Miner/1 (12667).jpg
images/8cc90a591df4fd7e5482c290b92d07ed830abd934c989b94f240b3925e0f6bda.jpg,8cc90a591df4fd7e5482c290b92d07ed830abd934c989b94f240b3925e0f6bda,B,1,Leaf rust/1 (420).jpg
images/8cd27f1c7a32a75d6527047a952ac09afcc248807601cbd453b8f91e2f5b25c9.jpg,8cd27f1c7a32a75d6527047a952ac09afcc248807601cbd453b8f91e2f5b25c9,E,0,Miner/1 (14162).jpg
images/8cdb032e54136a9d67b584fd38537817fa28c02048f298a295f1d6f7842f1d9f.jpg,8cdb032e54136a9d67b584fd38537817fa28c02048f298a295f1d6f7842f1d9f,C,1,Cerscospora/4 (10).jpg
images/8d0806b2c45fdcd03654d82fecaac365d138b5cc1baadbf515ccfc953cca24b8.jpg,8d0806b2c45fdcd03654d82fecaac365d138b5cc1baadbf515ccfc953cca24b8,B,1,Leaf rust/1 (156).jpg
images/8d1a2b668bb1e61e56fad13c2a21046e73cdbc7c9f6f6a76c06a2ca7bd4b967f.jpg,8d1a2b668bb1e61e56fad13c2a21046e73cdbc7c9f6f6a76c06a2ca7bd4b967f,B,1,Leaf rust/1 (66).jpg
images/8d414ccaa05ae8e8bd0e870964db2819c3c40bd15440c7684b089f423857f64a.jpg,8d414ccaa05ae8e8bd0e870964db2819c3c40bd15440c7684b089f423857f64a,E,0,Miner/1 (14046).jpg
images/8d4aebed6413abd6d9017a6c6a18b2a1a2c46828c1eadb5a646bc1ceb7e6682f.jpg,8d4aebed6413abd6d9017a6c6a18b2a1a2c46828c1eadb5a646bc1ceb7e6682f,E,0,Miner/1 (11869).jpg
images/8d53fc2e9622cc0d42d53fa2993718c61215efc7b59d6bcf98abc1457152d3da.jpg,8d53fc2e9622cc0d42d53fa2993718c61215efc7b59d6bcf98abc1457152d3da,E,0,Miner/1 (10409).jpg
images/8d5f7eb141130cfec88ed9d3d6380b880508bac5acf834c745da57b935d25208.jpg,8d5f7eb141130cfec88ed9d3d6380b880508bac5acf834c745da57b935d25208,E,0,Miner/1 (10016).jpg
images/8d63024948c47cc1df3d4320c352f0d0d56625949df09f9485dae927c325bc0b.jpg,8d63024948c47cc1df3d4320c352f0d0d56625949df09f9485dae927c325bc0b,C,1,Cerscospora/7 (216).jpg
images/8d69c06131ad7fe8d3652cb83a85886e00338d33375d2b3a83d2bce73b672edc.jpg,8d69c06131ad7fe8d3652cb83a85886e00338d33375d2b3a83d2bce73b672edc,E,0,Miner/1 (13640).jpg
images/8d73e94c4a8f0fc585203d8faed581cfdc23154bf732a89650ce2b0c93b02d6f.jpg,8d73e94c4a8f0fc585203d8faed581cfdc23154bf732a89650ce2b0c93b02d6f,E,0,Miner/1 (12101).jpg
images/8d78698e05270fc1352054d3fce59fd9d97c73f2befce483a0865e6e58bb4cdb.jpg,8d78698e05270fc1352054d3fce59fd9d97c73f2befce483a0865e6e58bb4cdb,B,1,Leaf rust/1 (43).jpg
images/8d7994b19f900b6dacbe6981b5c7c08a5f85ae3524e564c5cbc783b68fedf8ac.jpg,8d7994b19f900b6dacbe6981b5c7c08a5f85ae3524e564c5cbc783b68fedf8ac,C,1,Cerscospora/6 (176).jpg
images/8db52ff626a26f8c4b9c7db746d9a91405df73daf067d6d6e118275c47a65510.jpg,8db52ff626a26f8c4b9c7db746d9a91405df73daf067d6d6e118275c47a65510,C,1,Cerscospora/6 (857).jpg
images/8dcf1c40b5426f9e5ec35d4fdf56fc31fd5281c568ee1a1104c8285e1df29f0c.jpg,8dcf1c40b5426f9e5ec35d4fdf56fc31fd5281c568ee1a1104c8285e1df29f0c,E,0,Miner/1 (11916).jpg
images/8dd36d394f48c59eaa3dd00464ce6f0f2b3e9a868d764483f082c9a91912c3b1.jpg,8dd36d394f48c59eaa3dd00464ce6f0f2b3e9a868d764483f082c9a91912c3b1,E,0,Miner/1 (11901).jpg
images/8dd80309e2dbbe801e238197b4966df8f82f04ee369615e742e9d478697ca574.jpg,8dd80309e2dbbe801e238197b4966df8f82f04ee369615e742e9d478697ca574,E,0,Miner/1 (14917).jpg
images/8e057cfec958cbfd1b7240376e9613889c9b3202b702ab6e521b73df0b952b55.jpg,8e057cfec958cbfd1b7240376e9613889c9b3202b702ab6e521b73df0b952b55,E,0,Miner/1 (11285).jpg
images/8e2376e14b7969ad676f5abd348e8be652e257d1f92554989c6e1b3bf52f446e.jpg,8e2376e14b7969ad676f5abd348e8be652e257d1f92554989c6e1b3bf52f446e,E,0,Miner/1 (12865).jpg
images/8e3ae8a019cc987dc63d497ea735c1b1bec4a18d951a199f359c0ade6fb3f1e0.jpg,8e3ae8a019cc987dc63d497ea735c1b1bec4a18d951a199f359c0ade6fb3f1e0,E,0,Miner/1 (15249).jpg
images/8e88a791d8122757dd4779aef700fb72612c26f7b7ba28ed094f519596767c51.jpg,8e88a791d8122757dd4779aef700fb72612c26f7b7ba28ed094f519596767c51,E,0,Miner/1 (13687).jpg
images/8eb0b69ec74c982a0288959108a155d9329380f9a29b9593a7f8dbf953db33bb.jpg,8eb0b69ec74c982a0288959108a155d9329380f9a29b9593a7f8dbf953db33bb,B,1,Leaf rust/2 (821).jpg
images/8eb5feeb3e4bb9bcdb1beeff088673a636e8aef7d7805ff884a2c61a4532add0.jpg,8eb5feeb3e4bb9bcdb1beeff088673a636e8aef7d7805ff884a2c61a4532add0,C,1,Cerscospora/4 (1000).jpg
images/8ec01df454f2141cfbb00e9792222337af5d0ac572745c8c17c6329c3f8edf40.jpg,8ec01df454f2141cfbb00e9792222337af5d0ac572745c8c17c6329c3f8edf40,B,1,Leaf rust/2 (797).jpg
images/8ed199d668dcbb15c7d09eb587ef081382350b82a6dbf2c3b7580c0040db9186.jpg,8ed199d668dcbb15c7d09eb587ef081382350b82a6dbf2c3b7580c0040db9186,B,1,Leaf rust/2 (956).jpg
images/8efb67adec2f960859969645c95ce4edd3d0413ec791c375071f934bf0449fd3.jpg,8efb67adec2f960859969645c95ce4edd3d0413ec791c375071f934bf0449fd3,C,1,Cerscospora/8 (136).jpg
images/8f0550310c17e93db70d3ce547ca3ba24258d6a1b0094c4af2b62a42de902a5d.jpg,8f0550310c17e93db70d3ce547ca3ba24258d6a1b0094c4af2b62a42de902a5d,E,0,Miner/1 (11114).jpg
images/8f108a4cc2e6af85c0db854e09f8c0296506a2462d9b8ba8d6b8a1e6398096d4.jpg,8f108a4cc2e6af85c0db854e09f8c0296506a2462d9b8ba8d6b8a1e6398096d4,E,0,Miner/1 (13868).jpg
images/8f10b62e971e24747cf25c2b7c3525f5b946b47810a59eeebd6268cf7ddd8f92.jpg,8f10b62e971e24747cf25c2b7c3525f5b946b47810a59eeebd6268cf7ddd8f92,B,1,Leaf rust/2 (18).jpeg
images/8f10e5f012a53b0743ebb228d45e0d682729a586c8d3b9331a9e5d3a9838341a.jpg,8f10e5f012a53b0743ebb228d45e0d682729a586c8d3b9331a9e5d3a9838341a,D,1,Phoma/4 (327).jpg
images/8f2b4ac9b30d26dea897f3b5eeeba7e413010bdd36e5cb71b91246b62f6914a5.jpg,8f2b4ac9b30d26dea897f3b5eeeba7e413010bdd36e5cb71b91246b62f6914a5,D,1,Phoma/3 (1005).jpg
images/8f2c1f22142ce65cb8ce52aaa6eed9efb9a2a2b0f687f4ec04d1aab914562020.jpg,8f2c1f22142ce65cb8ce52aaa6eed9efb9a2a2b0f687f4ec04d1aab914562020,E,0,Miner/1 (12524).jpg
images/8f4967e3bb220c1b0dbd9a2d859645717a5a27eb440c1a000450ae9fcd964b3e.jpg,8f4967e3bb220c1b0dbd9a2d859645717a5a27eb440c1a000450ae9fcd964b3e,E,0,Miner/1 (14656).jpg
images/8f8bb368df2028bf8fcbcf9223db6adbe71a88759c8aeaa895d42dfdcc50b1a1.jpg,8f8bb368df2028bf8fcbcf9223db6adbe71a88759c8aeaa895d42dfdcc50b1a1,B,0,Leaf rust/1 (172).jpg
images/8fa57b8d51209967e5931ad36449540322056d4e53e9e83a805d7d7061ab4865.jpg,8fa57b8d51209967e5931ad36449540322056d4e53e9e83a805d7d7061ab4865,B,0,Leaf rust/2 (727).jpg
images/8fc6cdaba4bcb15f60b8b813bc40295e3e19dd9bed83798ecc865cbe5d3d9f88.jpg,8fc6cdaba4bcb15f60b8b813bc40295e3e19dd9bed83798ecc865cbe5d3d9f88,E,0,Miner/1 (10377).jpg
images/8fc75d7c1c58c8df424acbcd92778a202ecf62ff94adc73b2ff2bb31c6593071.jpg,8fc75d7c1c58c8df424acbcd92778a202ecf62ff94adc73b2ff2bb31c6593071,C,1,Cerscospora/7 (867).jpg
images/8fca9a5e71891ef3ee4aad0964ae8a1368b7186fff22c571e5c28eb9cc47d370.jpg,8fca9a5e71891ef3ee4aad0964ae8a1368b7186fff22c571e5c28eb9cc47d370,E,0,Miner/1 (10749).jpg
images/8fe057be181feeac0b092e46127fd878ada372e5ed78cec2a0561de7183c99a9.jpg,8fe057be181feeac0b092e46127fd878ada372e5ed78cec2a0561de7183c99a9,D,1,Phoma/2 (470).jpg
images/8ff16987eaa5425870bc19a29a7787c0bbb119038006329770242859a0acdab8.jpg,8ff16987eaa5425870bc19a29a7787c0bbb119038006329770242859a0acdab8,E,0,Miner/1 (14648).jpg
images/8ff3c2b9ac82b9639dca4c0997f46d853d83632d3bc6ff4acb79ed51b17ce8e1.jpg,8ff3c2b9ac82b9639dca4c0997f46d853d83632d3bc6ff4acb79ed51b17ce8e1,E,0,Miner/1 (11900).jpg
images/901369ad626590be9c6e7ba319ae9a329a2243de7b6f02ed4eb071a0737e18a8.jpg,901369ad626590be9c6e7ba319ae9a329a2243de7b6f02ed4eb071a0737e18a8,E,0,Miner/1 (14672).jpg
images/9023857389e0e944a19310251a3797c68533211d1628750f75df7b5dcbd98585.jpg,9023857389e0e944a19310251a3797c68533211d1628750f75df7b5dcbd98585,E,0,Miner/1 (14984).jpg
images/903343338cef0648e82653c6011a83f73da23ab4f8dc0a52c5d0238c9810e14b.jpg,903343338cef0648e82653c6011a83f73da23ab4f8dc0a52c5d0238c9810e14b,D,1,Phoma/6 (868).jpg
images/903c6e1372018f55ad00ce3fddd5539ab515f18fde7af4d52af979340fd2a200.jpg,903c6e1372018f55ad00ce3fddd5539ab515f18fde7af4d52af979340fd2a200,D,1,Phoma/4 (101).jpg
images/903c74e8d69fedc19dfe44ab6678f3b010ca82b0c6405c2df2c31afa38757a5c.jpg,903c74e8d69fedc19dfe44ab6678f3b010ca82b0c6405c2df2c31afa38757a5c,B,0,Leaf rust/1 (462).jpg
images/90655d92e0a179e9022b0c3a61089740568e82ac914d54a15fedb38488c414e6.jpg,90655d92e0a179e9022b0c3a61089740568e82ac914d54a15fedb38488c414e6,D,1,Phoma/3 (1090).jpg
images/906c94e91196bf66b4fd05bb9b7c9bdcd0dbd0e81226d5e4844f90199e131b0a.jpg,906c94e91196bf66b4fd05bb9b7c9bdcd0dbd0e81226d5e4844f90199e131b0a,B,0,Leaf rust/059eaf863cca.jpeg
images/907552e411c201d0aebe86e75d6f7bd9f4c70eedfe66d84ce49d38036da9963c.jpg,907552e411c201d0aebe86e75d6f7bd9f4c70eedfe66d84ce49d38036da9963c,E,0,Miner/1 (13557).jpg
images/9079532ba018a0939ffcd680985c87bf94e6f641734357505a7d5c6576685d24.jpg,9079532ba018a0939ffcd680985c87bf94e6f641734357505a7d5c6576685d24,B,0,Leaf rust/2 (995).jpg
images/90e7b0dda086e577f88203c5a59f35187976cc987b2f33161ef6df89afb29f8d.jpg,90e7b0dda086e577f88203c5a59f35187976cc987b2f33161ef6df89afb29f8d,E,0,Miner/1 (13758).jpg
images/90f36807a80cf3a4626f11264524ddea475509cb340d891d90e9882e32a4fbd2.jpg,90f36807a80cf3a4626f11264524ddea475509cb340d891d90e9882e32a4fbd2,B,0,Leaf rust/2 (669).jpg
images/9107acf2a1ed6c7a399757f8e6000c5c268ff5a26452f30ee5b3e2c9a1461d19.jpg,9107acf2a1ed6c7a399757f8e6000c5c268ff5a26452f30ee5b3e2c9a1461d19,E,0,Miner/1 (14248).jpg
images/9123f62c431f6370b33e87ac5a2b4b913e939d47bbafc0e15fcdd6d5c13b75b9.jpg,9123f62c431f6370b33e87ac5a2b4b913e939d47bbafc0e15fcdd6d5c13b75b9,D,1,Phoma/4 (220).jpg
images/91372a863b287b16e7c1aa6b526a1abff13d953cfc5472e276a689b06912d634.jpg,91372a863b287b16e7c1aa6b526a1abff13d953cfc5472e276a689b06912d634,E,0,Miner/1 (13403).jpg
images/919f0ff59c8565523f2eca7411da59ca31527e1984f8edaaed107f188339b4fd.jpg,919f0ff59c8565523f2eca7411da59ca31527e1984f8edaaed107f188339b4fd,E,0,Miner/1 (11871).jpg
images/920639984a6cc22827b1d60ad898f0ba34d3ea6f226b23426542450f84469e98.jpg,920639984a6cc22827b1d60ad898f0ba34d3ea6f226b23426542450f84469e98,C,1,Cerscospora/6 (775).jpg
images/925584f6446be7b3d5227f3394a6f9a9d834dbbbc60b69b84295911d23aacc74.jpg,925584f6446be7b3d5227f3394a6f9a9d834dbbbc60b69b84295911d23aacc74,C,1,Cerscospora/6 (672).jpg
images/927ba8da6011e5070d0f40b04c6942828c5b294871e71da78b772bd3d6dcd614.jpg,927ba8da6011e5070d0f40b04c6942828c5b294871e71da78b772bd3d6dcd614,C,1,Cerscospora/7 (814).jpg
images/927e8ce6e314f747eaecdfb67708c3f194d0829829d3ef7f7773dd8888b41f05.jpg,927e8ce6e314f747eaecdfb67708c3f194d0829829d3ef7f7773dd8888b41f05,E,0,Miner/1 (10397).jpg
images/9280f42c6d1772ee9473e2329243bbc96ee256cf75a84c733acde8e4fa8b72cd.jpg,9280f42c6d1772ee9473e2329243bbc96ee256cf75a84c733acde8e4fa8b72cd,E,0,Miner/1 (10264).jpg
images/92a4efc89d93a0f57ed8bb95361904dfb8d22b1484d3989622c55e9655b1d828.jpg,92a4efc89d93a0f57ed8bb95361904dfb8d22b1484d3989622c55e9655b1d828,B,0,Leaf rust/1 (96).jpg
images/92abbadb659dfd82327c4e407766d959b9e46b36fb079586bc9014f1f6826bae.jpg,92abbadb659dfd82327c4e407766d959b9e46b36fb079586bc9014f1f6826bae,D,1,Phoma/2 (219).jpg
images/92b56fa37594afda198b05abe3c14ea2b555a49c80f947bcd6e8bd01d4a06c47.jpg,92b56fa37594afda198b05abe3c14ea2b555a49c80f947bcd6e8bd01d4a06c47,E,0,Miner/1 (13246).jpg
images/92c40a5a4ef8b21d6a2f20a1880ae51c39f9bf7ebc82bdf8799894eb926bddb3.jpg,92c40a5a4ef8b21d6a2f20a1880ae51c39f9bf7ebc82bdf8799894eb926bddb3,B,0,Leaf rust/1 (367).jpg
images/92cdfc7d35aaa7152d1231e8cd5fc08345ca0aa2aba46ce2bb1ca66a46c1ecd0.jpg,92cdfc7d35aaa7152d1231e8cd5fc08345ca0aa2aba46ce2bb1ca66a46c1ecd0,E,0,Miner/1 (12877).jpg
images/92e3af105ece2e3e8b078a3784cfed46dac02bf5597e550d0e651e7d9f5eb902.jpg,92e3af105ece2e3e8b078a3784cfed46dac02bf5597e550d0e651e7d9f5eb902,E,0,Miner/1 (10399).jpg
images/92e4574b86392d9aed34e3e98dcc4e4e6dabdf5fddf123c47460ae011f5c2f75.jpg,92e4574b86392d9aed34e3e98dcc4e4e6dabdf5fddf123c47460ae011f5c2f75,D,1,Phoma/1 (229).jpg
images/930878651b04e608576289466ba2f558e682fb17677b6091f112d1d9a892c654.jpg,930878651b04e608576289466ba2f558e682fb17677b6091f112d1d9a892c654,E,0,Miner/1 (10541).jpg
images/932131d077928930a3e8646b5e7ddabce0881c98db046bb10342e2554884b6e2.jpg,932131d077928930a3e8646b5e7ddabce0881c98db046bb10342e2554884b6e2,B,0,Leaf rust/1 (464).jpg
images/934206c2b0c0843ebfc13f9107a9e468f9f0067fb728481d28063cdf434fbbf6.jpg,934206c2b0c0843ebfc13f9107a9e468f9f0067fb728481d28063cdf434fbbf6,C,1,Cerscospora/8 (215).jpg
images/934314c3c58c21ece18b055b91232c2e60c3de8d8f2eb1be0e0509743f22886b.jpg,934314c3c58c21ece18b055b91232c2e60c3de8d8f2eb1be0e0509743f22886b,E,0,Miner/1 (15624).jpg
images/9358252ae37c0bed6bbf86327169265c0cd4a813cecba085ca3fbf4752f56320.jpg,9358252ae37c0bed6bbf86327169265c0cd4a813cecba085ca3fbf4752f56320,E,0,Miner/1 (14340).jpg
images/935ba815d52153894b568e2255a391e0181be08f6d528e316f40e0972206a75f.jpg,935ba815d52153894b568e2255a391e0181be08f6d528e316f40e0972206a75f,E,0,Miner/1 (11521).jpg
images/935e724398681b02c37fbae11f54dbb48264b1cea2e689a36bdf3b03f8603a32.jpg,935e724398681b02c37fbae11f54dbb48264b1cea2e689a36bdf3b03f8603a32,B,0,Leaf rust/1 (490).jpg
images/93782a9738fbf85f70dad990936defb8b5a9fa21b6b6f927122c68b0a7f55f68.jpg,93782a9738fbf85f70dad990936defb8b5a9fa21b6b6f927122c68b0a7f55f68,B,0,Leaf rust/1 (116).jpg
images/93815b438eb22316b7b7c24a910f22cd71c471fd07b4b99b8a8c246bf18513a4.jpg,93815b438eb22316b7b7c24a910f22cd71c471fd07b4b99b8a8c246bf18513a4,E,0,Miner/1 (13494).jpg
images/938bffcd3c3662a5c767cb002e46262f8b931d5f7843f4cf5f3a1c62d9a43e34.jpg,938bffcd3c3662a5c767cb002e46262f8b931d5f7843f4cf5f3a1c62d9a43e34,B,0,Leaf rust/1 (355).jpg
images/939d1b2f6c8471437358337fa43eef90ea01f5ee401344ba4d3be6067dcaf18b.jpg,939d1b2f6c8471437358337fa43eef90ea01f5ee401344ba4d3be6067dcaf18b,E,0,Miner/1 (14654).jpg
images/93a30118ea0f4bafe85a6965e3c150bea1738cd2ca13f024aafff49b4dc1eb48.jpg,93a30118ea0f4bafe85a6965e3c150bea1738cd2ca13f024aafff49b4dc1eb48,E,0,Miner/1 (14713).jpg
images/93a4192f1e0533f5ecf9dca7f1f707cc6de4ea40dd4a8c0c5ff226250eb4aeb0.jpg,93a4192f1e0533f5ecf9dca7f1f707cc6de4ea40dd4a8c0c5ff226250eb4aeb0,B,0,Leaf rust/1 (468).jpg
images/93c36479accfd9018dddda6f49dedaaa702788f30c9d3618778ce57e3ba99e57.jpg,93c36479accfd9018dddda6f49dedaaa702788f30c9d3618778ce57e3ba99e57,B,0,Leaf rust/2 (851).jpg
images/93c8c239e674110350a7845e07e64c9e2ba9a092ce243c50f3d09da4541b06b7.jpg,93c8c239e674110350a7845e07e64c9e2ba9a092ce243c50f3d09da4541b06b7,E,0,Miner/1 (15369).jpg
images/93d64eee15a3e302d627c2013cb8eaf4e29184399e7f473fee977a73d7f9f1b9.jpg,93d64eee15a3e302d627c2013cb8eaf4e29184399e7f473fee977a73d7f9f1b9,E,0,Miner/1 (14657).jpg
images/93f2f2c3cf7af6f51f94228f3dc1fbfd03c941762e5ee7498c309af01e45af0d.jpg,93f2f2c3cf7af6f51f94228f3dc1fbfd03c941762e5ee7498c309af01e45af0d,B,0,Leaf rust/2 (1002).jpg
images/940f94d7f602d21a6c5adc72043992cce7f187c1c721e994aa21e2be87bdf179.jpg,940f94d7f602d21a6c5adc72043992cce7f187c1c721e994aa21e2be87bdf179,E,0,Miner/1 (10965).jpg
images/9415a8ce2c870dcdc5522c77ed773864276de9ef997516d7909113dab837ac5b.jpg,9415a8ce2c870dcdc5522c77ed773864276de9ef997516d7909113dab837ac5b,E,0,Miner/1 (14647).jpg
images/941654b8effdd4b6fadfcb60a68f7eeb02d3b048f7d391f8f87c861944792619.jpg,941654b8effdd4b6fadfcb60a68f7eeb02d3b048f7d391f8f87c861944792619,E,0,Miner/1 (13990).jpg
images/9416e9759a40ff02d696564e87c6de37dbf2625ad70ddfa87cd480cfb21942ea.jpg,9416e9759a40ff02d696564e87c6de37dbf2625ad70ddfa87cd480cfb21942ea,E,0,Miner/1 (15703).jpg
images/9423872f6eb2b3885449c963fb33f044cf997fe95fa3dacaad44766d4b3d3018.jpg,9423872f6eb2b3885449c963fb33f044cf997fe95fa3dacaad44766d4b3d3018,B,0,Leaf rust/1 (54).jpg
images/942a353f4eccca42dd68ccff29562421a664fa6c94dcce9f90cbfd4cb0a64130.jpg,942a353f4eccca42dd68ccff29562421a664fa6c94dcce9f90cbfd4cb0a64130,E,0,Miner/1 (13946).jpg
images/94381738e63a3809854671c0017a72a49aa18daad4bad69247cb34312def16b0.jpg,94381738e63a3809854671c0017a72a49aa18daad4bad69247cb34312def16b0,C,1,Cerscospora/4 (121).jpg
images/94557bcbe7aea25f92bbcc1e4601dcb3ec9d42da38d65385dbff45d2812e9d01.jpg,94557bcbe7aea25f92bbcc1e4601dcb3ec9d42da38d65385dbff45d2812e9d01,B,0,Leaf rust/1 (157).jpg
images/946fd3ee5937cc8bb592989925b12bf1c678226b08ace71a9be3cdbd596476c0.jpg,946fd3ee5937cc8bb592989925b12bf1c678226b08ace71a9be3cdbd596476c0,E,0,Miner/1 (10716).jpg
images/94945e2a21799a49313723e674874c581294d462d964d1b3eab3663030a5e16f.jpg,94945e2a21799a49313723e674874c581294d462d964d1b3eab3663030a5e16f,E,0,Miner/1 (10138).jpg
images/94ea47d4814ed854bf54426b7f12f6c716223a089c1d3527d4d90162c3931f95.jpg,94ea47d4814ed854bf54426b7f12f6c716223a089c1d3527d4d90162c3931f95,E,0,Miner/1 (15203).jpg
images/94f01672df41dc0062b3934268a136ca6168c775434c8a5e91a0c17188aa43d8.jpg,94f01672df41dc0062b3934268a136ca6168c775434c8a5e91a0c17188aa43d8,B,0,Leaf rust/2 (805).jpg
images/94fe07c620e59776d2804170cb15fa5b7056d4d175656b202434e93565d072d7.jpg,94fe07c620e59776d2804170cb15fa5b7056d4d175656b202434e93565d072d7,D,1,Phoma/1 (259).jpg
images/95260fc5fd173e653c50991e19d41bba58a5363a40c5e6d174f89a3304d04c19.jpg,95260fc5fd173e653c50991e19d41bba58a5363a40c5e6d174f89a3304d04c19,E,0,Miner/1 (15343).jpg
images/9541b8816e7ffc6564b3656a34c7365133edc94a559cd4479445849c48148e8e.jpg,9541b8816e7ffc6564b3656a34c7365133edc94a559cd4479445849c48148e8e,D,1,Phoma/4 (354).jpg
images/9542799d94c3c0b94afde2b2458db132eb938e411ade194e81aa4a53eaca8f2b.jpg,9542799d94c3c0b94afde2b2458db132eb938e411ade194e81aa4a53eaca8f2b,B,0,Leaf rust/1 (75).jpg
images/954eed86adcb57cd8383104ae86f12c6069e523a5f32cc95a2d0ecbe1c8a5ff7.jpg,954eed86adcb57cd8383104ae86f12c6069e523a5f32cc95a2d0ecbe1c8a5ff7,B,0,Leaf rust/2 (798).jpg
images/955a47057057fe4b1bdc81ab4ead801757f06af379ac71d8656e4e583ca37049.jpg,955a47057057fe4b1bdc81ab4ead801757f06af379ac71d8656e4e583ca37049,E,0,Miner/1 (11974).jpg
images/95710612e593039951067360d7eb9dfb0e05bea787571dd21b09cd23c7fe2674.jpg,95710612e593039951067360d7eb9dfb0e05bea787571dd21b09cd23c7fe2674,D,1,Phoma/2 (635).jpg
images/95a143b6e5040e6a4325da199386cc16e279921ab72fb7a33ba8b30351f05c83.jpg,95a143b6e5040e6a4325da199386cc16e279921ab72fb7a33ba8b30351f05c83,E,0,Miner/1 (11439).jpg
images/95a570232df702e2f6c9767de92fbb3c9579f84dad7cfb76d73e8fd0ebcf7d37.jpg,95a570232df702e2f6c9767de92fbb3c9579f84dad7cfb76d73e8fd0ebcf7d37,C,1,Cerscospora/7 (794).jpg
images/95a6648be861b599c375046fa859e3014cb83e51b6ab774a27f4f2032c380d77.jpg,95a6648be861b599c375046fa859e3014cb83e51b6ab774a27f4f2032c380d77,E,0,Miner/1 (12097).jpg
images/95aa45fc176ba7f9ecda1b4ab62173e3f0470cc9c19b17026936ce415538ce60.jpg,95aa45fc176ba7f9ecda1b4ab62173e3f0470cc9c19b17026936ce415538ce60,D,1,Phoma/2 (295).jpg
images/95e08eaf1b7d5d79d0fa5173331cf7a4ac91aeb62fdcd3af6b8f6f08a9305bed.jpg,95e08eaf1b7d5d79d0fa5173331cf7a4ac91aeb62fdcd3af6b8f6f08a9305bed,B,0,Leaf rust/2 (852).jpg
images/95ef0b9670e139a6a7548ccf752100f73cc7b3d66a279e92cd62ad5393ee49a8.jpg,95ef0b9670e139a6a7548ccf752100f73cc7b3d66a279e92cd62ad5393ee49a8,E,0,Miner/1 (10194).jpg
images/95f5015ad44e5e629b7abd8be1010dc1840805b52eaed8122c5df9ec84b83bc7.jpg,95f5015ad44e5e629b7abd8be1010dc1840805b52eaed8122c5df9ec84b83bc7,E,0,Miner/1 (10748).jpg
images/95f8e48a723ff981522525b6f8a25feb7923c13d68a3d66241b367b6f7282ea1.jpg,95f8e48a723ff981522525b6f8a25feb7923c13d68a3d66241b367b6f7282ea1,D,1,Phoma/3 (915).jpg
images/95fa6ca1f5f787f7c493ca7d02b7871deae24531a63fe52f0fc6a84eaadb3676.jpg,95fa6ca1f5f787f7c493ca7d02b7871deae24531a63fe52f0fc6a84eaadb3676,D,1,Phoma/3 (1).jpg
images/963238753bd899b9c7b8a5e149ef61736fc65b42cc44024776766173fcbee60b.jpg,963238753bd899b9c7b8a5e149ef61736fc65b42cc44024776766173fcbee60b,B,0,Leaf rust/1 (346).jpg
images/9634f74ca18e29ef9f92c99ede1499f3b856880217574e5ad3d27f26535432f3.jpg,9634f74ca18e29ef9f92c99ede1499f3b856880217574e5ad3d27f26535432f3,E,0,Miner/1 (11681).jpg
images/963f16f5045f6e3b4d6ca58ca2f6bd5daec89dc8b133014c5b543eb69b3d0e0f.jpg,963f16f5045f6e3b4d6ca58ca2f6bd5daec89dc8b133014c5b543eb69b3d0e0f,D,1,Phoma/1 (353).jpg
images/965367d1868dbcc8497ce9fc8953188975d11bef51b899b393c3926130fe8151.jpg,965367d1868dbcc8497ce9fc8953188975d11bef51b899b393c3926130fe8151,B,0,Leaf rust/1 (314).jpg
images/9664d959ea799fc4bb0c4e91fa0a943c4b4633a082652f41cfe21ec392d4edc0.jpg,9664d959ea799fc4bb0c4e91fa0a943c4b4633a082652f41cfe21ec392d4edc0,E,0,Miner/1 (15338).jpg
images/96665618bf2daf62dace8865ddce5ff8b923ccd25c7e09423e6527e68652bd5b.jpg,96665618bf2daf62dace8865ddce5ff8b923ccd25c7e09423e6527e68652bd5b,E,0,Miner/1 (12036).jpg
images/966c49ab45769395402fd8f39d8ce7c53d66428cfb97e257f6c99e5d9d187963.jpg,966c49ab45769395402fd8f39d8ce7c53d66428cfb97e257f6c99e5d9d187963,E,0,Miner/1 (10469).jpg
images/9680a60554905b4fab2f338223fe6fe76982b40a1bc3d3b6395bbcf5d83792aa.jpg,9680a60554905b4fab2f338223fe6fe76982b40a1bc3d3b6395bbcf5d83792aa,C,1,Cerscospora/7 (544).jpg
images/96817aad7d254625315e56b13e5a9b1a4687f7545aee6740de8086da27a61076.jpg,96817aad7d254625315e56b13e5a9b1a4687f7545aee6740de8086da27a61076,B,0,Leaf rust/2 (629).jpg
images/96889ba6ad5735e1c892122b5f67e17a7da063d2ad29ef5d448dec864789ad8a.jpg,96889ba6ad5735e1c892122b5f67e17a7da063d2ad29ef5d448dec864789ad8a,D,1,Phoma/3 (1576).jpg
images/96915c49dda7ce306f2ee2d5be2d2bb18935bc8de7012cec70dcf74d8623509b.jpg,96915c49dda7ce306f2ee2d5be2d2bb18935bc8de7012cec70dcf74d8623509b,E,0,Miner/1 (14860).jpg
images/9694d45e0aae669c937faf5bfe6d78b7542ca63b5d4b960ec816a22c312eb8bb.jpg,9694d45e0aae669c937faf5bfe6d78b7542ca63b5d4b960ec816a22c312eb8bb,E,0,Miner/1 (12739).jpg
images/96a25a4248e8487c3c412f324474a4a4be00fb713bcbf4753dd180ac3385a6f9.jpg,96a25a4248e8487c3c412f324474a4a4be00fb713bcbf4753dd180ac3385a6f9,B,0,Leaf rust/1 (21).jpg
images/96ab87c52c4a7cefc75a6c763241398e688454a830e7c80d0e147dcd0ae46e74.jpg,96ab87c52c4a7cefc75a6c763241398e688454a830e7c80d0e147dcd0ae46e74,E,0,Miner/1 (10238).jpg
images/96c26e31028862559cd437a9677e19ada8348af400d59885bcc942f68cea75d1.jpg,96c26e31028862559cd437a9677e19ada8348af400d59885bcc942f68cea75d1,A,1,Healthy/1 (1322).jpg
images/96d723bfbf185671cf4c2a5d038b35fc79ddf4a44fa2071a93a8ad865c2c2f24.jpg,96d723bfbf185671cf4c2a5d038b35fc79ddf4a44fa2071a93a8ad865c2c2f24,E,0,Miner/1 (11381).jpg
images/96f24429621150a8e21ae428fe4529f4567a2cea5fad5431a039c319d4db4e56.jpg,96f24429621150a8e21ae428fe4529f4567a2cea5fad5431a039c319d4db4e56,B,0,Leaf rust/1 (204).jpg
images/96f8c8f2b8fec03a9525de77106c54c88e28ab2a48d2332321e56bbf43cbdb46.jpg,96f8c8f2b8fec03a9525de77106c54c88e28ab2a48d2332321e56bbf43cbdb46,E,0,Miner/1 (14001).jpg
images/972587c8af50a596fb16b4f7ea7c6900369b9641dc44b540972d083f1c106281.jpg,972587c8af50a596fb16b4f7ea7c6900369b9641dc44b540972d083f1c106281,E,0,Miner/1 (11735).jpg
images/9729f898e6378af2e30d7ad887a5d03c8dde1f5dee2922d89f2101d737730379.jpg,9729f898e6378af2e30d7ad887a5d03c8dde1f5dee2922d89f2101d737730379,D,1,Phoma/3 (1056).jpg
images/97580ad2eaf6081aef13461fd8637d50ca4df91e43886862a18f6d9e2ad6f3b0.jpg,97580ad2eaf6081aef13461fd8637d50ca4df91e43886862a18f6d9e2ad6f3b0,E,0,Miner/1 (10080).jpg
images/976a547e82be8070dc2a10d2d8418c742c2a39032f4a14e3a875f31233927191.jpg,976a547e82be8070dc2a10d2d8418c742c2a39032f4a14e3a875f31233927191,A,1,Healthy/2 (2).jpg
images/9772a71efe080089d21975a36fd4ee616a90f87efdbf49a20282ade203c3f8df.jpg,9772a71efe080089d21975a36fd4ee616a90f87efdbf49a20282ade203c3f8df,B,0,Leaf rust/2 (690).jpg
images/978d0f6682115318b78d51bebc7207f7ed650a5aaa71eaa34cf561455528dcdc.jpg,978d0f6682115318b78d51bebc7207f7ed650a5aaa71eaa34cf561455528dcdc,E,0,Miner/1 (11774).jpg
images/9796c2e1f62054d6029433432c2f2e7e4cc3362a36895f846b46f2a34d8d67eb.jpg,9796c2e1f62054d6029433432c2f2e7e4cc3362a36895f846b46f2a34d8d67eb,E,0,Miner/1 (11356).jpg
images/979d81708288ab3ac77bd9894058f1304b9f6b9ca03d6bf8fbd7111a169dfb81.jpg,979d81708288ab3ac77bd9894058f1304b9f6b9ca03d6bf8fbd7111a169dfb81,D,1,Phoma/4 (22).jpg
images/97a0cf99c6f7eb257c43c174364dcecc3710fe1ab7d46e4e74e5f801cfb4c69d.jpg,97a0cf99c6f7eb257c43c174364dcecc3710fe1ab7d46e4e74e5f801cfb4c69d,D,1,Phoma/3 (1047).jpg
images/97b30b85ed6a6e44457060d8f28194b1077f02e97fa52c9336d8de02d7359989.jpg,97b30b85ed6a6e44457060d8f28194b1077f02e97fa52c9336d8de02d7359989,E,0,Miner/1 (14649).jpg
images/97bec03bc525d7395adb5951ef85de1e6e37745b962838d39a79a5cdc862cf63.jpg,97bec03bc525d7395adb5951ef85de1e6e37745b962838d39a79a5cdc862cf63,E,0,Miner/1 (15598).jpg
images/97ccf0ab8df9ee0159631cf30bb1a5be928b591e29463f4f4ca76ce0a15b3fab.jpg,97ccf0ab8df9ee0159631cf30bb1a5be928b591e29463f4f4ca76ce0a15b3fab,D,1,Phoma/2 (104).jpg
images/97f2aceb00c496df0e0f281a8cf44503801da92f435cec45648c71014ae768c9.jpg,97f2aceb00c496df0e0f281a8cf44503801da92f435cec45648c71014ae768c9,C,1,Cerscospora/6 (274).jpg
images/97f6922a636b6f2d60d98eddfd7de9abfef5c00069e2702b4fdce00efe552e96.jpg,97f6922a636b6f2d60d98eddfd7de9abfef5c00069e2702b4fdce00efe552e96,D,1,Phoma/2 (433).jpg
images/980a7fbf70831b4a8aeeaaded39822a5d0b2a130c70d192bfff5745ca9a97da4.jpg,980a7fbf70831b4a8aeeaaded39822a5d0b2a130c70d192bfff5745ca9a97da4,E,0,Miner/1 (14655).jpg
images/98260b5b46b1853038db2e650de4472ed59229ff5009351e7eb699353ed003ed.jpg,98260b5b46b1853038db2e650de4472ed59229ff5009351e7eb699353ed003ed,B,0,Leaf rust/2 (667).jpg
images/9828d736be3211bd757fb3fbed76b79e2a56ee252c5c6d4d63ba8b60b201658f.jpg,9828d736be3211bd757fb3fbed76b79e2a56ee252c5c6d4d63ba8b60b201658f,E,0,Miner/1 (12544).jpg
images/982e539ce2ecafddf56dcbe201a1b49130387c40c9364ca57bbbe689067b90a5.jpg,982e539ce2ecafddf56dcbe201a1b49130387c40c9364ca57bbbe689067b90a5,E,0,Miner/1 (13832).jpg
images/988e0a2fd660a823eccd2504c46deaf37d6167885218a9dd7a6d7cf68ea16828.jpg,988e0a2fd660a823eccd2504c46deaf37d6167885218a9dd7a6d7cf68ea16828,C,1,Cerscospora/8 (796).jpg
images/98a927174874781609ad89fdfcfecd85deb6fcfa58ea8f29126b6c88ed332ed9.jpg,98a927174874781609ad89fdfcfecd85deb6fcfa58ea8f29126b6c88ed332ed9,E,0,Miner/1 (13988).jpg
images/98ae47cea1d8b43a196bebe5fea5e6ad248d1760a838267f991e87818dfd97cc.jpg,98ae47cea1d8b43a196bebe5fea5e6ad248d1760a838267f991e87818dfd97cc,D,1,Phoma/4 (328).jpg
images/98af873a5afbaba19679076384b7e83dc8a4cd8ee03d3027cc1cda117fc86a36.jpg,98af873a5afbaba19679076384b7e83dc8a4cd8ee03d3027cc1cda117fc86a36,B,0,Leaf rust/2 (527).jpg
images/98c25cc7a2e67d77c528424c2e8d01ec759a1b0524367c153d48fef438c3ca37.jpg,98c25cc7a2e67d77c528424c2e8d01ec759a1b0524367c153d48fef438c3ca37,E,0,Miner/1 (13495).jpg
images/98c555219cd3ad570b1c57e11c874d6e5554fa147860bb6ca784966531d477c0.jpg,98c555219cd3ad570b1c57e11c874d6e5554fa147860bb6ca784966531d477c0,B,0,Leaf rust/1 (321).jpg
images/98d159bd06a303175362b5829521f34d0b640d7d5b7da5962a35d7090fce6db6.jpg,98d159bd06a303175362b5829521f34d0b640d7d5b7da5962a35d7090fce6db6,E,0,Miner/1 (11382).jpg
images/98d8c742910bb494cc0acd04000322d6cd35a8a6736497fca358bdb189764c2f.jpg,98d8c742910bb494cc0acd04000322d6cd35a8a6736497fca358bdb189764c2f,E,0,Miner/1 (10473).jpg
images/98e29ad2753928f0ee6b198a062fe991995e79426fdebe3da8f41349ea0a24a8.jpg,98e29ad2753928f0ee6b198a062fe991995e79426fdebe3da8f41349ea0a24a8,B,0,Leaf rust/2 (801).jpg
images/98f4441d4db55f0694bd3501a85cc5b1edb5c6c7468e226089baa293095f4a61.jpg,98f4441d4db55f0694bd3501a85cc5b1edb5c6c7468e226089baa293095f4a61,D,1,Phoma/3 (916).jpg
images/9959ec87ddc2f2872f340ddd16b3b83fa37be6a4200fd300b377163a7212f91e.jpg,9959ec87ddc2f2872f340ddd16b3b83fa37be6a4200fd300b377163a7212f91e,E,0,Miner/1 (15540).jpg
images/9991bd98dcc97f922ca3e6d322e69a7bd9ac82096b9dc79c03a27c39874cefb9.jpg,9991bd98dcc97f922ca3e6d322e69a7bd9ac82096b9dc79c03a27c39874cefb9,D,1,Phoma/1 (226).jpg
images/999400e8d560b6eddbd1c1346c87d54a42dbf4f16b5308e5a590bd028c478bc3.jpg,999400e8d560b6eddbd1c1346c87d54a42dbf4f16b5308e5a590bd028c478bc3,E,0,Miner/1 (15622).jpg
images/99968406632b79d1178bb7f4be13ae957b882f0c9ae48a9c2c10ea1fd35d3bbf.jpg,99968406632b79d1178bb7f4be13ae957b882f0c9ae48a9c2c10ea1fd35d3bbf,E,0,Miner/1 (11353).jpg
images/99a0ba75d094a3f51dfa796c1aaf1c62c2ee60b91a49615f6ca398d88870b749.jpg,99a0ba75d094a3f51dfa796c1aaf1c62c2ee60b91a49615f6ca398d88870b749,D,1,Phoma/1 (588).jpg
images/99abd07351c6640dac6af7a9c56880875a1cf5a25293e76e0df099264a8a35a8.jpg,99abd07351c6640dac6af7a9c56880875a1cf5a25293e76e0df099264a8a35a8,B,0,Leaf rust/1 (44).jpg
images/99fe9eef0638b53bf07a1a315e8a29c1150ff9d52936c91a9457e3c7ea41f3ca.jpg,99fe9eef0638b53bf07a1a315e8a29c1150ff9d52936c91a9457e3c7ea41f3ca,D,1,Phoma/4 (106).jpg
images/9a0afde26ecfb9992a855d9c5bcf4766c83aff5f3eb71ba026ec4c8ea3348642.jpg,9a0afde26ecfb9992a855d9c5bcf4766c83aff5f3eb71ba026ec4c8ea3348642,B,0,Leaf rust/2 (619).jpg
images/9a1677b58aa32b97ff22393fbae9868fca14c18a078dd9c52e518aec600e0b37.jpg,9a1677b58aa32b97ff22393fbae9868fca14c18a078dd9c52e518aec600e0b37,B,0,Leaf rust/2 (735).jpg
images/9a1680c5f865e0e36e5259a2b8b3f2d640b56ab7e3bac12952e51460a6183fb7.jpg,9a1680c5f865e0e36e5259a2b8b3f2d640b56ab7e3bac12952e51460a6183fb7,C,1,Cerscospora/6 (103).jpg
images/9a1e9aa8f3e8ba438aa379ee123dc9d002aaec3f95489a3a458a1e5a1604616d.jpg,9a1e9aa8f3e8ba438aa379ee123dc9d002aaec3f95489a3a458a1e5a1604616d,D,1,Phoma/1 (377).jpg
images/9a2d3801be6870d6e54481327068c84f6c3df28840659d49cec294eb676573e8.jpg,9a2d3801be6870d6e54481327068c84f6c3df28840659d49cec294eb676573e8,E,0,Miner/1 (10011).jpg
images/9a4a4f8b6cf65cffa90c40336b047ba7f3c2ea4df2f4cfbca65a5b3e7ae850ff.jpg,9a4a4f8b6cf65cffa90c40336b047ba7f3c2ea4df2f4cfbca65a5b3e7ae850ff,D,1,Phoma/1 (447).jpg
images/9a6ca2f1049a3df776f8f45a797eb7f48071939154a6879dadf7011300079155.jpg,9a6ca2f1049a3df776f8f45a797eb7f48071939154a6879dadf7011300079155,B,0,Leaf rust/2 (833).jpg
images/9a702b5f6fe72c13120358a203d2d7619931c35c897dac7ef1af33686d301add.jpg,9a702b5f6fe72c13120358a203d2d7619931c35c897dac7ef1af33686d301add,E,0,Miner/1 (11379).jpg
images/9a7eb5e4626548c0435b86211b6c392f6e0e8cf78208f9f88dd4b3274aebf02f.jpg,9a7eb5e4626548c0435b86211b6c392f6e0e8cf78208f9f88dd4b3274aebf02f,D,1,Phoma/1 (773).jpg
images/9a82cde3eb29dea9e0e688a7d0c10a4ab831bcbe46d772ef051c54c9b73883a8.jpg,9a82cde3eb29dea9e0e688a7d0c10a4ab831bcbe46d772ef051c54c9b73883a8,D,1,Phoma/2 (437).jpg
images/9aafc8aba79a44bc9286900edf5fe5eb1d10050a170720ce609f01f459243ff9.jpg,9aafc8aba79a44bc9286900edf5fe5eb1d10050a170720ce609f01f459243ff9,B,0,Leaf rust/1 (330).jpg
images/9abb43ea96a0b0fb5bd91131fa6517adc8e0a894a27e5ced8f9060f3eb80a732.jpg,9abb43ea96a0b0fb5bd91131fa6517adc8e0a894a27e5ced8f9060f3eb80a732,B,0,Leaf rust/1 (14).jpg
images/9ac230baa44879d30b49e816c475b9b081b6a8e36e9eeb45dc8b12831b565155.jpg,9ac230baa44879d30b49e816c475b9b081b6a8e36e9eeb45dc8b12831b565155,B,0,Leaf rust/1 (217).jpg
images/9adf6103093807f15f4a23fe5e329a314deef298db015cab38fc06e2561418dc.jpg,9adf6103093807f15f4a23fe5e329a314deef298db015cab38fc06e2561418dc,C,1,Cerscospora/4 (117).jpg
images/9af01adddd9bf9c5b2e7eb2dbc0e7ab28fbafaa55f5ee093f3e3f4e51f0c102f.jpg,9af01adddd9bf9c5b2e7eb2dbc0e7ab28fbafaa55f5ee093f3e3f4e51f0c102f,D,1,Phoma/3 (1312).jpg
images/9af9db5737900a68ed66ad84c13105f6c101083d727ddb0d90e160d9e0d51c1d.jpg,9af9db5737900a68ed66ad84c13105f6c101083d727ddb0d90e160d9e0d51c1d,C,1,Cerscospora/4 (137).jpg
images/9b59713a86cd02928f6d31bc4847b341f66ab49493bb0a68905eba3e5535e3e8.jpg,9b59713a86cd02928f6d31bc4847b341f66ab49493bb0a68905eba3e5535e3e8,B,0,Leaf rust/1 (260).jpg
images/9b8503d227fd61bd182be02922e074fdb9c7f28473f10a6904a39ad9036b21c6.jpg,9b8503d227fd61bd182be02922e074fdb9c7f28473f10a6904a39ad9036b21c6,B,0,Leaf rust/1 (372).jpg
images/9b87f189ba6acde17534bfc7c3cf5114ef8f44923f15bd3ac67fd701229b54db.jpg,9b87f189ba6acde17534bfc7c3cf5114ef8f44923f15bd3ac67fd701229b54db,E,0,Miner/1 (12839).jpg
images/9bab279549296e3563856e7ac2dab120b5bcb1d60c734f5b69bd0aa81918dfe8.jpg,9bab279549296e3563856e7ac2dab120b5bcb1d60c734f5b69bd0aa81918dfe8,E,0,Miner/1 (14673).jpg
images/9bbdc11117a2c8ddea343270d3def4694ef34fecd3730dda546a49478d367f0b.jpg,9bbdc11117a2c8ddea343270d3def4694ef34fecd3730dda546a49478d367f0b,C,1,Cerscospora/7 (734).jpg
images/9bd0db5cf0cac946c74dd7b8f20bf7ce2723cbc83e2a2bb4a02e00daa9a84d4c.jpg,9bd0db5cf0cac946c74dd7b8f20bf7ce2723cbc83e2a2bb4a02e00daa9a84d4c,E,0,Miner/1 (15539).jpg
images/9bda6d55989c2f49b62e98a32ceae1e3fc932d03a3aaf7dd2ee9b7f8128d1ee8.jpg,9bda6d55989c2f49b62e98a32ceae1e3fc932d03a3aaf7dd2ee9b7f8128d1ee8,E,0,Miner/1 (11010).jpg
images/9bff06514405ccf7b7fe659857172313b5f8ef33a7ed4c8f7c6bd6777622524b.jpg,9bff06514405ccf7b7fe659857172313b5f8ef33a7ed4c8f7c6bd6777622524b,E,0,Miner/1 (11898).jpg
images/9c00eef147326ed5706b203872eadfea1961fd4e805cc3e11e742635bf046a64.jpg,9c00eef147326ed5706b203872eadfea1961fd4e805cc3e11e742635bf046a64,E,0,Miner/1 (11734).jpg
images/9c0bcb7f4ea9cacb8e8467b2081034e2f9159fdce1eba191dcf52ad50ef95de4.jpg,9c0bcb7f4ea9cacb8e8467b2081034e2f9159fdce1eba191dcf52ad50ef95de4,B,0,Leaf rust/1 (150).jpg
images/9c134a44d529662320c8999b6db046c10ff126892a94ed663e79361c42bc0fe9.jpg,9c134a44d529662320c8999b6db046c10ff126892a94ed663e79361c42bc0fe9,B,0,Leaf rust/2 (844).jpg
images/9c15d2c3ddd88a8091ca27d40ca89dbad4f3c82127fd7a562f26d93ec365aadb.jpg,9c15d2c3ddd88a8091ca27d40ca89dbad4f3c82127fd7a562f26d93ec365aadb,E,0,Miner/1 (10415).jpg
images/9c250333945f88d5f7a7b7653369e10d058575cc9b6f70e63073af165c410157.jpg,9c250333945f88d5f7a7b7653369e10d058575cc9b6f70e63073af165c410157,E,0,Miner/1 (11096).jpg
images/9c333d53967c2e5df8b74c63ae7c708e04da212178ba3cd4e9d34e12c5cdb2fc.jpg,9c333d53967c2e5df8b74c63ae7c708e04da212178ba3cd4e9d34e12c5cdb2fc,C,1,Cerscospora/8 (811).jpg
images/9c478dd48686bea9b6c47392ee3b3740986e9472a1d840f85209ee745ed539b5.jpg,9c478dd48686bea9b6c47392ee3b3740986e9472a1d840f85209ee745ed539b5,C,1,Cerscospora/7 (286).jpg
images/9c4e467ba863d39b3b54ee8592b50d280e0f0fea77e4c85efdb38e7e1d55590a.jpg,9c4e467ba863d39b3b54ee8592b50d280e0f0fea77e4c85efdb38e7e1d55590a,D,1,Phoma/1 (103).jpg
images/9c4f18713878a1417f775dd3508b58fd1f1c45827d144a5c8f97bc99b1edfdc4.jpg,9c4f18713878a1417f775dd3508b58fd1f1c45827d144a5c8f97bc99b1edfdc4,E,0,Miner/1 (10405).jpg
images/9c560c7ff605a0b29beab8e40d20071ca62f1b06789f13e093b82da4655d6ba6.jpg,9c560c7ff605a0b29beab8e40d20071ca62f1b06789f13e093b82da4655d6ba6,B,0,Leaf rust/2 (633).jpg
images/9c8d2194bc50a8e61cf3e6e09140d908cc906a4a1daa60858a4205cd8e892be9.jpg,9c8d2194bc50a8e61cf3e6e09140d908cc906a4a1daa60858a4205cd8e892be9,E,0,Miner/1 (10120).jpg
images/9c9117904a1ef17e9cfc20abf958f3dd18fc5ec436f78738ddcbc424f7a4b4a7.jpg,9c9117904a1ef17e9cfc20abf958f3dd18fc5ec436f78738ddcbc424f7a4b4a7,D,1,Phoma/3 (1677).jpg
images/9c955b39736316e52c36775da31546258971b15fb3ba2bdcc3275d9c1fd7844b.jpg,9c955b39736316e52c36775da31546258971b15fb3ba2bdcc3275d9c1fd7844b,B,0,Leaf rust/1 (5).jpeg
images/9cea56014446a7605c2d47038dda84416af94fdc09a0213904ffe27d7cfadd6b.jpg,9cea56014446a7605c2d47038dda84416af94fdc09a0213904ffe27d7cfadd6b,E,0,Miner/1 (10615).jpg
images/9ceeeeeb1b939406faf01e49575d92962244436458c367a68761e92dd6b63e5b.jpg,9ceeeeeb1b939406faf01e49575d92962244436458c367a68761e92dd6b63e5b,E,0,Miner/1 (10091).jpg
images/9d112ae39c19a383c8d385151ed69f7f5410bc2c11e4e22d7b66edb1f09dc4b2.jpg,9d112ae39c19a383c8d385151ed69f7f5410bc2c11e4e22d7b66edb1f09dc4b2,C,1,Cerscospora/4 (335).jpg
images/9d13a2f1ae0ec0a3183cf4a8f6722b54b48393abd6dec0b45fc1a0fb581a7975.jpg,9d13a2f1ae0ec0a3183cf4a8f6722b54b48393abd6dec0b45fc1a0fb581a7975,E,0,Miner/1 (10342).jpg
images/9d352d164d006374ead86e7d37ac28a80730ac1432c92959f1990918d82b4d0d.jpg,9d352d164d006374ead86e7d37ac28a80730ac1432c92959f1990918d82b4d0d,E,0,Miner/1 (11289).jpg
images/9d53c2b86de5d02e122f74763dc3688efa8f22e4d6887797ccdb0295c8b3633a.jpg,9d53c2b86de5d02e122f74763dc3688efa8f22e4d6887797ccdb0295c8b3633a,E,0,Miner/1 (13858).jpg
images/9d59e312e37f7ce670074e6bfaca624f3ba03212eb43a494fee9e8b9b1763751.jpg,9d59e312e37f7ce670074e6bfaca624f3ba03212eb43a494fee9e8b9b1763751,E,0,Miner/1 (11246).jpg
images/9d5b159608b72c806d6b7cfba13fc31c854b5e6562123790f759bf9a70e606e7.jpg,9d5b159608b72c806d6b7cfba13fc31c854b5e6562123790f759bf9a70e606e7,E,0,Miner/1 (11579).jpg
images/9d7bb1f86cc96e145c890ed6faee393decb68c77149ac4a03e0a1e5b58707d24.jpg,9d7bb1f86cc96e145c890ed6faee393decb68c77149ac4a03e0a1e5b58707d24,B,0,Leaf rust/2 (1018).jpg
images/9d82525fea14c86ad339a4ad55bf3a32ee8180be177ed09ef7df741a5758eed3.jpg,9d82525fea14c86ad339a4ad55bf3a32ee8180be177ed09ef7df741a5758eed3,B,0,Leaf rust/1 (302).jpg
images/9d8f20741905d919b1e80c36aee59f0ad4846ded4c447e9821e5a0825afe694e.jpg,9d8f20741905d919b1e80c36aee59f0ad4846ded4c447e9821e5a0825afe694e,B,0,Leaf rust/1 (384).jpg
images/9d93003ed08f82978b5fb7cdaaf718855350abdbf64ff78f53f9a6c476e726a8.jpg,9d93003ed08f82978b5fb7cdaaf718855350abdbf64ff78f53f9a6c476e726a8,E,0,Miner/1 (14328).jpg
images/9daeaed0b15765880720d68c747cf21ad22c30fa51bce77a0505649cfc44ff4b.jpg,9daeaed0b15765880720d68c747cf21ad22c30fa51bce77a0505649cfc44ff4b,B,0,Leaf rust/1 (167).jpg
images/9dc080aa2c5d87d4b8e527cebc35fe98ce98d02a70d48ca48363ace4a0861ec1.jpg,9dc080aa2c5d87d4b8e527cebc35fe98ce98d02a70d48ca48363ace4a0861ec1,E,0,Miner/1 (14915).jpg
images/9dc6d20f267092792314e338ae118b9d8341f3fbb97cddd4e7094269506e54ae.jpg,9dc6d20f267092792314e338ae118b9d8341f3fbb97cddd4e7094269506e54ae,B,0,Leaf rust/1 (467).jpg
images/9de257448ef7165315afc3e0068e819c5ff42d4962df272be356946f8261d3ec.jpg,9de257448ef7165315afc3e0068e819c5ff42d4962df272be356946f8261d3ec,A,1,Healthy/1 (1913).jpg
images/9dfa143aee59d385dd3850497f1d891e556d5b652a87f1c9084d77deb2c252b9.jpg,9dfa143aee59d385dd3850497f1d891e556d5b652a87f1c9084d77deb2c252b9,B,0,Leaf rust/2 (576).jpg
images/9e0f7f551d38fcbb11acc6021481fb837cc668407dd55e615c7a52a6d6c5553b.jpg,9e0f7f551d38fcbb11acc6021481fb837cc668407dd55e615c7a52a6d6c5553b,B,0,Leaf rust/2 (613).jpg
images/9e1e3a6a82f23b90b8b7d55f073c094d91f11a2fb0551021d9b839761554d528.jpg,9e1e3a6a82f23b90b8b7d55f073c094d91f11a2fb0551021d9b839761554d528,E,0,Miner/1 (13560).jpg
images/9e4eead92b55272cc296487c9d30e699ab5398b4d2315bbf64396a2d5eab6710.jpg,9e4eead92b55272cc296487c9d30e699ab5398b4d2315bbf64396a2d5eab6710,E,0,Miner/1 (15710).jpg
images/9e522715b13f0f94cc47c3d89efe8d89ac7b26b88ac3292dfedfe2c9a6943963.jpg,9e522715b13f0f94cc47c3d89efe8d89ac7b26b88ac3292dfedfe2c9a6943963,E,0,Miner/1 (10546).jpg
images/9ea63cbb037d3b86ad4a5a6c2e3f83388629e4fb56e009091ce6a6a08050a264.jpg,9ea63cbb037d3b86ad4a5a6c2e3f83388629e4fb56e009091ce6a6a08050a264,D,1,Phoma/2 (436).jpg
images/9eae96117195b1d9ce01c82d8f8e9027c7359ddd324962ba3cf35e5ceb40873d.jpg,9eae96117195b1d9ce01c82d8f8e9027c7359ddd324962ba3cf35e5ceb40873d,D,1,Phoma/1 (204).jpg
images/9eb1bf2083a4e84350a5d23705852c7932080db3efb3c0d1de1aa806c016be39.jpg,9eb1bf2083a4e84350a5d23705852c7932080db3efb3c0d1de1aa806c016be39,C,1,Cerscospora/8 (404).jpg
images/9ecb3f4d0f69c3183a1e2325f1a27030950dc9afc69b8586d895d09ca58f3e3f.jpg,9ecb3f4d0f69c3183a1e2325f1a27030950dc9afc69b8586d895d09ca58f3e3f,C,1,Cerscospora/8 (432).jpg
images/9ecfc308e6f3ef478810536379e26cf97d8f9c4f6c0ebbfe4845fab318e9262f.jpg,9ecfc308e6f3ef478810536379e26cf97d8f9c4f6c0ebbfe4845fab318e9262f,B,0,Leaf rust/1 (202).jpg
images/9ecff86d4db4f54b5526d56df240ec7470691d87c5d31cd38716373a7f812eb3.jpg,9ecff86d4db4f54b5526d56df240ec7470691d87c5d31cd38716373a7f812eb3,E,0,Miner/1 (14038).jpg
images/9f1bbe499772027489e84435e1f49e4b33cee6598d3829dc7457dc9a4ee6583e.jpg,9f1bbe499772027489e84435e1f49e4b33cee6598d3829dc7457dc9a4ee6583e,E,0,Miner/1 (10207).jpg
images/9f27f8d19567681f43d4d1424b75c221ee62c0c512df70c036b05944c12608fe.jpg,9f27f8d19567681f43d4d1424b75c221ee62c0c512df70c036b05944c12608fe,C,1,Cerscospora/7 (137).jpg
images/9f3f4866bea053d6d17a6232f6819bc2b6b415ff7915172962fb4bfee7d33586.jpg,9f3f4866bea053d6d17a6232f6819bc2b6b415ff7915172962fb4bfee7d33586,B,0,Leaf rust/2 (959).jpg
images/9f4bcb5eee0903a0cde3e739aad436d5d22a3f50f32f31a12e59aee198c8be15.jpg,9f4bcb5eee0903a0cde3e739aad436d5d22a3f50f32f31a12e59aee198c8be15,E,0,Miner/1 (10370).jpg
images/9f4d4bcdbd7b416540ad65ed6936d71e774531dd0fd417682e3c057676e3d1de.jpg,9f4d4bcdbd7b416540ad65ed6936d71e774531dd0fd417682e3c057676e3d1de,A,1,Healthy/1 (3218).jpg
images/9f6bcd15b6be6aca37b0260fda8b9a7e00407bea0b7123f2754b628b2dc845c8.jpg,9f6bcd15b6be6aca37b0260fda8b9a7e00407bea0b7123f2754b628b2dc845c8,A,1,Healthy/1 (1000).jpg
images/9f73295eb51d96698178c5e8f9aa859e9bd8847349e3197c15f04e80f3d5eb60.jpg,9f73295eb51d96698178c5e8f9aa859e9bd8847349e3197c15f04e80f3d5eb60,E,0,Miner/1 (13215).jpg
images/9f75ff5b4ef31ff07dd41154a3c2d9d6aaf7f4c7e5bfbc4bb5f75930eb98a9e9.jpg,9f75ff5b4ef31ff07dd41154a3c2d9d6aaf7f4c7e5bfbc4bb5f75930eb98a9e9,E,0,Miner/1 (11639).jpg
images/9f781b8041f865ec0b87fcb44e7550b94604771e03fae038b9d2ed1c7bc6ccae.jpg,9f781b8041f865ec0b87fcb44e7550b94604771e03fae038b9d2ed1c7bc6ccae,E,0,Miner/1 (13985).jpg
images/9f8600760a17f39a5e2b051e0a5973a5f3aa09a4221c0bd54d0fd22e83793943.jpg,9f8600760a17f39a5e2b051e0a5973a5f3aa09a4221c0bd54d0fd22e83793943,B,0,Leaf rust/1 (224).jpg
images/9f8f5242c316de2bc1e5dd270e547ca5bba9e7eeda1af90ad4d2d4103d21f4c1.jpg,9f8f5242c316de2bc1e5dd270e547ca5bba9e7eeda1af90ad4d2d4103d21f4c1,E,0,Miner/1 (11442).jpg
images/9f9e4d4ee3e214e20a1ad95c8d17518f5da5e64f6049899a35de216a8d04fcf7.jpg,9f9e4d4ee3e214e20a1ad95c8d17518f5da5e64f6049899a35de216a8d04fcf7,D,1,Phoma/4 (647).jpg
images/9fa43a449743cb17e88c5afbf56afd7c00dd8de1f80653ccc3abff669e959b67.jpg,9fa43a449743cb17e88c5afbf56afd7c00dd8de1f80653ccc3abff669e959b67,C,1,Cerscospora/7 (589).jpg
images/9fbb88a2a83da5f705135d9fb70d485c2e4db90e2effdb6f177663c577e01fd6.jpg,9fbb88a2a83da5f705135d9fb70d485c2e4db90e2effdb6f177663c577e01fd6,E,0,Miner/1 (10761).jpg
images/9fcaaf3291097769eca9a57b39b7e5e841b128f53c5756df5f374d46e45ae3a0.jpg,9fcaaf3291097769eca9a57b39b7e5e841b128f53c5756df5f374d46e45ae3a0,E,0,Miner/1 (10209).jpg
images/9fcf3addba6e6c0ec35f7f4564d557dc68dc6d9be0ee0c46b1eb1a76a71647ca.jpg,9fcf3addba6e6c0ec35f7f4564d557dc68dc6d9be0ee0c46b1eb1a76a71647ca,E,0,Miner/1 (13505).jpg
images/9ff76870fb6722c4d7c377762de944b59cc995c2a2294105516a518214f24fda.jpg,9ff76870fb6722c4d7c377762de944b59cc995c2a2294105516a518214f24fda,E,0,Miner/1 (10478).jpg
images/9ffda6281c07c762f230e812fb7a3753fc5b5d79823bc88fe5038ddb1712bcd8.jpg,9ffda6281c07c762f230e812fb7a3753fc5b5d79823bc88fe5038ddb1712bcd8,B,0,Leaf rust/2 (863).jpg
images/a0008876546c5ff95d585eee64a17b8e31c8015629a0f585aa4d2286ea3f9fbc.jpg,a0008876546c5ff95d585eee64a17b8e31c8015629a0f585aa4d2286ea3f9fbc,D,1,Phoma/4 (397).jpg
images/a00e010996df7cbfa1d4dbddc562c93b38b2b780cf6a76688b45c11a347bc08b.jpg,a00e010996df7cbfa1d4dbddc562c93b38b2b780cf6a76688b45c11a347bc08b,D,1,Phoma/3 (1097).jpg
images/a02f3842f9adedf762e412826e62f93a263fd455a8513c5561f8f4983d388e90.jpg,a02f3842f9adedf762e412826e62f93a263fd455a8513c5561f8f4983d388e90,C,1,Cerscospora/4 (116).jpg
images/a03ec63669c3427915b499abcffd7428cb038c45edbfb7e0cb02fc9be2e9940e.jpg,a03ec63669c3427915b499abcffd7428cb038c45edbfb7e0cb02fc9be2e9940e,B,0,Leaf rust/1 (64).jpg
images/a0406b324ce350d121cb55723342ecf4d7b6476f488ca2a0b93de31ef021c960.jpg,a0406b324ce350d121cb55723342ecf4d7b6476f488ca2a0b93de31ef021c960,B,0,Leaf rust/1 (411).jpg
images/a070fdd2c2b1c452c07c608fc6fb0b390ab2ee5c99a0b39b74ffbca4c772ed94.jpg,a070fdd2c2b1c452c07c608fc6fb0b390ab2ee5c99a0b39b74ffbca4c772ed94,C,1,Cerscospora/4 (434).jpg
images/a07c45ac8fdd9ff41fb5babfa70d1adbfaea732024b69be7b778dec33ac33690.jpg,a07c45ac8fdd9ff41fb5babfa70d1adbfaea732024b69be7b778dec33ac33690,E,0,Miner/1 (11458).jpg
images/a0a566b6b8ccf72266c6fac4cc8fcf63dd58a3185361082844ff47f9c6fd8a0d.jpg,a0a566b6b8ccf72266c6fac4cc8fcf63dd58a3185361082844ff47f9c6fd8a0d,E,0,Miner/1 (15212).jpg
images/a0c2761025c756d64b114e8ebf4d0642c5cdf0ac31e22cf70ed998b0a6bbd863.jpg,a0c2761025c756d64b114e8ebf4d0642c5cdf0ac31e22cf70ed998b0a6bbd863,E,0,Miner/1 (14040).jpg
images/a0d1a23c0d60f14f8cdfaa39dc39fbb778ecd4e3c309fc96d8788b9f8f0d8ebf.jpg,a0d1a23c0d60f14f8cdfaa39dc39fbb778ecd4e3c309fc96d8788b9f8f0d8ebf,D,1,Phoma/3 (1011).jpg
images/a0d4e57c0692c4238e04d09864bebb235c9fb639a17653deb189ff2f6fc2cf7e.jpg,a0d4e57c0692c4238e04d09864bebb235c9fb639a17653deb189ff2f6fc2cf7e,E,0,Miner/1 (10208).jpg
images/a0deb174be00f4ca639aab621bb94350339f635a4be998175ddb160b0124510a.jpg,a0deb174be00f4ca639aab621bb94350339f635a4be998175ddb160b0124510a,B,0,Leaf rust/1 (293).jpg
images/a0e338563d7bd51ca90c48457974b2ef4214e146dfc70e72e744f7b8e6a28c45.jpg,a0e338563d7bd51ca90c48457974b2ef4214e146dfc70e72e744f7b8e6a28c45,E,0,Miner/1 (10672).jpg
images/a0f60eed3802c91657ae9ae250e8be6bde6d361b16430143a91c29bad50c9536.jpg,a0f60eed3802c91657ae9ae250e8be6bde6d361b16430143a91c29bad50c9536,E,0,Miner/1 (13831).jpg
images/a10b3b4250d1cf7bbc5c054d1e352140b3c9159fb464c300ab320d906ed880e7.jpg,a10b3b4250d1cf7bbc5c054d1e352140b3c9159fb464c300ab320d906ed880e7,E,0,Miner/1 (10372).jpg
images/a1128433bc600c4779fafc3d51722494acd8ccfc07e6a97d04b4ea918db8dbe7.jpg,a1128433bc600c4779fafc3d51722494acd8ccfc07e6a97d04b4ea918db8dbe7,E,0,Miner/1 (13213).jpg
images/a12ebd32edc1256398be935e7448c9f65ee38f07df5ddfa121945e45d377cc5c.jpg,a12ebd32edc1256398be935e7448c9f65ee38f07df5ddfa121945e45d377cc5c,D,1,Phoma/1 (806).jpg
images/a13b98aaa0bf161f194bdd85f4c6351d2145b8a23db31ff1b2ba8fa3e92d687d.jpg,a13b98aaa0bf161f194bdd85f4c6351d2145b8a23db31ff1b2ba8fa3e92d687d,E,0,Miner/1 (11825).jpg
images/a13d869474f07401afde52860294937ee73a5ada1514d56cd78928811e9a5caa.jpg,a13d869474f07401afde52860294937ee73a5ada1514d56cd78928811e9a5caa,E,0,Miner/1 (11284).jpg
images/a140011377510f0a0583fb5a5389b8f4db7278d2ccbe8e9bf243385d18d1fc82.jpg,a140011377510f0a0583fb5a5389b8f4db7278d2ccbe8e9bf243385d18d1fc82,B,0,Leaf rust/2 (940).jpg
images/a148c56bd6c664b6889e09f1b2b69e2976a080265dd038bf5cc5038d1eddf3fb.jpg,a148c56bd6c664b6889e09f1b2b69e2976a080265dd038bf5cc5038d1eddf3fb,E,0,Miner/1 (12873).jpg
images/a164da90cf92773bf3d1bafe5a2d1a788982b7b38e9892c604c7f8861e58e752.jpg,a164da90cf92773bf3d1bafe5a2d1a788982b7b38e9892c604c7f8861e58e752,E,0,Miner/1 (11961).jpg
images/a17bada65e94ca6354dc0484e8bdab8810a4264d1bcd9a075b05f6f2e88c909a.jpg,a17bada65e94ca6354dc0484e8bdab8810a4264d1bcd9a075b05f6f2e88c909a,D,1,Phoma/2 (370).jpg
images/a183ad1b2ca08fa60aa679908ef190ba20091b1361eb744c8f46a0283538223d.jpg,a183ad1b2ca08fa60aa679908ef190ba20091b1361eb744c8f46a0283538223d,D,1,Phoma/2 (898).jpg
images/a18aa119d03d92a63756aff6b8e9244b56249f6cbf0967393a28b30044641b2c.jpg,a18aa119d03d92a63756aff6b8e9244b56249f6cbf0967393a28b30044641b2c,E,0,Miner/1 (11967).jpg
images/a1c2e3246ef81adb0a41718cdfac06f39ee3b77fd23bfeffc2a99aba922df203.jpg,a1c2e3246ef81adb0a41718cdfac06f39ee3b77fd23bfeffc2a99aba922df203,E,0,Miner/1 (10013).jpg
images/a1dd08d5e576f9e20e54af85e494940ebc5c8ccec9fc1485a10caee679c62dab.jpg,a1dd08d5e576f9e20e54af85e494940ebc5c8ccec9fc1485a10caee679c62dab,C,1,Cerscospora/7 (735).jpg
images/a2167d9726579f96c80a48b33dc80acef9bb72905cdf314c7bd2f3851aafc7a8.jpg,a2167d9726579f96c80a48b33dc80acef9bb72905cdf314c7bd2f3851aafc7a8,B,0,Leaf rust/1 (41).jpg
images/a21ce548051a194c56bbdede6c0f346d70e385f69d87d25c800f0edde6696e3f.jpg,a21ce548051a194c56bbdede6c0f346d70e385f69d87d25c800f0edde6696e3f,D,1,Phoma/2 (257).jpg
images/a22773421be2abcbb9c1c61d0f99e9772fc6d494b902dc4d001015a6eeb904bc.jpg,a22773421be2abcbb9c1c61d0f99e9772fc6d494b902dc4d001015a6eeb904bc,C,1,Cerscospora/6 (287).jpg
images/a229137136cdd07d72676dfe75d88a0010e473dbf7b98b1f15982536804847e2.jpg,a229137136cdd07d72676dfe75d88a0010e473dbf7b98b1f15982536804847e2,B,0,Leaf rust/1 (155).jpg
images/a234ce062429daba2c50bc2bdd022837cc6afb931434d35fa89d6c8b2c5aa6ef.jpg,a234ce062429daba2c50bc2bdd022837cc6afb931434d35fa89d6c8b2c5aa6ef,B,0,Leaf rust/1 (154).jpg
images/a2684ab820c958d56909926ff104f2a8299a748851e94573b94bbb12f0fe4de7.jpg,a2684ab820c958d56909926ff104f2a8299a748851e94573b94bbb12f0fe4de7,E,0,Miner/1 (15004).jpg
images/a284824cd77fe539f06b54889090c0e2ef10bf18ebb4136fb1e5158090bcb396.jpg,a284824cd77fe539f06b54889090c0e2ef10bf18ebb4136fb1e5158090bcb396,D,1,Phoma/1 (191).jpg
images/a2bf8f773df950d1f24e73b6fdbe6acbae5683507fbf11f3d77e3c3069fa1f87.jpg,a2bf8f773df950d1f24e73b6fdbe6acbae5683507fbf11f3d77e3c3069fa1f87,E,0,Miner/1 (15002).jpg
images/a2e7f3d48f8dccd7c76e3e3b8d8b56849dad1710514fe33fa93acb4596fe74d0.jpg,a2e7f3d48f8dccd7c76e3e3b8d8b56849dad1710514fe33fa93acb4596fe74d0,B,0,Leaf rust/2 (14).jpeg
images/a2ed84bc1cdffb2fbedd124fa54fa8cb5f6353fd3ec4b354327e4442d1bcfc73.jpg,a2ed84bc1cdffb2fbedd124fa54fa8cb5f6353fd3ec4b354327e4442d1bcfc73,E,0,Miner/1 (10359).jpg
images/a2f1184cd7bda67ac21e5e51ee040e15255b4bbdad96c891d2861c8c224442b6.jpg,a2f1184cd7bda67ac21e5e51ee040e15255b4bbdad96c891d2861c8c224442b6,D,1,Phoma/3 (1302).jpg
images/a30d977a7065743a00ec35dd66710ddba1111cb746c663b0e4bdbab4696f7937.jpg,a30d977a7065743a00ec35dd66710ddba1111cb746c663b0e4bdbab4696f7937,B,0,Leaf rust/2 (807).jpg
images/a31387763036d0229590383c05f4beda76cdca2075fcf9257161f2ad8388c98a.jpg,a31387763036d0229590383c05f4beda76cdca2075fcf9257161f2ad8388c98a,D,1,Phoma/2 (326).jpg
images/a3178af1b8940f6128eb0d6d08c3cb1c1815dfd3ce74d893c8991ef8e9e5b195.jpg,a3178af1b8940f6128eb0d6d08c3cb1c1815dfd3ce74d893c8991ef8e9e5b195,B,0,Leaf rust/2 (950).jpg
images/a31949833fc9e25633fbe0f769ed517984273d800373ffae11e14268f382401d.jpg,a31949833fc9e25633fbe0f769ed517984273d800373ffae11e14268f382401d,B,0,Leaf rust/1 (387).jpg
images/a31f23d56f21d61c4b11569e1a8c8be8ab115004530e1d9de3f7607eba7c887d.jpg,a31f23d56f21d61c4b11569e1a8c8be8ab115004530e1d9de3f7607eba7c887d,C,1,Cerscospora/6 (743).jpg
images/a327b565d51c9fc51589fa9e2e803b06a1717bc7addfc1a33a7bf66686631217.jpg,a327b565d51c9fc51589fa9e2e803b06a1717bc7addfc1a33a7bf66686631217,E,0,Miner/1 (10176).jpg
images/a34a15dcb1b9eee3f8b0753326035a88efc878e42095c9d02ce5ecafefb05a13.jpg,a34a15dcb1b9eee3f8b0753326035a88efc878e42095c9d02ce5ecafefb05a13,E,0,Miner/1 (11093).jpg
images/a34cf7319356aca5260ee619e5c4f2f7784d1ee2363258603e27bc45e4a0a194.jpg,a34cf7319356aca5260ee619e5c4f2f7784d1ee2363258603e27bc45e4a0a194,E,0,Miner/1 (13825).jpg
images/a360a97b1c12df176fb870824ca4a4e1e626023acb29b2e7c2fcfb648ff9164c.jpg,a360a97b1c12df176fb870824ca4a4e1e626023acb29b2e7c2fcfb648ff9164c,B,0,Leaf rust/2 (536).jpg
images/a3777d593a121b8285aad739658813ed8bfc23326d900222999d2fbe428c140f.jpg,a3777d593a121b8285aad739658813ed8bfc23326d900222999d2fbe428c140f,E,0,Miner/1 (10260).jpg
images/a398af3434fca796cd41bec2699da445de0ae02fcf9eb16a8ce666ae66a19c1a.jpg,a398af3434fca796cd41bec2699da445de0ae02fcf9eb16a8ce666ae66a19c1a,B,0,Leaf rust/1 (177).jpg
images/a3991f1be666e115875a13ff7390cf86f216b7fc798102a13ee87138c850abfa.jpg,a3991f1be666e115875a13ff7390cf86f216b7fc798102a13ee87138c850abfa,B,0,Leaf rust/2 (757).jpg
images/a39bba81bbe47bf187c9083d393646e2287c1bca399c9430e2ed4579ae4afd9a.jpg,a39bba81bbe47bf187c9083d393646e2287c1bca399c9430e2ed4579ae4afd9a,E,0,Miner/1 (11864).jpg
images/a3a1817c94444d9bcb751a1ffa8048c5bed56ca09e8dbdfb958ab5cc56882369.jpg,a3a1817c94444d9bcb751a1ffa8048c5bed56ca09e8dbdfb958ab5cc56882369,E,0,Miner/1 (15250).jpg
images/a3a4f9a598d237e7a75523c2c1a9c76224e9252b09ce131cedb8951e7b03d454.jpg,a3a4f9a598d237e7a75523c2c1a9c76224e9252b09ce131cedb8951e7b03d454,E,0,Miner/1 (10030).jpg
images/a3a87a499ff69f4a71cdbffe0d0c507189be4abbc35215ec018b4e8d597bd8a4.jpg,a3a87a499ff69f4a71cdbffe0d0c507189be4abbc35215ec018b4e8d597bd8a4,E,0,Miner/1 (12081).jpg
images/a3cec06c2eb2f8d2151a501e926a16da13be68dd5b7212fe6a5159933cd408d8.jpg,a3cec06c2eb2f8d2151a501e926a16da13be68dd5b7212fe6a5159933cd408d8,E,0,Miner/1 (11914).jpg
images/a3d2ca6683cd762bd40bee790f6e77bf08ab53499f8f8874a552fe51c9a982de.jpg,a3d2ca6683cd762bd40bee790f6e77bf08ab53499f8f8874a552fe51c9a982de,E,0,Miner/1 (10008).jpg
images/a3e419a62fbd7570f7ddfea0d328d52116bfe279de2b55592969e5302cdded22.jpg,a3e419a62fbd7570f7ddfea0d328d52116bfe279de2b55592969e5302cdded22,E,0,Miner/1 (14977).jpg
images/a3e7a990737626f88ea6718512187ae2bc99a7a0734321c1762747112c3ecd25.jpg,a3e7a990737626f88ea6718512187ae2bc99a7a0734321c1762747112c3ecd25,E,0,Miner/1 (14976).jpg
images/a3ef5f8201a86b7ceb39f3ca60aafafec3f0932b6cb2e8108522b2b998866626.jpg,a3ef5f8201a86b7ceb39f3ca60aafafec3f0932b6cb2e8108522b2b998866626,B,0,Leaf rust/1 (389).jpg
images/a407057f8446deec1db3d62150a026c62cfa514cc11b2a5d06258ee0e38236c3.jpg,a407057f8446deec1db3d62150a026c62cfa514cc11b2a5d06258ee0e38236c3,D,1,Phoma/4 (23).jpg
images/a412931654ce0c941cb7923e218448f09c297a7b6f49f8f2bae73d0b3549cf7a.jpg,a412931654ce0c941cb7923e218448f09c297a7b6f49f8f2bae73d0b3549cf7a,E,0,Miner/1 (10079).jpg
images/a4256e087aecd99eb1f18d3cdcec3c01bdef0fd94f61ab6d476ce75a63a5606d.jpg,a4256e087aecd99eb1f18d3cdcec3c01bdef0fd94f61ab6d476ce75a63a5606d,B,0,Leaf rust/1 (363).jpg
images/a42d9a4e0d7b8a3c182d0abb2f6176d88bd7788b8516986a63bd834998065b53.jpg,a42d9a4e0d7b8a3c182d0abb2f6176d88bd7788b8516986a63bd834998065b53,D,1,Phoma/2 (483).jpg
images/a434d3b1641bc428c53fcd487da1c3f8bfb1c310a59b112a07695a293b9014e6.jpg,a434d3b1641bc428c53fcd487da1c3f8bfb1c310a59b112a07695a293b9014e6,B,0,Leaf rust/2 (837).jpg
images/a43b6d50194734fb3c2bd87e45fbb98cd6e82e27a53a772514e445c418a3b495.jpg,a43b6d50194734fb3c2bd87e45fbb98cd6e82e27a53a772514e445c418a3b495,E,0,Miner/1 (13823).jpg
images/a43c9eb66e439d2eb8298481c15c870359f91be1c40f59b990cf81a8a45a33cc.jpg,a43c9eb66e439d2eb8298481c15c870359f91be1c40f59b990cf81a8a45a33cc,A,1,Healthy/1 (2860).jpg
images/a43f8a2bf4a03486862ec142d7a596c103c696e58a7cdcf5276ac6524a16b227.jpg,a43f8a2bf4a03486862ec142d7a596c103c696e58a7cdcf5276ac6524a16b227,E,0,Miner/1 (12535).jpg
images/a440b06ba1359d26c25abf9e2db369499e9a9d6bfda5cb1ae7a4e153ac994e09.jpg,a440b06ba1359d26c25abf9e2db369499e9a9d6bfda5cb1ae7a4e153ac994e09,E,0,Miner/1 (14716).jpg
images/a45318cc4241cd621f90da744550bdd5dae2dec8f40364aea032830985961466.jpg,a45318cc4241cd621f90da744550bdd5dae2dec8f40364aea032830985961466,D,1,Phoma/4 (483).jpg
images/a45d492ab24525547b3d63bb1fcb90dc756646c497726b95c86ccd0908339e4b.jpg,a45d492ab24525547b3d63bb1fcb90dc756646c497726b95c86ccd0908339e4b,E,0,Miner/1 (11287).jpg
images/a48531e39b3a55916ad4ad18489f0481daf7ea497bba77d78cc8dcb3df39d4c4.jpg,a48531e39b3a55916ad4ad18489f0481daf7ea497bba77d78cc8dcb3df39d4c4,E,0,Miner/1 (10311).jpg
images/a48c3134b70d88f896cf1da8b96ea740df405b715836650c72b4a49b7be57557.jpg,a48c3134b70d88f896cf1da8b96ea740df405b715836650c72b4a49b7be57557,E,0,Miner/1 (13217).jpg
images/a4a0ab993bb237ce746b630839f24f9c45ee1bbf9a28d06b1996e03c559bedcd.jpg,a4a0ab993bb237ce746b630839f24f9c45ee1bbf9a28d06b1996e03c559bedcd,E,0,Miner/1 (10414).jpg
images/a4b38feb111d4c69f2e4daabd21d35d73cb6b4eabd974e243bc99ac39289bfe8.jpg,a4b38feb111d4c69f2e4daabd21d35d73cb6b4eabd974e243bc99ac39289bfe8,E,0,Miner/1 (13564).jpg
images/a4b5f15b4d939630e9671d643dc8cd9b8770446c3c3cdeaee974854f39b76dfc.jpg,a4b5f15b4d939630e9671d643dc8cd9b8770446c3c3cdeaee974854f39b76dfc,E,0,Miner/1 (13686).jpg
images/a4bab1c406e840b8e367ab772d6908f068558f410195ec54636048e9f1175a18.jpg,a4bab1c406e840b8e367ab772d6908f068558f410195ec54636048e9f1175a18,D,1,Phoma/3 (1132).jpg
images/a4ca69c761dd1db71059b08172583177dade624be9dd77adcf88cfa493c35e01.jpg,a4ca69c761dd1db71059b08172583177dade624be9dd77adcf88cfa493c35e01,E,0,Miner/1 (10137).jpg
images/a4dc2647022556f57fadf71a044d9a75f136437310cc5e014d18e41de76cc41e.jpg,a4dc2647022556f57fadf71a044d9a75f136437310cc5e014d18e41de76cc41e,E,0,Miner/1 (14714).jpg
images/a518d8fab29a8d3f4867d0b76d9fba74247e5ef05a52cf36df43b19e0813b624.jpg,a518d8fab29a8d3f4867d0b76d9fba74247e5ef05a52cf36df43b19e0813b624,E,0,Miner/1 (12857).jpg
images/a5296c16b4b4dc327fd719bb76361cf8665ebc9f6db1e7352a00816f21eaf565.jpg,a5296c16b4b4dc327fd719bb76361cf8665ebc9f6db1e7352a00816f21eaf565,E,0,Miner/1 (14792).jpg
images/a529cf84a79393679cd4ee17f5b4a766c5261fc5b319b15b662bdcafcded15bc.jpg,a529cf84a79393679cd4ee17f5b4a766c5261fc5b319b15b662bdcafcded15bc,B,0,Leaf rust/2 (646).jpg
images/a52b66ac9463059a24ed270afbc5a6919d232c0519a45c537f7dd7dc84dcab07.jpg,a52b66ac9463059a24ed270afbc5a6919d232c0519a45c537f7dd7dc84dcab07,B,0,Leaf rust/1 (404).jpg
images/a531ee3a5c243919bd15ae09a85b792d2a1691fb298d70ba6e33b96ee58e832e.jpg,a531ee3a5c243919bd15ae09a85b792d2a1691fb298d70ba6e33b96ee58e832e,B,0,Leaf rust/1 (216).jpg
images/a53de94548a0626f5c64870e6a5f5e661dd862b87eef1af5c554acbf90495936.jpg,a53de94548a0626f5c64870e6a5f5e661dd862b87eef1af5c554acbf90495936,B,0,Leaf rust/1 (377).jpg
images/a54df2a01bdd252265246290679deaacc1df0bf41dc2aedabedd4566baa5e8cf.jpg,a54df2a01bdd252265246290679deaacc1df0bf41dc2aedabedd4566baa5e8cf,E,0,Miner/1 (1069).jpg
images/a56ad1c3971669aac66236b20d07bd3169317caf5096a962bdb2c68f1812f9dc.jpg,a56ad1c3971669aac66236b20d07bd3169317caf5096a962bdb2c68f1812f9dc,B,0,Leaf rust/2 (934).jpg
images/a574e2a29ac594dde3c2ed84e9ac2ffa33ababcde081fc2a0024953a73c518f7.jpg,a574e2a29ac594dde3c2ed84e9ac2ffa33ababcde081fc2a0024953a73c518f7,A,1,Healthy/1 (1323).jpg
images/a57725bc30dda7d3fcce0dfb39d256a575d187575a1837d995196f0918e9caaa.jpg,a57725bc30dda7d3fcce0dfb39d256a575d187575a1837d995196f0918e9caaa,D,1,Phoma/3 (1044).jpg
images/a57ba6962909d0a43e41ad80e1778750ca073fca61c3fcdd3e9b49dc1bdc428c.jpg,a57ba6962909d0a43e41ad80e1778750ca073fca61c3fcdd3e9b49dc1bdc428c,E,0,Miner/1 (15818).jpg
images/a57fd0d61b0a1614a852f19b20e7666f005ac8916c82e77a2b6da490dd7edf0a.jpg,a57fd0d61b0a1614a852f19b20e7666f005ac8916c82e77a2b6da490dd7edf0a,C,1,Cerscospora/7 (847).jpg
images/a593c17f7393e31c420e982969abe616fbfc85fe311f06444e8a5f9cf88d529d.jpg,a593c17f7393e31c420e982969abe616fbfc85fe311f06444e8a5f9cf88d529d,B,0,Leaf rust/2 (711).jpg
images/a5ac8a7b7b06057ad28ef2053c6b6c1104b30734d591037087a568e38a6624ed.jpg,a5ac8a7b7b06057ad28ef2053c6b6c1104b30734d591037087a568e38a6624ed,E,0,Miner/1 (10310).jpg
images/a5b98f7b8717c4f65751adec1e8bceb04276627d76a164f4266b82c3b0862dc7.jpg,a5b98f7b8717c4f65751adec1e8bceb04276627d76a164f4266b82c3b0862dc7,B,0,Leaf rust/1 (128).jpg
images/a5d90e92c56949c8c39ca650ce00c5c12a253bd448240f1209235f62dd3c3398.jpg,a5d90e92c56949c8c39ca650ce00c5c12a253bd448240f1209235f62dd3c3398,B,0,Leaf rust/2 (605).jpg
images/a5db44487d022be39897a4febb776f1bc4f8c5873a06fea9a10c6dcb10506e08.jpg,a5db44487d022be39897a4febb776f1bc4f8c5873a06fea9a10c6dcb10506e08,E,0,Miner/1 (14192).jpg
images/a5dfcba2e59ae16560fc233eceaf7143f27ef668a772a8290d236aa97ef770f4.jpg,a5dfcba2e59ae16560fc233eceaf7143f27ef668a772a8290d236aa97ef770f4,E,0,Miner/1 (12140).jpg
images/a5f15d7e75e3865d534a8ab348c47344591dd60d8ce2a3df0afa6a1653dd2c61.jpg,a5f15d7e75e3865d534a8ab348c47344591dd60d8ce2a3df0afa6a1653dd2c61,E,0,Miner/1 (15682).jpg
images/a5f184adce276a786e3362c776c3ea1951e2d622154a358c6390710d5ed23520.jpg,a5f184adce276a786e3362c776c3ea1951e2d622154a358c6390710d5ed23520,E,0,Miner/1 (14788).jpg
images/a5f72567e3b5a3228e7ce438963e549221b7c92a841e3654d070ef7efb049647.jpg,a5f72567e3b5a3228e7ce438963e549221b7c92a841e3654d070ef7efb049647,D,1,Phoma/1 (446).jpg
images/a5f8549055514e9cafbd75376c845c22d3566d94ef05087efdfcd465fe83cfba.jpg,a5f8549055514e9cafbd75376c845c22d3566d94ef05087efdfcd465fe83cfba,B,0,Leaf rust/2 (969).jpg
images/a5fde6827d4ffa2d67440ca7074753669a987184a6cd1cf7206ac788fb8f5b94.jpg,a5fde6827d4ffa2d67440ca7074753669a987184a6cd1cf7206ac788fb8f5b94,E,0,Miner/1 (14821).jpg
images/a60c6ab931c6bf4b50f2c7e88217871f596dbe7d0daf13d26c48f6c5203ffe70.jpg,a60c6ab931c6bf4b50f2c7e88217871f596dbe7d0daf13d26c48f6c5203ffe70,C,1,Cerscospora/8 (170).jpg
images/a61abec7cd8a7deaf102d128d83e1dc23b1cff9b2c9cfbf95664fefc1b875bf7.jpg,a61abec7cd8a7deaf102d128d83e1dc23b1cff9b2c9cfbf95664fefc1b875bf7,B,0,Leaf rust/2 (848).jpg
images/a61b14ac6d964ebdf5735c67c9b260176904776d70a7bf9f45400d1ef7bf1a63.jpg,a61b14ac6d964ebdf5735c67c9b260176904776d70a7bf9f45400d1ef7bf1a63,E,0,Miner/1 (11969).jpg
images/a6550924524ad2bed5b1436cf55dfbb384c3fb22d421aaf8d2d7857d07f8ad5f.jpg,a6550924524ad2bed5b1436cf55dfbb384c3fb22d421aaf8d2d7857d07f8ad5f,C,1,Cerscospora/6 (273).jpg
images/a67002c2c3f0a3e974f0d7cf295f81bba900960fc83532c1a7a3132ccc241cb9.jpg,a67002c2c3f0a3e974f0d7cf295f81bba900960fc83532c1a7a3132ccc241cb9,E,0,Miner/1 (13846).jpg
images/a67f5d94f69c1e84d924924b06f621c366cfc8db9d7160a8d32bfb6860242c6a.jpg,a67f5d94f69c1e84d924924b06f621c366cfc8db9d7160a8d32bfb6860242c6a,C,1,Cerscospora/6 (121).jpg
images/a68db83797a4fb1fbbf26840598707b20689f3c3b33676ad0c7e6148866ee38a.jpg,a68db83797a4fb1fbbf26840598707b20689f3c3b33676ad0c7e6148866ee38a,B,0,Leaf rust/1 (437).jpg
images/a68f2f04e6649ad04d8f4c8f5ed1940261c4b6a2e73dcfba1b9bdf24ae1ddb17.jpg,a68f2f04e6649ad04d8f4c8f5ed1940261c4b6a2e73dcfba1b9bdf24ae1ddb17,D,1,Phoma/1 (543).jpg
images/a6a03c68f7c3ed857d12f40bd6bc63b36cd203c2a8d05b437d012d1ba7f796f8.jpg,a6a03c68f7c3ed857d12f40bd6bc63b36cd203c2a8d05b437d012d1ba7f796f8,E,0,Miner/1 (12198).jpg
images/a6e4c486b11c43707d8e16da391ff7f99fe19c9e6c66a9df08ef68003bcf2717.jpg,a6e4c486b11c43707d8e16da391ff7f99fe19c9e6c66a9df08ef68003bcf2717,E,0,Miner/1 (14048).jpg
images/a6fdd3fd038417294f3b076c165119cc80a6c7c6146e79efb021ee89bf5225ad.jpg,a6fdd3fd038417294f3b076c165119cc80a6c7c6146e79efb021ee89bf5225ad,D,1,Phoma/4 (151).jpg
images/a70d4a3f748b61fc5f28aff21ead2f4b50293f06f7c9fa328a848ed4b190fe03.jpg,a70d4a3f748b61fc5f28aff21ead2f4b50293f06f7c9fa328a848ed4b190fe03,B,0,Leaf rust/1 (444).jpg
images/a7178a0c2a5607ade7e87056c619d8c0f9af0bc7df7d2ff90da5b0859a417f57.jpg,a7178a0c2a5607ade7e87056c619d8c0f9af0bc7df7d2ff90da5b0859a417f57,D,1,Phoma/3 (1375).jpg
images/a7238d91b3104f4223bd90acfeafd275035d73266a0212a2e5438ca7c99b92e9.jpg,a7238d91b3104f4223bd90acfeafd275035d73266a0212a2e5438ca7c99b92e9,B,0,Leaf rust/1 (432).jpg
images/a73d723b1d9cea8169858232526c482e8cd84800a48f5cc19b8835bdd263b6ae.jpg,a73d723b1d9cea8169858232526c482e8cd84800a48f5cc19b8835bdd263b6ae,E,0,Miner/1 (10609).jpg
images/a742164d3e24ff7f7a6a20fc2148cc9dfc734a132fb640b6e493e9c7655dbd97.jpg,a742164d3e24ff7f7a6a20fc2148cc9dfc734a132fb640b6e493e9c7655dbd97,B,0,Leaf rust/2 (515).jpg
images/a75895e5ec80c68737b0453ee2835b60fea96e1f2adc006821ef7c27e617d04b.jpg,a75895e5ec80c68737b0453ee2835b60fea96e1f2adc006821ef7c27e617d04b,B,0,Leaf rust/2 (884).jpg
images/a76968793e0348f99ea3e4b0560e5ec398dae3fd19a0d9a4ea826a7786c1549f.jpg,a76968793e0348f99ea3e4b0560e5ec398dae3fd19a0d9a4ea826a7786c1549f,E,0,Miner/1 (10083).jpg
images/a78458d9a7418f0f554a5bd26a8ceff22b30f0c9dad176939450c231fc634d6c.jpg,a78458d9a7418f0f554a5bd26a8ceff22b30f0c9dad176939450c231fc634d6c,E,0,Miner/1 (14245).jpg
images/a789779053e6150246279ccccec54e0fb083b0dd7582874a2f352ed18c927c09.jpg,a789779053e6150246279ccccec54e0fb083b0dd7582874a2f352ed18c927c09,B,0,Leaf rust/1 (476).jpg
images/a79a877ded98d1b95747238db000340cc6fdf96264af6c8946792089425384ce.jpg,a79a877ded98d1b95747238db000340cc6fdf96264af6c8946792089425384ce,D,1,Phoma/4 (523).jpg
images/a79ed59b331ac66eab8566c2ae6f83ecc4d6001fb5c8a84622005c332b13254d.jpg,a79ed59b331ac66eab8566c2ae6f83ecc4d6001fb5c8a84622005c332b13254d,C,1,Cerscospora/8 (867).jpg
images/a7b5aa268a81750f4234429015742fc0412a0f36d9c3730c297f5fef7f57cc88.jpg,a7b5aa268a81750f4234429015742fc0412a0f36d9c3730c297f5fef7f57cc88,B,0,Leaf rust/2 (627).jpg
images/a7c791cb512bae44612be39990819ee1f47736c39607372785b8a2566b046bac.jpg,a7c791cb512bae44612be39990819ee1f47736c39607372785b8a2566b046bac,B,0,Leaf rust/1 (52).jpg
images/a7d5d0743c21327a7ce06ca93fa2166765a9ee7c2b97c3cad798e7f3105af640.jpg,a7d5d0743c21327a7ce06ca93fa2166765a9ee7c2b97c3cad798e7f3105af640,B,0,Leaf rust/1 (308).jpg
images/a7f9e049cbfc10fd0b7af0bca5ab225b22e3b0aefd6ace75864a9f6096830ae4.jpg,a7f9e049cbfc10fd0b7af0bca5ab225b22e3b0aefd6ace75864a9f6096830ae4,E,0,Miner/1 (12860).jpg
images/a7fda617ea2a5bf81f3bfa752e8b79c2a2c4ed55dfc0cdded12868ac64e20701.jpg,a7fda617ea2a5bf81f3bfa752e8b79c2a2c4ed55dfc0cdded12868ac64e20701,E,0,Miner/1 (14994).jpg
images/a81ba251134a8cf5ca09d376f59d3d38ffd9918f12d3af6e3eb3a04249885edf.jpg,a81ba251134a8cf5ca09d376f59d3d38ffd9918f12d3af6e3eb3a04249885edf,E,0,Miner/1 (10424).jpg
images/a8208090ff761843603b221f9eecd52a00a1bb98daafcb9d1cef93969cdf5451.jpg,a8208090ff761843603b221f9eecd52a00a1bb98daafcb9d1cef93969cdf5451,E,0,Miner/1 (12001).jpg
images/a82619a904cb2b8bd4ca5fd1e91c4c836a39b76f182770249303fc5ea3ab11f7.jpg,a82619a904cb2b8bd4ca5fd1e91c4c836a39b76f182770249303fc5ea3ab11f7,E,0,Miner/1 (10268).jpg
images/a826714940d0a726b4c235b3bfc15eb15c25944fa688be76b1ce46fdada0e56d.jpg,a826714940d0a726b4c235b3bfc15eb15c25944fa688be76b1ce46fdada0e56d,D,1,Phoma/3 (1257).jpg
images/a8447d28eb006643d65058f5f4e823170b30bdbc0d2990b7706da565f05f994b.jpg,a8447d28eb006643d65058f5f4e823170b30bdbc0d2990b7706da565f05f994b,E,0,Miner/1 (13212).jpg
images/a847250140b286b5fe472d5b92ae76e32da476dc612994914fd2e919f8c4a487.jpg,a847250140b286b5fe472d5b92ae76e32da476dc612994914fd2e919f8c4a487,B,0,Leaf rust/2 (600).jpg
images/a85028da724ff51cf2746e11b624aebc4548a147e2351e53312297c687a25bac.jpg,a85028da724ff51cf2746e11b624aebc4548a147e2351e53312297c687a25bac,D,1,Phoma/2 (408).jpg
images/a85a73812f0c39d404c598f66d5664790c3d71c7f2fcf8b5cec0f4279ba6c42a.jpg,a85a73812f0c39d404c598f66d5664790c3d71c7f2fcf8b5cec0f4279ba6c42a,B,0,Leaf rust/1 (16).jpg
images/a86018aab5a13612f8f5158b038728a87e445adf34c9b8a44cba3b22d100a8ea.jpg,a86018aab5a13612f8f5158b038728a87e445adf34c9b8a44cba3b22d100a8ea,D,1,Phoma/4 (119).jpg
images/a879acb18b833d27053d5e29260bf6119e2401b16b085eb89b4c44ee0cc5e537.jpg,a879acb18b833d27053d5e29260bf6119e2401b16b085eb89b4c44ee0cc5e537,D,1,Phoma/1 (562).jpg
images/a8d3b16c3ba0dc11193bf9083b7085cb85e9495b88d83e60508ba703b8d8b1d9.jpg,a8d3b16c3ba0dc11193bf9083b7085cb85e9495b88d83e60508ba703b8d8b1d9,E,0,Miner/1 (15877).jpg
images/a8d5857928fa40aa6d6819d2d90c8f6047b44abb24d60387e995e55c3a340d7d.jpg,a8d5857928fa40aa6d6819d2d90c8f6047b44abb24d60387e995e55c3a340d7d,E,0,Miner/1 (12049).jpg
images/a8ed6a3bc9bb5ef604542497d440992b95e9b4485d4afaa7e1168126a67ca693.jpg,a8ed6a3bc9bb5ef604542497d440992b95e9b4485d4afaa7e1168126a67ca693,E,0,Miner/1 (11008).jpg
images/a90afd7eb8ef433475718d7872971e38c65ba81f965279711363c1fd0a6c9144.jpg,a90afd7eb8ef433475718d7872971e38c65ba81f965279711363c1fd0a6c9144,D,1,Phoma/2 (133).jpg
images/a926ad8903197801d903717c7a07693e7ea32118404bc4ab81c659ca3300286d.jpg,a926ad8903197801d903717c7a07693e7ea32118404bc4ab81c659ca3300286d,B,0,Leaf rust/2 (1009).jpg
images/a930b4d16bb77d294916b3231f101b844306b882254ddff0a11a6502ce43145a.jpg,a930b4d16bb77d294916b3231f101b844306b882254ddff0a11a6502ce43145a,E,0,Miner/1 (11713).jpg
images/a93d82aa22286f05536fdf2fe30f4290e6d1c0efc38d1f9c32143361525ba4e5.jpg,a93d82aa22286f05536fdf2fe30f4290e6d1c0efc38d1f9c32143361525ba4e5,B,0,Leaf rust/2 (655).jpg
images/a97c7e4bc0767599b57f033e7dbc575f1ffae06f39e8b0c07cc97bf4f3e163f7.jpg,a97c7e4bc0767599b57f033e7dbc575f1ffae06f39e8b0c07cc97bf4f3e163f7,D,1,Phoma/1 (326).jpg
images/a97f18a13da9d3418232d7f26d1f864ac5fdf32070f38fa096261e19263d2d0d.jpg,a97f18a13da9d3418232d7f26d1f864ac5fdf32070f38fa096261e19263d2d0d,E,0,Miner/1 (10012).jpg
images/a98a4964455fefcaf5c68dcade0c35e30e84eff252a2cad2e3857b9f2ca8844d.jpg,a98a4964455fefcaf5c68dcade0c35e30e84eff252a2cad2e3857b9f2ca8844d,D,1,Phoma/4 (118).jpg
images/a9a8ca6cd38c2404aece33124fe2d9aad2f0771f55838f4674793b137efce45b.jpg,a9a8ca6cd38c2404aece33124fe2d9aad2f0771f55838f4674793b137efce45b,E,0,Miner/1 (15202).jpg
images/a9b2065aa1f56735685c340fd1a6411ba585a184fcaa6e2c5d2f3cc475f6bcb1.jpg,a9b2065aa1f56735685c340fd1a6411ba585a184fcaa6e2c5d2f3cc475f6bcb1,B,0,Leaf rust/1 (443).jpg
images/a9c9b917325cbd2f5df2412b3d3a825020cf538006d1233607058586c662c54f.jpg,a9c9b917325cbd2f5df2412b3d3a825020cf538006d1233607058586c662c54f,E,0,Miner/1 (10015).jpg
images/a9cec058ef6d97756e417d224ee7170755b36b7570ce44471c6714f3b1b43420.jpg,a9cec058ef6d97756e417d224ee7170755b36b7570ce44471c6714f3b1b43420,E,0,Miner/1 (14314).jpg
images/a9d25f26b48183eb8ba2b6bc293e657b0163c8a710c0e3c9442949b57f89aa7c.jpg,a9d25f26b48183eb8ba2b6bc293e657b0163c8a710c0e3c9442949b57f89aa7c,E,0,Miner/1 (10741).jpg
images/a9d6545dd3f50c8e6dfb15e239d4fdb2746375171d1dcb6d4bc6e4b6eff2aefe.jpg,a9d6545dd3f50c8e6dfb15e239d4fdb2746375171d1dcb6d4bc6e4b6eff2aefe,C,1,Cerscospora/8 (431).jpg
images/a9d9502bc0f24a987fdaf4510da033cf3b20c8bc5434df3a5ded1e63480a16c0.jpg,a9d9502bc0f24a987fdaf4510da033cf3b20c8bc5434df3a5ded1e63480a16c0,C,1,Cerscospora/6 (860).jpg
images/a9dc8d8970321024b7cf1032ad4937d899c5c73ee30ce45950308ab38cae71cd.jpg,a9dc8d8970321024b7cf1032ad4937d899c5c73ee30ce45950308ab38cae71cd,E,0,Miner/1 (14778).jpg
images/a9e3045b67c16e1d9e6079daac142045817739d49d7424d8220e43fe0b65874d.jpg,a9e3045b67c16e1d9e6079daac142045817739d49d7424d8220e43fe0b65874d,E,0,Miner/1 (10391).jpg
images/a9ee094f5f7972ff3e8c8b07850a45375b672feea236f199f550d1a473e890e4.jpg,a9ee094f5f7972ff3e8c8b07850a45375b672feea236f199f550d1a473e890e4,D,1,Phoma/3 (1098).jpg
images/a9f0a60dfbbe4fc378448d2d26eb2bbfe21bcee1c210812af080a4534bdf61c6.jpg,a9f0a60dfbbe4fc378448d2d26eb2bbfe21bcee1c210812af080a4534bdf61c6,D,1,Phoma/3 (1493).jpg
images/aa2594cc3ec409271198bc9430932974639eaf35f54364fdeb682818ae264a1d.jpg,aa2594cc3ec409271198bc9430932974639eaf35f54364fdeb682818ae264a1d,B,0,Leaf rust/2 (601).jpg
images/aa2cd98be1297433ac55e26da67f6ccd46e58e25fa45551d8ccc94befaf72dd7.jpg,aa2cd98be1297433ac55e26da67f6ccd46e58e25fa45551d8ccc94befaf72dd7,E,0,Miner/1 (12870).jpg
images/aa2de21a82ab7279e2c0bec150a76398ea6f4b57bb6f5e623948de9646cfb486.jpg,aa2de21a82ab7279e2c0bec150a76398ea6f4b57bb6f5e623948de9646cfb486,E,0,Miner/1 (10760).jpg
images/aa58eaee0b3321a6bd622d62e3441691d6623cfd8df1b5dd8e48d3519d0430c9.jpg,aa58eaee0b3321a6bd622d62e3441691d6623cfd8df1b5dd8e48d3519d0430c9,E,0,Miner/1 (12538).jpg
images/aa6aa27084b80a3844a2fb6ec2efba8421b78265a46cf581de553f4b62893013.jpg,aa6aa27084b80a3844a2fb6ec2efba8421b78265a46cf581de553f4b62893013,D,1,Phoma/1 (336).jpg
images/aacade449691f69e496da5c9becddea8aef4d20eb420814c7747c019a09c30b7.jpg,aacade449691f69e496da5c9becddea8aef4d20eb420814c7747c019a09c30b7,B,0,Leaf rust/1 (239).jpg
images/aacb214413876c6e7d8281b792e395746759a0aef117c8217da84b092126c753.jpg,aacb214413876c6e7d8281b792e395746759a0aef117c8217da84b092126c753,E,0,Miner/1 (10737).jpg
images/aad625cf09fe6008f05799448b20cdc3c178a6459c63c492d2255b371cde1d6b.jpg,aad625cf09fe6008f05799448b20cdc3c178a6459c63c492d2255b371cde1d6b,D,1,Phoma/3 (1429).jpg
images/aae9112273637c3fdeebc19197727a257b1ad08bdca4c81ec579db2d57792fc1.jpg,aae9112273637c3fdeebc19197727a257b1ad08bdca4c81ec579db2d57792fc1,E,0,Miner/1 (12034).jpg
images/aaf32d7e2aec9b27abdac992467db78334aeffeecd689c679942b0c8012223c6.jpg,aaf32d7e2aec9b27abdac992467db78334aeffeecd689c679942b0c8012223c6,D,1,Phoma/4 (378).jpg
images/ab07067ce120e4d0a28578843683eb918287cc36499a8b88a7666f0714ccb8b6.jpg,ab07067ce120e4d0a28578843683eb918287cc36499a8b88a7666f0714ccb8b6,D,1,Phoma/1 (482).jpg
images/ab36b406639279593829007a1a012bf09f5777f5ac577eef9e1268aeff2e59b1.jpg,ab36b406639279593829007a1a012bf09f5777f5ac577eef9e1268aeff2e59b1,B,0,Leaf rust/1 (33).jpg
images/ab50d5e9db4f382663b609fb907de417d0787d1dd0a7210b62daade83a410fd2.jpg,ab50d5e9db4f382663b609fb907de417d0787d1dd0a7210b62daade83a410fd2,E,0,Miner/1 (14127).jpg
images/ab540524de92f34454cb189162d6a1636e2e88a062911bb1b268a307e4bc8403.jpg,ab540524de92f34454cb189162d6a1636e2e88a062911bb1b268a307e4bc8403,D,1,Phoma/2 (337).jpg
images/ab5d858689fec7b63cc352ab4c89f52acc929f25769af02170911aa0b64b702f.jpg,ab5d858689fec7b63cc352ab4c89f52acc929f25769af02170911aa0b64b702f,E,0,Miner/1 (13797).jpg
images/ab75614b1e8ecb3c53c29a7a85c76fc48fbb4d85144e572bc0615c042ddb82bb.jpg,ab75614b1e8ecb3c53c29a7a85c76fc48fbb4d85144e572bc0615c042ddb82bb,C,1,Cerscospora/8 (544).jpg
images/ab809b260743e5be5569aa01fcba1d5f94493a50803d3935bca4aa0857a06c3f.jpg,ab809b260743e5be5569aa01fcba1d5f94493a50803d3935bca4aa0857a06c3f,E,0,Miner/1 (12004).jpg
images/ab90f61dd5039c02cb782b3c4daa565aadbb8e0f08b38092fd2d0d6723a83a0f.jpg,ab90f61dd5039c02cb782b3c4daa565aadbb8e0f08b38092fd2d0d6723a83a0f,C,1,Cerscospora/4 (1045).jpg
images/abc03f9b79c3246a9c449e5a00079caf1a64951614f9201aaf25d97e7ab87373.jpg,abc03f9b79c3246a9c449e5a00079caf1a64951614f9201aaf25d97e7ab87373,B,0,Leaf rust/1 (208).jpg
images/abd42c1604293a686f72365d243d44c2748ab01128c34ce522f57c9c775e00d0.jpg,abd42c1604293a686f72365d243d44c2748ab01128c34ce522f57c9c775e00d0,E,0,Miner/1 (15336).jpg
images/abec6f247e5bfd9a842d48673a379f992471372ee4ac734552e80933a38b4803.jpg,abec6f247e5bfd9a842d48673a379f992471372ee4ac734552e80933a38b4803,E,0,Miner/1 (13585).jpg
images/abf2cf8d8267a008ea50a2149c979ac0ddc0d1f54926b8e7d1181f949ba85efb.jpg,abf2cf8d8267a008ea50a2149c979ac0ddc0d1f54926b8e7d1181f949ba85efb,D,1,Phoma/4 (134).jpg
images/ac05e85745c73ea39e6c7dca5ea3f05e1ebabc05a57399399dd36c5c0652eed8.jpg,ac05e85745c73ea39e6c7dca5ea3f05e1ebabc05a57399399dd36c5c0652eed8,E,0,Miner/1 (11435).jpg
images/ac0dd1163f20fe999ec9676ed8932a142c1d1c495ec6e743b10ed0f48261ab8c.jpg,ac0dd1163f20fe999ec9676ed8932a142c1d1c495ec6e743b10ed0f48261ab8c,C,1,Cerscospora/7 (677).jpg
images/ac30616c960fa29e43497d1523925074209e889b46fc1cd63a38b731dce0a576.jpg,ac30616c960fa29e43497d1523925074209e889b46fc1cd63a38b731dce0a576,E,0,Miner/1 (12071).jpg
images/ac32b1bc9a64520963a49013b112fc855e355eeac873d50ec52b10d892e18b95.jpg,ac32b1bc9a64520963a49013b112fc855e355eeac873d50ec52b10d892e18b95,B,0,Leaf rust/2 (928).jpg
images/ac3854ef3788fac03efcc611e662a7c9c96f0660b57e84e2ef4ef7dd7090080b.jpg,ac3854ef3788fac03efcc611e662a7c9c96f0660b57e84e2ef4ef7dd7090080b,E,0,Miner/1 (15599).jpg
images/ac3dc473cef995d1bc4fb4908a0863c6725fb822dc3229d8106ac6202d0bf039.jpg,ac3dc473cef995d1bc4fb4908a0863c6725fb822dc3229d8106ac6202d0bf039,E,0,Miner/1 (15757).jpg
images/ac5509a819da9fff334ae55a01933044f5de56cb87e26df0d254f6579ea076d2.jpg,ac5509a819da9fff334ae55a01933044f5de56cb87e26df0d254f6579ea076d2,E,0,Miner/1 (14094).jpg
images/ac63d120e187e35032de2e53c3fb2a27443d185ceec6030d5729e3028ece53f6.jpg,ac63d120e187e35032de2e53c3fb2a27443d185ceec6030d5729e3028ece53f6,E,0,Miner/1 (13942).jpg
images/ac75fa29cad1a5d89a2f9ed34c85a3ce5d8b5e4a18f4590ba66485a85fdcc406.jpg,ac75fa29cad1a5d89a2f9ed34c85a3ce5d8b5e4a18f4590ba66485a85fdcc406,E,0,Miner/1 (10058).jpg
images/ac7a7be0dc7d61e6d9e5f86d4eacc14a8800542ad994a43a8a538afed2aeed46.jpg,ac7a7be0dc7d61e6d9e5f86d4eacc14a8800542ad994a43a8a538afed2aeed46,E,0,Miner/1 (10180).jpg
images/ac89de21fd4ca55752e21b48388f8332ca9d37bc1d0c0da2b6941250ad90a0fd.jpg,ac89de21fd4ca55752e21b48388f8332ca9d37bc1d0c0da2b6941250ad90a0fd,E,0,Miner/1 (12094).jpg
images/ac934e822fe934fb8eb65ab3dabfe02d0c0211653ef4d6b5eb607c8776f023ff.jpg,ac934e822fe934fb8eb65ab3dabfe02d0c0211653ef4d6b5eb607c8776f023ff,E,0,Miner/1 (15339).jpg
images/ac9e8716fb79955db8a76a8d4879d9de3f45cb09e5742b62b3ad17e127ed28b9.jpg,ac9e8716fb79955db8a76a8d4879d9de3f45cb09e5742b62b3ad17e127ed28b9,D,1,Phoma/4 (186).jpg
images/acaff73bf138b3119851ae4de94227b0d25fdb5c77a067bfd218bc45f099a7e7.jpg,acaff73bf138b3119851ae4de94227b0d25fdb5c77a067bfd218bc45f099a7e7,D,1,Phoma/2 (863).jpg
images/acb04d1ed709850b8eebba8090dfc7935b97862b3afb5fb77fc229a4934e8056.jpg,acb04d1ed709850b8eebba8090dfc7935b97862b3afb5fb77fc229a4934e8056,B,0,Leaf rust/1 (415).jpg
images/acd77d393a49dad881bbefe8318ef2f4fbad9ae35eabf5a9d2e32df2d67cc986.jpg,acd77d393a49dad881bbefe8318ef2f4fbad9ae35eabf5a9d2e32df2d67cc986,E,0,Miner/1 (13559).jpg
images/ace53cd36886d2a9ebf6413916ee2fb28a40f8dfeadc2928cb6a9bd7c45cdb11.jpg,ace53cd36886d2a9ebf6413916ee2fb28a40f8dfeadc2928cb6a9bd7c45cdb11,E,0,Miner/1 (10085).jpg
images/ad2191ed2c14202c781834cc22bb91961c35b60bbe53eba92b35c3a423a8c7eb.jpg,ad2191ed2c14202c781834cc22bb91961c35b60bbe53eba92b35c3a423a8c7eb,B,0,Leaf rust/2 (843).jpg
images/ad2a2e532212d7b2f8de1e0adfee5db993cd1651eb6049b30f9470bc533ecdc2.jpg,ad2a2e532212d7b2f8de1e0adfee5db993cd1651eb6049b30f9470bc533ecdc2,B,0,Leaf rust/1 (57).jpg
images/ad5805cc4317fd2e2b8a5096f5a867e89cb94dc735b20f6d662f7a6656666b3b.jpg,ad5805cc4317fd2e2b8a5096f5a867e89cb94dc735b20f6d662f7a6656666b3b,B,0,Leaf rust/1 (441).jpg
images/ad58fe95dfce33cc472a24f2722099e8cd60bc6be544fef81576f3949216f050.jpg,ad58fe95dfce33cc472a24f2722099e8cd60bc6be544fef81576f3949216f050,E,0,Miner/1 (12193).jpg
images/ad5ba866eb15414146c9c541ff4cd1f6793130bc34e410b75f08667e3427e96c.jpg,ad5ba866eb15414146c9c541ff4cd1f6793130bc34e410b75f08667e3427e96c,E,0,Miner/1 (11524).jpg
images/ad6d774b8b4eb3a4a0209f3b4398d87dea2764d139d61a7ba595783e894ce085.jpg,ad6d774b8b4eb3a4a0209f3b4398d87dea2764d139d61a7ba595783e894ce085,E,0,Miner/1 (14092).jpg
images/ad8bc1a757a7e48f4d1c840f912becb829792ab77b7625aad8ac5cca145b4fd6.jpg,ad8bc1a757a7e48f4d1c840f912becb829792ab77b7625aad8ac5cca145b4fd6,E,0,Miner/1 (10136).jpg
images/ad8f0cde31cd7f4423fffb2dafa3ac11bbb41f67de5f1f6323d3b640adb330af.jpg,ad8f0cde31cd7f4423fffb2dafa3ac11bbb41f67de5f1f6323d3b640adb330af,E,0,Miner/1 (13413).jpg
images/ad91955bb0d9841da0d1a39c7227a048426337e7c4d312a04fdb8e8e62503f35.jpg,ad91955bb0d9841da0d1a39c7227a048426337e7c4d312a04fdb8e8e62503f35,E,0,Miner/1 (13340).jpg
images/ad94e261f017a5419379aa82a843952e556c8dbfc3b8532882fc0399f174a509.jpg,ad94e261f017a5419379aa82a843952e556c8dbfc3b8532882fc0399f174a509,D,1,Phoma/2 (140).jpg
images/ad950bce98118bd3235e68a0a01de4421e4dcf081550f878e39af13ce02e97a0.jpg,ad950bce98118bd3235e68a0a01de4421e4dcf081550f878e39af13ce02e97a0,B,0,Leaf rust/2 (540).jpg
images/ae22bf43791572380e18bafa1eaa127c5d25adffc32623e8374eb29ece0a5e29.jpg,ae22bf43791572380e18bafa1eaa127c5d25adffc32623e8374eb29ece0a5e29,D,1,Phoma/3 (1351).jpg
images/ae2d8532b4ff1af7cffbe35a58cb0eb93c9e5eea778be87c50d3f95bd8216837.jpg,ae2d8532b4ff1af7cffbe35a58cb0eb93c9e5eea778be87c50d3f95bd8216837,B,0,Leaf rust/2 (650).jpg
images/ae40124d5de4c83ae6e0f464ae664e1c72e5f12898df0fcbec3c1bfccdfa9174.jpg,ae40124d5de4c83ae6e0f464ae664e1c72e5f12898df0fcbec3c1bfccdfa9174,D,1,Phoma/2 (445).jpg
images/ae433b6281007e2b65f246e7998c8d3d56a9a6eb6f16fd3b55f0e23814292d66.jpg,ae433b6281007e2b65f246e7998c8d3d56a9a6eb6f16fd3b55f0e23814292d66,D,1,Phoma/4 (774).jpg
images/ae469457d2c496d4f9116486ccf000313faf338e7dc1969689433252813d9c8e.jpg,ae469457d2c496d4f9116486ccf000313faf338e7dc1969689433252813d9c8e,A,1,Healthy/1 (4170).jpg
images/ae4a9062a89c4c9e760900229923ff9430bb2866ec0a9d3f475b1ee59970978d.jpg,ae4a9062a89c4c9e760900229923ff9430bb2866ec0a9d3f475b1ee59970978d,B,0,Leaf rust/1 (236).jpg
images/ae589db7d3ac22d9db8ddf713c832894bd4bdb438b6c995dee228687a435f419.jpg,ae589db7d3ac22d9db8ddf713c832894bd4bdb438b6c995dee228687a435f419,D,1,Phoma/1 (542).jpg
images/ae5e26382217c9ec9dad1c0e2a64608852d28c8cad4946b4b35ce7401c56b1a1.jpg,ae5e26382217c9ec9dad1c0e2a64608852d28c8cad4946b4b35ce7401c56b1a1,E,0,Miner/1 (11705).jpg
images/ae6d340ac06be25f50bb8e4d4363355938e9bba7ba43091e5117b048dc024fa1.jpg,ae6d340ac06be25f50bb8e4d4363355938e9bba7ba43091e5117b048dc024fa1,E,0,Miner/1 (10344).jpg
images/ae727829f6d52a0f8e6c1125b658928c4f5bbec138e1b76a06872c756de9360e.jpg,ae727829f6d52a0f8e6c1125b658928c4f5bbec138e1b76a06872c756de9360e,C,1,Cerscospora/6 (100).jpg
images/ae9418ea5a07f2fa6b9ab6b685a0203985854012c78c0536e6458f8998fbf53e.jpg,ae9418ea5a07f2fa6b9ab6b685a0203985854012c78c0536e6458f8998fbf53e,E,0,Miner/1 (10735).jpg
images/aeab8982f421fe85df1885ac1cbf82d51fe9cc162740569d930157941fc1786b.jpg,aeab8982f421fe85df1885ac1cbf82d51fe9cc162740569d930157941fc1786b,E,0,Miner/1 (13845).jpg
images/aeacd44a3ffea2bbc4345d99c88c82c292364d665a3a5c3d4476b1ca4a4a2a61.jpg,aeacd44a3ffea2bbc4345d99c88c82c292364d665a3a5c3d4476b1ca4a4a2a61,B,0,Leaf rust/1 (366).jpg
images/aeaf33f817c9510975abf6a981e795744530077f1cbf2a4806c8b53124dc71d3.jpg,aeaf33f817c9510975abf6a981e795744530077f1cbf2a4806c8b53124dc71d3,C,1,Cerscospora/4 (1001).jpg
images/aeb0fe57b241e643d7cd613e96c4eab9d3dbc7c138b89dfbc34d517c706e430e.jpg,aeb0fe57b241e643d7cd613e96c4eab9d3dbc7c138b89dfbc34d517c706e430e,B,0,Leaf rust/2 (730).jpg
images/aebd4675798337a84efbb1116237cc420baf71ec2966b1627ec7256db2271122.jpg,aebd4675798337a84efbb1116237cc420baf71ec2966b1627ec7256db2271122,C,1,Cerscospora/6 (600).jpg
images/aed3f26791ff7088f1f27262f8cbfceb6d6d67365e3429c017c8ef4ab75acbde.jpg,aed3f26791ff7088f1f27262f8cbfceb6d6d67365e3429c017c8ef4ab75acbde,D,1,Phoma/1 (552).jpg
images/aee728f13e9e3d1a51a6b153ff000404f9bddcf81b0f2c72399879777b9ad8ae.jpg,aee728f13e9e3d1a51a6b153ff000404f9bddcf81b0f2c72399879777b9ad8ae,B,0,Leaf rust/2 (927).jpg
images/af0170997a4b58cbfce6b5b8df9294fbe701a28d64a0b890b950719d84452d85.jpg,af0170997a4b58cbfce6b5b8df9294fbe701a28d64a0b890b950719d84452d85,D,1,Phoma/1 (14).jpg
images/af0971cd10241544795e0a365235b566e859ef9e4116a4a5b78878777af84e15.jpg,af0971cd10241544795e0a365235b566e859ef9e4116a4a5b78878777af84e15,B,0,Leaf rust/1 (227).jpg
images/af172330331cc209c40891fd4e51cf459acce0c4219fe9db0ca19dc559ff478a.jpg,af172330331cc209c40891fd4e51cf459acce0c4219fe9db0ca19dc559ff478a,B,0,Leaf rust/1 (168).jpg
images/af23e6262bb36507167f58bea57c14e06e97fdb66f31b7ec04b003823bc04990.jpg,af23e6262bb36507167f58bea57c14e06e97fdb66f31b7ec04b003823bc04990,B,0,Leaf rust/2 (907).jpg
images/af34d6c5983ce4d36a27e0f33a3899e82d6610b967f3dfebf7633fc1beaa7466.jpg,af34d6c5983ce4d36a27e0f33a3899e82d6610b967f3dfebf7633fc1beaa7466,E,0,Miner/1 (12051).jpg
images/af4a1290bb12514620e6bcf9872c3ef5520a4b4fceae2d8c96af46cb94c1e3af.jpg,af4a1290bb12514620e6bcf9872c3ef5520a4b4fceae2d8c96af46cb94c1e3af,E,0,Miner/1 (11964).jpg
images/af73329e694d6c2e54d56b3d1afeec6814c6a6b1faf063c2b12e4ab8e8388aca.jpg,af73329e694d6c2e54d56b3d1afeec6814c6a6b1faf063c2b12e4ab8e8388aca,B,0,Leaf rust/1 (32).jpg
images/af7567520bd0a4894a3e4e7c04856d05a466dcafb26aa71a326b1bc7417a1337.jpg,af7567520bd0a4894a3e4e7c04856d05a466dcafb26aa71a326b1bc7417a1337,D,1,Phoma/3 (1277).jpg
images/af84bf87c92eb6ed7b8e5ac10d79453fef32e7c1d921a374768e5bd7efcfaa7e.jpg,af84bf87c92eb6ed7b8e5ac10d79453fef32e7c1d921a374768e5bd7efcfaa7e,C,1,Cerscospora/7 (117).jpg
images/af8905f4c4e1e2e9a13ab1addefbf2b3ba4b001bdae074af3cc23441589cfb66.jpg,af8905f4c4e1e2e9a13ab1addefbf2b3ba4b001bdae074af3cc23441589cfb66,D,1,Phoma/2 (139).jpg
images/af8e76a743b939c3b2ed223ffc34d557dc899ccc26224ece8f22b66145be13fb.jpg,af8e76a743b939c3b2ed223ffc34d557dc899ccc26224ece8f22b66145be13fb,E,0,Miner/1 (11576).jpg
images/af8eb1c17550b6a2d1dad1d578582ae6fe44e815d014d35c3e772e001851f67d.jpg,af8eb1c17550b6a2d1dad1d578582ae6fe44e815d014d35c3e772e001851f67d,E,0,Miner/1 (10745).jpg
images/af9cd8f8d2ae539f5f06e75f9096c7c4bc7ef94d8f045f0439c8a9ca62268dc0.jpg,af9cd8f8d2ae539f5f06e75f9096c7c4bc7ef94d8f045f0439c8a9ca62268dc0,E,0,Miner/1 (10613).jpg
images/afb3502945169690cbef952fa29ffc134af821b7ee88710538c2e6082843c3d2.jpg,afb3502945169690cbef952fa29ffc134af821b7ee88710538c2e6082843c3d2,D,1,Phoma/2 (589).jpg
images/afb83f51253f4a8734a8b9aeee67ecb0a50bbdf62820219d8ca28a29b63a0c52.jpg,afb83f51253f4a8734a8b9aeee67ecb0a50bbdf62820219d8ca28a29b63a0c52,E,0,Miner/1 (10093).jpg
images/afd585968a5428703b723933aa0549ea5fe93ad9bfe9dd044c1dddfdec31d67f.jpg,afd585968a5428703b723933aa0549ea5fe93ad9bfe9dd044c1dddfdec31d67f,B,0,Leaf rust/1 (180).jpg
images/afe9ed2e7d667ea215a444a2838e13fb572b335d139dd1b60caf0961815060c0.jpg,afe9ed2e7d667ea215a444a2838e13fb572b335d139dd1b60caf0961815060c0,B,0,Leaf rust/1 (205).jpg
images/afee2093fbe5a0fd599854f6d5688d9aa93d684039035e8c395d95b826f6da89.jpg,afee2093fbe5a0fd599854f6d5688d9aa93d684039035e8c395d95b826f6da89,B,0,Leaf rust/2 (664).jpg
images/afffdaf9c49687b8090055837efaefe34ebdc6261f341cce050243edda41b942.jpg,afffdaf9c49687b8090055837efaefe34ebdc6261f341cce050243edda41b942,E,0,Miner/1 (10057).jpg
images/b002caff66504f6f0b69e98778aa037250210d5048cc23d8b14375d9e1b9b6bf.jpg,b002caff66504f6f0b69e98778aa037250210d5048cc23d8b14375d9e1b9b6bf,E,0,Miner/1 (12046).jpg
images/b00db9176c713975c56850152d3329d1cd0324d219e393debb30edef2bcf29cf.jpg,b00db9176c713975c56850152d3329d1cd0324d219e393debb30edef2bcf29cf,E,0,Miner/1 (14257).jpg
images/b00edaeeb811a027894f62bdf5fe120c8566ad3fed8b6e3aef8b50444c17e0d4.jpg,b00edaeeb811a027894f62bdf5fe120c8566ad3fed8b6e3aef8b50444c17e0d4,B,0,Leaf rust/1 (281).jpg
images/b0120532c9c0cb50e91e96503562d6c11198793ce7baac978610faab780a2c59.jpg,b0120532c9c0cb50e91e96503562d6c11198793ce7baac978610faab780a2c59,B,0,Leaf rust/1 (298).jpg
images/b036ba9a9916a7e7e72f84118284fd0527fb4bb232ebc7fa87e032299c7f7487.jpg,b036ba9a9916a7e7e72f84118284fd0527fb4bb232ebc7fa87e032299c7f7487,C,1,Cerscospora/8 (115).jpg
images/b04927663fec6bdc5ec7e142c9c056c6afa4a3f390901ee7b9870ac185626a5f.jpg,b04927663fec6bdc5ec7e142c9c056c6afa4a3f390901ee7b9870ac185626a5f,E,0,Miner/1 (14095).jpg
images/b04bc58a1ba0ca3b68fecce89beffdbf4c9c5625fb17a76d954500c58553cafe.jpg,b04bc58a1ba0ca3b68fecce89beffdbf4c9c5625fb17a76d954500c58553cafe,A,1,Healthy/1 (2863).jpg
images/b05435f3dd8223a4c7513d074d9361cc16d959221afb8c1723af2e3e6609f1e5.jpg,b05435f3dd8223a4c7513d074d9361cc16d959221afb8c1723af2e3e6609f1e5,E,0,Miner/1 (13222).jpg
images/b057d90663116d4f73136ae42f37d89705656deb763be12d4d83cb4ae0d47f31.jpg,b057d90663116d4f73136ae42f37d89705656deb763be12d4d83cb4ae0d47f31,E,0,Miner/1 (15820).jpg
images/b05fec55d37fd652ca0291627c65a2540c212f00dfc5813a808c4d8d250b3289.jpg,b05fec55d37fd652ca0291627c65a2540c212f00dfc5813a808c4d8d250b3289,E,0,Miner/1 (14173).jpg
images/b0641c93301555b5c62dc804248998c7c909c40ee909f73643b7a783a14f7d9a.jpg,b0641c93301555b5c62dc804248998c7c909c40ee909f73643b7a783a14f7d9a,E,0,Miner/1 (12662).jpg
images/b06b6135637caa5f1db14c5b5be93f8a00e48cfb08d4a03a262f387cd2d57ccc.jpg,b06b6135637caa5f1db14c5b5be93f8a00e48cfb08d4a03a262f387cd2d57ccc,E,0,Miner/1 (11859).jpg
images/b08e75a3b89ac640d8f1535265da10b83015f4cc183e0796180e1f5f103a6a85.jpg,b08e75a3b89ac640d8f1535265da10b83015f4cc183e0796180e1f5f103a6a85,E,0,Miner/1 (13987).jpg
images/b09830fecbaa41cf1df3754613d24f150ea302fc4b835c10295425f0fcb584bd.jpg,b09830fecbaa41cf1df3754613d24f150ea302fc4b835c10295425f0fcb584bd,D,1,Phoma/4 (810).jpg
images/b09e0ea6a57ef015a9af8348f49b016050b0735f8a58b0679b96d1978bd586d1.jpg,b09e0ea6a57ef015a9af8348f49b016050b0735f8a58b0679b96d1978bd586d1,E,0,Miner/1 (11633).jpg
images/b0aac10db5f5441d6da19cbbc0467a64008d4b98f514a4864f07910699c065fd.jpg,b0aac10db5f5441d6da19cbbc0467a64008d4b98f514a4864f07910699c065fd,B,0,Leaf rust/2 (810).jpg
images/b0ae57ad7f23cfdabde74564abed415a5419eab85f5b73b763b7ce9f446382a0.jpg,b0ae57ad7f23cfdabde74564abed415a5419eab85f5b73b763b7ce9f446382a0,E,0,Miner/1 (12037).jpg
images/b0afa232d626821ab656f8f9f3953d934f805043a599890fb54fade1f28f8d87.jpg,b0afa232d626821ab656f8f9f3953d934f805043a599890fb54fade1f28f8d87,E,0,Miner/1 (11753).jpg
images/b0e9b64d59d8cf09087c0f1f4c43b4bce0ea259a322718530753125e8f40ec37.jpg,b0e9b64d59d8cf09087c0f1f4c43b4bce0ea259a322718530753125e8f40ec37,E,0,Miner/1 (13555).jpg
images/b0ef4b422fe99fe06ba7c51d87ddc15f96c058cb532c2bbd1fd03406544bafdd.jpg,b0ef4b422fe99fe06ba7c51d87ddc15f96c058cb532c2bbd1fd03406544bafdd,E,0,Miner/1 (12196).jpg
images/b0f4d8dfe7f01eb68a86aeb3d1e01cd824e4fd528fa357d744ab8e83a224368b.jpg,b0f4d8dfe7f01eb68a86aeb3d1e01cd824e4fd528fa357d744ab8e83a224368b,E,0,Miner/1 (14718).jpg
images/b0fb413dc4fc5b647e2514e0866c0f5bb61b7f9dd8616e8b249ad45887670aa0.jpg,b0fb413dc4fc5b647e2514e0866c0f5bb61b7f9dd8616e8b249ad45887670aa0,A,1,Healthy/1 (3221).jpg
images/b10a565968dc205f26b7fb8ce31042eabe6163a62a4636a09a98555ed73dd47a.jpg,b10a565968dc205f26b7fb8ce31042eabe6163a62a4636a09a98555ed73dd47a,B,0,Leaf rust/2 (531).jpg
images/b12c8dd870b2937a65c3ba1bfc0dfe6ce41ad2760f241ac43c09484f4c3b2807.jpg,b12c8dd870b2937a65c3ba1bfc0dfe6ce41ad2760f241ac43c09484f4c3b2807,D,1,Phoma/3 (901).jpg
images/b1321d1956a13b6f5ba827128c62ec38f0732d2730e3407c27fc1bfd7574f248.jpg,b1321d1956a13b6f5ba827128c62ec38f0732d2730e3407c27fc1bfd7574f248,E,0,Miner/1 (10355).jpg
images/b13fd0e925390158c8f5aabc58c5fed8f5d443e177563fa7e246a0d8bc4ccf68.jpg,b13fd0e925390158c8f5aabc58c5fed8f5d443e177563fa7e246a0d8bc4ccf68,E,0,Miner/1 (13080).jpg
images/b1568b037787801f7f302d8299acd6f97a6302ae5019eef2ea3e673d5b0c96f7.jpg,b1568b037787801f7f302d8299acd6f97a6302ae5019eef2ea3e673d5b0c96f7,B,0,Leaf rust/1 (349).jpg
images/b1660ffa8ec28402ee007041f5be158904f80e59bace5f81a53a7e416248ade3.jpg,b1660ffa8ec28402ee007041f5be158904f80e59bace5f81a53a7e416248ade3,E,0,Miner/1 (12216).jpg
images/b16a7b75575fd7e47c89f4c2fab00fd791399037a8ee296fc42a9761d72dd3ce.jpg,b16a7b75575fd7e47c89f4c2fab00fd791399037a8ee296fc42a9761d72dd3ce,D,1,Phoma/4 (486).jpg
images/b170440be46fd1dccfab47a73d8dcb9d01518ee01bb7305bc63c9a9d1426d844.jpg,b170440be46fd1dccfab47a73d8dcb9d01518ee01bb7305bc63c9a9d1426d844,B,0,Leaf rust/1 (338).jpg
images/b1715be4ce668b1dba272ae70e71cfa2876ed136abbb711dabfc84e781de3d67.jpg,b1715be4ce668b1dba272ae70e71cfa2876ed136abbb711dabfc84e781de3d67,E,0,Miner/1 (12842).jpg
images/b175aac6314d137f39e443fe6dfafad564b862cd72b8f1388edbb57996554a79.jpg,b175aac6314d137f39e443fe6dfafad564b862cd72b8f1388edbb57996554a79,B,0,Leaf rust/2 (879).jpg
images/b1dc230470983856c84892033149a4115705c250d6749a375f46ca8fba3863c6.jpg,b1dc230470983856c84892033149a4115705c250d6749a375f46ca8fba3863c6,B,0,Leaf rust/2 (998).jpg
images/b1e2197de4dabc359773c5f8b5de7919929560c482b9d76458918afc7035e12d.jpg,b1e2197de4dabc359773c5f8b5de7919929560c482b9d76458918afc7035e12d,B,0,Leaf rust/2 (754).jpg
images/b1f0a90d343dd810c99660e36b899b5c03504014c2736a157c1ab3fd014d053e.jpg,b1f0a90d343dd810c99660e36b899b5c03504014c2736a157c1ab3fd014d053e,E,0,Miner/1 (11897).jpg
images/b1f1c59d0dc102119c3fe867b8db415858559a2e66bbcdddd4733cd47d5a4d60.jpg,b1f1c59d0dc102119c3fe867b8db415858559a2e66bbcdddd4733cd47d5a4d60,D,1,Phoma/3 (902).jpg
images/b20a48451a4d18f3ad39783997a04f5306b5d80802ccb7d51946914925a58ca5.jpg,b20a48451a4d18f3ad39783997a04f5306b5d80802ccb7d51946914925a58ca5,E,0,Miner/1 (10467).jpg
images/b23114162de20471d2d6ab39ed5723c35f2d2e37090db8e8d3578f43fd48fbeb.jpg,b23114162de20471d2d6ab39ed5723c35f2d2e37090db8e8d3578f43fd48fbeb,B,0,Leaf rust/1 (369).jpg
images/b24ab16bc0d6aeff759764b9c3a19d5f665e4e37fdede4e9e5030418d154b7fa.jpg,b24ab16bc0d6aeff759764b9c3a19d5f665e4e37fdede4e9e5030418d154b7fa,D,1,Phoma/2 (378).jpg
images/b25ef42e6aa7dff5458e6a98427db99b73829660624c98de3c9fad95a44b1f6a.jpg,b25ef42e6aa7dff5458e6a98427db99b73829660624c98de3c9fad95a44b1f6a,E,0,Miner/1 (14992).jpg
images/b262c1018611e769f269a5841b1ee8fa4dd547942e84aa449959c3bbb58aa329.jpg,b262c1018611e769f269a5841b1ee8fa4dd547942e84aa449959c3bbb58aa329,D,1,Phoma/4 (561).jpg
images/b2690cf7c611f1aeaff226f147430d9d797877529f2acfcb1a9f571339e912a6.jpg,b2690cf7c611f1aeaff226f147430d9d797877529f2acfcb1a9f571339e912a6,E,0,Miner/1 (10062).jpg
images/b27d81234469b6768c51e29d1a1d572c6a9e14b2964ab5ad8326aaab92eeee39.jpg,b27d81234469b6768c51e29d1a1d572c6a9e14b2964ab5ad8326aaab92eeee39,E,0,Miner/1 (11733).jpg
images/b2b68b8a1bc650c8d69af7f628a36e08a9a330f82bff570b892f718f94a177d5.jpg,b2b68b8a1bc650c8d69af7f628a36e08a9a330f82bff570b892f718f94a177d5,E,0,Miner/1 (12100).jpg
images/b2c085861a511453372b1f1d905eca83a35cf0f61631a7dc767d23c2711d9c6b.jpg,b2c085861a511453372b1f1d905eca83a35cf0f61631a7dc767d23c2711d9c6b,B,0,Leaf rust/1 (427).jpg
images/b2cdd3610488a1e5d4733f07a6a513a856b25865e2b643f0a5a90cf03b776e1a.jpg,b2cdd3610488a1e5d4733f07a6a513a856b25865e2b643f0a5a90cf03b776e1a,D,1,Phoma/3 (938).jpg
images/b2d333accfcffa772f50d18e1a02b28284d2ff0e6e067e9fe2fc00f5b5d73b43.jpg,b2d333accfcffa772f50d18e1a02b28284d2ff0e6e067e9fe2fc00f5b5d73b43,E,0,Miner/1 (14311).jpg
images/b2d5b99a7ab86ff917b1cd2885f5361f8e301c667e296f645ef4bb8f3def176d.jpg,b2d5b99a7ab86ff917b1cd2885f5361f8e301c667e296f645ef4bb8f3def176d,B,0,Leaf rust/2 (15).jpeg
images/b2e1b53b0b2b6751c4b63d43f7d6f121d6ee46ef0a9fcc12535d38bbb7ce0bb5.jpg,b2e1b53b0b2b6751c4b63d43f7d6f121d6ee46ef0a9fcc12535d38bbb7ce0bb5,D,1,Phoma/2 (143).jpg
images/b2e344831e49288e4ac2f3abb7b4ed7e4a8ad712ec21840b452d15c3aa1a84b9.jpg,b2e344831e49288e4ac2f3abb7b4ed7e4a8ad712ec21840b452d15c3aa1a84b9,E,0,Miner/1 (11890).jpg
images/b32b3dd360f53de57de7d809d8da3704be1be49f5fdd590d7fc0463f97e748a8.jpg,b32b3dd360f53de57de7d809d8da3704be1be49f5fdd590d7fc0463f97e748a8,D,1,Phoma/1 (12).jpg
images/b369fa5d55aaef9157885108cb25f5778edfc479c9f45cfed5c3ac21db5a87be.jpg,b369fa5d55aaef9157885108cb25f5778edfc479c9f45cfed5c3ac21db5a87be,B,0,Leaf rust/1 (158).jpg
images/b37265cc6e2c7bb83a736484085fa250d39b7a59197837d64421c03bb6acb2f1.jpg,b37265cc6e2c7bb83a736484085fa250d39b7a59197837d64421c03bb6acb2f1,E,0,Miner/1 (15345).jpg
images/b3842a4e618af6576a0b4a662204dd95891b9572faf7db9492a3c16a9fc7785b.jpg,b3842a4e618af6576a0b4a662204dd95891b9572faf7db9492a3c16a9fc7785b,E,0,Miner/1 (14780).jpg
images/b3bd0a20fe285770dca169103e0b696a762e87080566f13ae09cd36a3ead7444.jpg,b3bd0a20fe285770dca169103e0b696a762e87080566f13ae09cd36a3ead7444,E,0,Miner/1 (12737).jpg
images/b3c064e91736d1eff98f46c306c5772e19a9ece32a0366bde56d328d88ea19c0.jpg,b3c064e91736d1eff98f46c306c5772e19a9ece32a0366bde56d328d88ea19c0,C,1,Cerscospora/7 (430).jpg
images/b3d6646483299aaf47ecbccd77cc26bf3e8d102b1749f4447037da352aa3cfed.jpg,b3d6646483299aaf47ecbccd77cc26bf3e8d102b1749f4447037da352aa3cfed,E,0,Miner/1 (10730).jpg
images/b41e37e69024086308082640b7da6566c7fb39c6d420f3618a019faf527c9796.jpg,b41e37e69024086308082640b7da6566c7fb39c6d420f3618a019faf527c9796,C,1,Cerscospora/6 (269).jpg
images/b424e407b814498d3c52e2d1d1287529f07c1b3579f63d5586a3430c94828b9e.jpg,b424e407b814498d3c52e2d1d1287529f07c1b3579f63d5586a3430c94828b9e,B,0,Leaf rust/1 (186).jpg
images/b441946e012cbec0e102aa2b4c52103e0fa50c47c682db3f537707f99e36918a.jpg,b441946e012cbec0e102aa2b4c52103e0fa50c47c682db3f537707f99e36918a,B,0,Leaf rust/1 (445).jpg
images/b4768f0925d0ddb90a8a22f059ae2ac76ddc9456a056f07893526b2c6f4fb0fb.jpg,b4768f0925d0ddb90a8a22f059ae2ac76ddc9456a056f07893526b2c6f4fb0fb,C,1,Cerscospora/6 (599).jpg
images/b47af9df0b36d22cc9c9be1288016e17b7ca3bfc4d037efbfb1801d7cfe471ad.jpg,b47af9df0b36d22cc9c9be1288016e17b7ca3bfc4d037efbfb1801d7cfe471ad,E,0,Miner/1 (14119).jpg
images/b4aad9990888cfcc6ee79f3b3ccfc9a12b0a91907f2315c76488ae72ac5c8bfb.jpg,b4aad9990888cfcc6ee79f3b3ccfc9a12b0a91907f2315c76488ae72ac5c8bfb,B,0,Leaf rust/2 (630).jpg
images/b4ac8b9d7287f63b7a9e79ad6d9e26efe249d78137a93c559d3775b8c3adce97.jpg,b4ac8b9d7287f63b7a9e79ad6d9e26efe249d78137a93c559d3775b8c3adce97,E,0,Miner/1 (10072).jpg
images/b4afd749bb9ca3b463b75737848434f9d5ccd26a2c174c6e035c53c88b9820db.jpg,b4afd749bb9ca3b463b75737848434f9d5ccd26a2c174c6e035c53c88b9820db,B,0,Leaf rust/1 (378).jpg
images/b4b44779b05d18b52a5a7d842b0647f79b3e1750e2c35a9b3d2af2d4f8f7a8a7.jpg,b4b44779b05d18b52a5a7d842b0647f79b3e1750e2c35a9b3d2af2d4f8f7a8a7,B,0,Leaf rust/1 (419).jpg
images/b4b75504d17d3a1884d0eeac126f2961835b449ae949699f69a0ce928970b8dc.jpg,b4b75504d17d3a1884d0eeac126f2961835b449ae949699f69a0ce928970b8dc,C,1,Cerscospora/4 (768).jpg
images/b4bfb3c63288fe3ae6627503096fa165934774186bd5576e69671d11072fdee8.jpg,b4bfb3c63288fe3ae6627503096fa165934774186bd5576e69671d11072fdee8,B,0,Leaf rust/1 (191).jpg
images/b507db033d1e13ec1fc2d94cd5e82aa60902e05828da24ecbd32c3122146cfba.jpg,b507db033d1e13ec1fc2d94cd5e82aa60902e05828da24ecbd32c3122146cfba,B,0,Leaf rust/1 (144).jpg
images/b508f7a54b77a6d41a1cb4ded042b86380b08f387b469c9098ad0aa53144a819.jpg,b508f7a54b77a6d41a1cb4ded042b86380b08f387b469c9098ad0aa53144a819,E,0,Miner/1 (10124).jpg
images/b50b672e4bbb111f9a9c37ad46ba76bf7a46b0ed643dfc94b50f6e560100dad0.jpg,b50b672e4bbb111f9a9c37ad46ba76bf7a46b0ed643dfc94b50f6e560100dad0,E,0,Miner/1 (10353).jpg
images/b50cd1f50644fb38ca6b78ccd4fb8003d65741f2212a5e51dbbe0ce72e4d5e7f.jpg,b50cd1f50644fb38ca6b78ccd4fb8003d65741f2212a5e51dbbe0ce72e4d5e7f,D,1,Phoma/4 (554).jpg
images/b5120f71bd388096459150175dddf58a5ae727330f2987e0ca443f07e16e8829.jpg,b5120f71bd388096459150175dddf58a5ae727330f2987e0ca443f07e16e8829,B,0,Leaf rust/1 (87).jpg
images/b51ed3daec789e44fd8fa36758c16c26231f3001402c895b68865467a68135a0.jpg,b51ed3daec789e44fd8fa36758c16c26231f3001402c895b68865467a68135a0,B,0,Leaf rust/2 (746).jpg
images/b5375c401a8ae1ec9e0a81aa10c246ba5ae6c124e50eba2655e8af3a2710eb79.jpg,b5375c401a8ae1ec9e0a81aa10c246ba5ae6c124e50eba2655e8af3a2710eb79,B,0,Leaf rust/2 (952).jpg
images/b570fe3482ab209df4239f129a43452575f798429ed04661dd16b1c9bae57b80.jpg,b570fe3482ab209df4239f129a43452575f798429ed04661dd16b1c9bae57b80,E,0,Miner/1 (14331).jpg
images/b5a9a330c7ef503794a8fc86cd0ffb4ad42fd43ccfcedb5793db6b59eb1cd658.jpg,b5a9a330c7ef503794a8fc86cd0ffb4ad42fd43ccfcedb5793db6b59eb1cd658,E,0,Miner/1 (10262).jpg
images/b5b210fe1c05afc46320a5d63775009ca6eee3ad899a8d95117f3080b3325866.jpg,b5b210fe1c05afc46320a5d63775009ca6eee3ad899a8d95117f3080b3325866,C,1,Cerscospora/4 (1).jpg
images/b5c67fbba5228fc0f1649afecc73f8881604b7df5feadfde96e275dcfdc5f464.jpg,b5c67fbba5228fc0f1649afecc73f8881604b7df5feadfde96e275dcfdc5f464,E,0,Miner/1 (14823).jpg
images/b5d6a293b2d3948e958c27b6dbe344e5afbab1f40fc7c2a2d06eb2480110ee36.jpg,b5d6a293b2d3948e958c27b6dbe344e5afbab1f40fc7c2a2d06eb2480110ee36,B,0,Leaf rust/1 (212).jpg
images/b6109f070a2727174b545ac8164d267874c6232c3be6ef935f684f01f20b9a7d.jpg,b6109f070a2727174b545ac8164d267874c6232c3be6ef935f684f01f20b9a7d,B,0,Leaf rust/1 (151).jpg
images/b6604164575302a21519dad2da74071cb0a8ae0355700ac990dff0201ba20848.jpg,b6604164575302a21519dad2da74071cb0a8ae0355700ac990dff0201ba20848,B,0,Leaf rust/1 (206).jpg
images/b667d420ec3fded48825dae7735d7ff8e2b735e846a1689dc71359de89e4a927.jpg,b667d420ec3fded48825dae7735d7ff8e2b735e846a1689dc71359de89e4a927,E,0,Miner/1 (13827).jpg
images/b68184c892d026445e166162b6296dfca32a05ce23dafe03163ce7088e4837c9.jpg,b68184c892d026445e166162b6296dfca32a05ce23dafe03163ce7088e4837c9,A,1,Healthy/1 (3808).jpg
images/b69f1ec301d27e3723df99c64421f3e8421c869b3a10d0074a8194f728a0a159.jpg,b69f1ec301d27e3723df99c64421f3e8421c869b3a10d0074a8194f728a0a159,B,0,Leaf rust/1 (165).jpg
images/b6b18e57c80329911699ac4db9c3767049916deff8d2ec2978d39e1cbf4bad1b.jpg,b6b18e57c80329911699ac4db9c3767049916deff8d2ec2978d39e1cbf4bad1b,E,0,Miner/1 (13801).jpg
images/b6b960703dd21d85f55fc3587ddc0490f38061ac6f08725b43a85015f95b2476.jpg,b6b960703dd21d85f55fc3587ddc0490f38061ac6f08725b43a85015f95b2476,D,1,Phoma/2 (806).jpg
images/b6baebdac784822380631f28a33c1a7d2aaa85effb22ef8a72179586dc862d99.jpg,b6baebdac784822380631f28a33c1a7d2aaa85effb22ef8a72179586dc862d99,B,0,Leaf rust/1 (334).jpg
images/b6bbee5d27f58fd0474db776cec59e0af3cf62c24240ec5e17e4010d6f4b0e43.jpg,b6bbee5d27f58fd0474db776cec59e0af3cf62c24240ec5e17e4010d6f4b0e43,D,1,Phoma/1 (445).jpg
images/b6bd9ab0bdcdf5f9e21023b24b14095769afce25deec1f8239412f8bd5b4509e.jpg,b6bd9ab0bdcdf5f9e21023b24b14095769afce25deec1f8239412f8bd5b4509e,C,1,Cerscospora/4 (680).jpg
images/b6dc11b3bea87524107e203d0f8ac10bad13c65c01aa4bb87f71daf3bc66d148.jpg,b6dc11b3bea87524107e203d0f8ac10bad13c65c01aa4bb87f71daf3bc66d148,D,1,Phoma/1 (145).jpg
images/b6fada37e6b8fda34bed7dc79a0c1bcfea486426ce87630443f6d86aaa81aa88.jpg,b6fada37e6b8fda34bed7dc79a0c1bcfea486426ce87630443f6d86aaa81aa88,E,0,Miner/1 (10061).jpg
images/b6ffd76d229f9adb4385aef520c5449d4798c9dfd59264134b5b6c0c2266427d.jpg,b6ffd76d229f9adb4385aef520c5449d4798c9dfd59264134b5b6c0c2266427d,E,0,Miner/1 (15816).jpg
images/b7040f3ac3db1b8219b02d2625aa520b3bde5ca2d66da3ebdcf494a73221bf83.jpg,b7040f3ac3db1b8219b02d2625aa520b3bde5ca2d66da3ebdcf494a73221bf83,C,1,Cerscospora/4 (118).jpg
images/b7163d630171b5becbea518cdf5658e0f12bd1db06a608134d8f1ab683e51046.jpg,b7163d630171b5becbea518cdf5658e0f12bd1db06a608134d8f1ab683e51046,B,0,Leaf rust/1 (61).jpg
images/b7331fb5b056bec44c01526139a7ae4b3ce2b0fd9918f558fa15d96782d11418.jpg,b7331fb5b056bec44c01526139a7ae4b3ce2b0fd9918f558fa15d96782d11418,A,1,Healthy/1 (1004).jpg
images/b737b9ab3f98ac809d7e2c86073d8ff622e8e905ddf5812614a3093c39c6833e.jpg,b737b9ab3f98ac809d7e2c86073d8ff622e8e905ddf5812614a3093c39c6833e,A,1,Healthy/1 (3217).jpg
images/b745a82cde1bfaf88e8a073e39813205cb2149f7d475bbfa80554a04973dc70a.jpg,b745a82cde1bfaf88e8a073e39813205cb2149f7d475bbfa80554a04973dc70a,E,0,Miner/1 (11750).jpg
images/b7552702ab92b95822e42aef7de5ac1c8cc92f806001eb7db58092197152721b.jpg,b7552702ab92b95822e42aef7de5ac1c8cc92f806001eb7db58092197152721b,E,0,Miner/1 (15367).jpg
images/b757d7f4dec1b29a65219b65c52ee29b16511b179ae22a2281dc0d0bba953c88.jpg,b757d7f4dec1b29a65219b65c52ee29b16511b179ae22a2281dc0d0bba953c88,E,0,Miner/1 (12135).jpg
images/b758f7329bdf4d04fed9f61457dc8af6f1fade8a08fc0176e204e9527634b4b3.jpg,b758f7329bdf4d04fed9f61457dc8af6f1fade8a08fc0176e204e9527634b4b3,E,0,Miner/1 (12884).jpg
images/b76f76e8f8cfa1874170d73c792f570f9415452cc4a4de26a57750e8088191c6.jpg,b76f76e8f8cfa1874170d73c792f570f9415452cc4a4de26a57750e8088191c6,E,0,Miner/1 (14991).jpg
images/b7719a7ba9da5fcb9aee72fb57147f2ee0d347c36dceb1e52f8f568596310db2.jpg,b7719a7ba9da5fcb9aee72fb57147f2ee0d347c36dceb1e52f8f568596310db2,E,0,Miner/1 (11928).jpg
images/b793af05323edfb1988b75e64ccb60f1c0dff97f29bb48b5d93502b18c5827f0.jpg,b793af05323edfb1988b75e64ccb60f1c0dff97f29bb48b5d93502b18c5827f0,B,0,Leaf rust/1 (374).jpg
images/b7a64539aa2f3b3a223b8b3c1f0141d1f407dbf02316863fa389b353e49959a7.jpg,b7a64539aa2f3b3a223b8b3c1f0141d1f407dbf02316863fa389b353e49959a7,D,1,Phoma/4 (259).jpg
images/b7ce796914a33a7e1a2e983193c42607ffcd239b7262191db46527f23562ea04.jpg,b7ce796914a33a7e1a2e983193c42607ffcd239b7262191db46527f23562ea04,A,1,Healthy/1 (1911).jpg
images/b7d94dd068ed4a1beedff9449228119465cfc19f0d5775f2ce75d582e4e04dc3.jpg,b7d94dd068ed4a1beedff9449228119465cfc19f0d5775f2ce75d582e4e04dc3,D,1,Phoma/1 (407).jpg
images/b7df0cb3445b00a36660e5ea03c063b4efb5cfe03ece7f30e745714ae8246188.jpg,b7df0cb3445b00a36660e5ea03c063b4efb5cfe03ece7f30e745714ae8246188,D,1,Phoma/1 (21).jpg
images/b7e36ba05fbc79fec3f09b7b6e125506644b03b1bdb51b31d5958a214d54392b.jpg,b7e36ba05fbc79fec3f09b7b6e125506644b03b1bdb51b31d5958a214d54392b,E,0,Miner/1 (14019).jpg
images/b7e65e39f523f601fb41a342c7748fba9d34afe90c636e39fe6b9f3f2ee2e438.jpg,b7e65e39f523f601fb41a342c7748fba9d34afe90c636e39fe6b9f3f2ee2e438,C,1,Cerscospora/8 (331).jpg
images/b7f4c798e26c5dba5393f83fe7abc412f05bf6797eb07d56225b0fef4604f7d4.jpg,b7f4c798e26c5dba5393f83fe7abc412f05bf6797eb07d56225b0fef4604f7d4,E,0,Miner/1 (12856).jpg
images/b7f85c34dc9e2bb7a8419b642628869df90185fa934c16bd2b561a57f12692ba.jpg,b7f85c34dc9e2bb7a8419b642628869df90185fa934c16bd2b561a57f12692ba,E,0,Miner/1 (11747).jpg
images/b8257c025a65837b0023e4a59e486363b6ad1f204ef26f71ff94e31884802ae1.jpg,b8257c025a65837b0023e4a59e486363b6ad1f204ef26f71ff94e31884802ae1,B,0,Leaf rust/2 (780).jpg
images/b85d66a36dd5c388bf3a55ef73e93fc0c67cfdc6cf5ca65db31f23ac4adee3cf.jpg,b85d66a36dd5c388bf3a55ef73e93fc0c67cfdc6cf5ca65db31f23ac4adee3cf,B,0,Leaf rust/1 (10).jpg
images/b86189f9446ae018451837a221f22f978b5fab67bb92c29d811055e248932b67.jpg,b86189f9446ae018451837a221f22f978b5fab67bb92c29d811055e248932b67,D,1,Phoma/4 (482).jpg
images/b86b549050c0efff5447400291e54d3f196e6ae25ad693e1d45634527c479a15.jpg,b86b549050c0efff5447400291e54d3f196e6ae25ad693e1d45634527c479a15,D,1,Phoma/3 (1220).jpg
images/b876d875c9aaa9c9d84b5857f35d59c293e3ad16bea18fed7c58e1d1199f919c.jpg,b876d875c9aaa9c9d84b5857f35d59c293e3ad16bea18fed7c58e1d1199f919c,D,1,Phoma/2 (381).jpg
images/b8778f4ca30e029262008a4462c1e1c340e460860f433db709c3021ef1bd4bd1.jpg,b8778f4ca30e029262008a4462c1e1c340e460860f433db709c3021ef1bd4bd1,E,0,Miner/1 (12795).jpg
images/b8993db7f45e677240b1be4e964f722c80eaf8a5b80ad426bdf987425f1d4f51.jpg,b8993db7f45e677240b1be4e964f722c80eaf8a5b80ad426bdf987425f1d4f51,D,1,Phoma/1 (810).jpg
images/b8abfb4f1cf84d788bbcfbc1675578f18002512231f3aa5499cc3000d654d164.jpg,b8abfb4f1cf84d788bbcfbc1675578f18002512231f3aa5499cc3000d654d164,B,0,Leaf rust/2 (800).jpg
images/b8b38b8327b105b9a11cf3ab4cb0d40c0367cc1892a94fde2a6e7d3b471a2e9b.jpg,b8b38b8327b105b9a11cf3ab4cb0d40c0367cc1892a94fde2a6e7d3b471a2e9b,C,1,Cerscospora/8 (181).jpg
images/b8c4e1c7a5073cff570c80b7838cf4377590fa9084d40778824b35a7112cc948.jpg,b8c4e1c7a5073cff570c80b7838cf4377590fa9084d40778824b35a7112cc948,E,0,Miner/1 (14856).jpg
images/b8d089998f1540ec55e23c5d0e54d8b7daef3d4c60fdb161c2c8242c9dc273f3.jpg,b8d089998f1540ec55e23c5d0e54d8b7daef3d4c60fdb161c2c8242c9dc273f3,E,0,Miner/1 (10002).jpg
images/b8f9b2449f82391d6b952e8a78b05c1001d96858805b612fd4390ef1875766be.jpg,b8f9b2449f82391d6b952e8a78b05c1001d96858805b612fd4390ef1875766be,C,1,Cerscospora/8 (590).jpg
images/b90dc1b959636c3d1e9cdcda1191f5a8e9fb6e4727e38b9df67492750dddd994.jpg,b90dc1b959636c3d1e9cdcda1191f5a8e9fb6e4727e38b9df67492750dddd994,C,1,Cerscospora/6 (859).jpg
images/b91d5792e560f06f263f137c5d518fca2ae613eb8c2b3102800a1424bcb16558.jpg,b91d5792e560f06f263f137c5d518fca2ae613eb8c2b3102800a1424bcb16558,D,1,Phoma/3 (1385).jpg
images/b92435c863099ca163f384e9bcdf3be3a17a3aa2e383826ad3789ca3070e591c.jpg,b92435c863099ca163f384e9bcdf3be3a17a3aa2e383826ad3789ca3070e591c,D,1,Phoma/4 (445).jpg
images/b967aaa0ac1d5e82186fffda4b90816a213eeb767d6f48911087051e66905ed2.jpg,b967aaa0ac1d5e82186fffda4b90816a213eeb767d6f48911087051e66905ed2,D,1,Phoma/1 (381).jpg
images/b97074be34a62a3556ccf04f3b3f714eef8caf3c7b3b3e762950a12d2682fa57.jpg,b97074be34a62a3556ccf04f3b3f714eef8caf3c7b3b3e762950a12d2682fa57,A,1,Healthy/1 (102).jpg
images/b973f3856070e95f16a31b8f2fd1d0bbc915008629036e70737f6fcd5b742e93.jpg,b973f3856070e95f16a31b8f2fd1d0bbc915008629036e70737f6fcd5b742e93,E,0,Miner/1 (11354).jpg
images/b98688a983c173e9e598366e8d38b8b140adcbd199756321fcf5a5d1ab656f3b.jpg,b98688a983c173e9e598366e8d38b8b140adcbd199756321fcf5a5d1ab656f3b,B,0,Leaf rust/1 (248).jpg
images/b98921830cd6197337db326e7e4198065c64b4f094170193d48e09681867f178.jpg,b98921830cd6197337db326e7e4198065c64b4f094170193d48e09681867f178,B,0,Leaf rust/1 (26).jpg
images/b9af0cf3609231bb0b98b94c0fed8d6f67bf3039bf1afa65eeefd033cb8bd32e.jpg,b9af0cf3609231bb0b98b94c0fed8d6f67bf3039bf1afa65eeefd033cb8bd32e,A,1,Healthy/1 (3219).jpg
images/b9cea92c733b4b5cc3cd6a55ddf31f757858068f117479649e5c020b31e6fc33.jpg,b9cea92c733b4b5cc3cd6a55ddf31f757858068f117479649e5c020b31e6fc33,E,0,Miner/1 (11823).jpg
images/b9d94f828fb4d1c1d4667fc6cc93d6f8ddadf9f3668475940982d413eb99abcb.jpg,b9d94f828fb4d1c1d4667fc6cc93d6f8ddadf9f3668475940982d413eb99abcb,E,0,Miner/1 (12136).jpg
images/b9e5e503a3c63a51f604bfa57299f5ccc23acf31e108fb690dc1b156f9eb5b29.jpg,b9e5e503a3c63a51f604bfa57299f5ccc23acf31e108fb690dc1b156f9eb5b29,C,1,Cerscospora/7 (590).jpg
images/b9eda231af5dfadb8f56115dd467b4e74e50ab0e0ce6af8ab64f65c3e4af9905.jpg,b9eda231af5dfadb8f56115dd467b4e74e50ab0e0ce6af8ab64f65c3e4af9905,D,1,Phoma/4 (555).jpg
images/b9f0cd7fe899e03765b5c41250bab8bb0fe54bd1c22e997e9ec95f3fa8ecf79c.jpg,b9f0cd7fe899e03765b5c41250bab8bb0fe54bd1c22e997e9ec95f3fa8ecf79c,E,0,Miner/1 (14090).jpg
images/b9f8ff04abb0f362a5e6324768eebaa842511dd079ecfd795c2097e478992d8f.jpg,b9f8ff04abb0f362a5e6324768eebaa842511dd079ecfd795c2097e478992d8f,E,0,Miner/1 (10313).jpg
images/b9fdcdbef399d94b4c827fa0a960e1b08543dee3f8d7631d82fca4c3060b1122.jpg,b9fdcdbef399d94b4c827fa0a960e1b08543dee3f8d7631d82fca4c3060b1122,B,0,Leaf rust/1 (170).jpg
images/ba270d1922ea848d8b9ec29bac8a871f196bbcbd6a3801e5f8397b7a9674c902.jpg,ba270d1922ea848d8b9ec29bac8a871f196bbcbd6a3801e5f8397b7a9674c902,D,1,Phoma/3 (1339).jpg
images/ba38cb9b0b70a31adef865f024eb4fd42853698847120ecd62105b154f16190d.jpg,ba38cb9b0b70a31adef865f024eb4fd42853698847120ecd62105b154f16190d,E,0,Miner/1 (11572).jpg
images/ba76bb77991f165ca88a2e3968034f1b2a1b5fd04fa243100745bdadc421f0bc.jpg,ba76bb77991f165ca88a2e3968034f1b2a1b5fd04fa243100745bdadc421f0bc,B,0,Leaf rust/1 (223).jpg
images/ba7d5500b1909660093bc545a35ecffa4121f16876928c84f7775d67ff2b75c8.jpg,ba7d5500b1909660093bc545a35ecffa4121f16876928c84f7775d67ff2b75c8,E,0,Miner/1 (14670).jpg
images/ba9272882753dd2d647851ba937668a5574b0e137fe501bd0876afbf93a015aa.jpg,ba9272882753dd2d647851ba937668a5574b0e137fe501bd0876afbf93a015aa,E,0,Miner/1 (13840).jpg
images/ba9633a28f24ea408c608a87d8b991ae9e39e0505297a43c6d925668305d09e4.jpg,ba9633a28f24ea408c608a87d8b991ae9e39e0505297a43c6d925668305d09e4,A,1,Healthy/1 (1001).jpg
images/ba9b739c0f5e117e72c45a3993f01c0da2ba288349199865125ce51b29dbe9ac.jpg,ba9b739c0f5e117e72c45a3993f01c0da2ba288349199865125ce51b29dbe9ac,E,0,Miner/1 (15530).jpg
images/baa9d8141f000d6f7ad19430a6b246dd9041d1c194e765e251c3a0097c12329d.jpg,baa9d8141f000d6f7ad19430a6b246dd9041d1c194e765e251c3a0097c12329d,D,1,Phoma/3 (1217).jpg
images/bac19d3dc850f499164a24fb38b09af7f173df9d4874428b0f9da9833058dccd.jpg,bac19d3dc850f499164a24fb38b09af7f173df9d4874428b0f9da9833058dccd,A,1,Healthy/1 (2273).jpg
images/bac7fcc48922886cdb8b211bc320a59057e1fcc7ac50627d398e4b8f7d8dc025.jpg,bac7fcc48922886cdb8b211bc320a59057e1fcc7ac50627d398e4b8f7d8dc025,E,0,Miner/1 (15204).jpg
images/baea25a3046a54ae0399ddd7c66a387bfe48e2ff789090cc49f56f072b8a8e89.jpg,baea25a3046a54ae0399ddd7c66a387bfe48e2ff789090cc49f56f072b8a8e89,E,0,Miner/1 (10376).jpg
images/bafd0793dae7cbe6909689e58064a10c7890ac4c74d6ef7c71766642964a8c7b.jpg,bafd0793dae7cbe6909689e58064a10c7890ac4c74d6ef7c71766642964a8c7b,E,0,Miner/1 (14215).jpg
images/bb02b13cc0495ddaf58a4f4e09547cfadb1a56d02a463e186d0e5802da81a4d7.jpg,bb02b13cc0495ddaf58a4f4e09547cfadb1a56d02a463e186d0e5802da81a4d7,D,1,Phoma/3 (1448).jpg
images/bb0cd48bbac1b35cbcd9523a90de53a8f71d13a515d116380f8e039e45eecb1e.jpg,bb0cd48bbac1b35cbcd9523a90de53a8f71d13a515d116380f8e039e45eecb1e,B,0,Leaf rust/2 (955).jpg
images/bb4106b77ec9f26146312133cb82c7eb32e04a153e6c5e408080def8432f15f0.jpg,bb4106b77ec9f26146312133cb82c7eb32e04a153e6c5e408080def8432f15f0,E,0,Miner/1 (11433).jpg
images/bb53601b5f78d7216108c7f7af3fb0787543d2ba300a41af37958b0b9e4c0615.jpg,bb53601b5f78d7216108c7f7af3fb0787543d2ba300a41af37958b0b9e4c0615,E,0,Miner/1 (11578).jpg
images/bb5c5eae9ea7b416f030561c588a1717487765c236bc0d590431399f883988ed.jpg,bb5c5eae9ea7b416f030561c588a1717487765c236bc0d590431399f883988ed,B,0,Leaf rust/2 (908).jpg
images/bb6f2a29ea0a02b82a49c1ab2fe6a4c2177708d020b6e17bb08ff356233bb1c5.jpg,bb6f2a29ea0a02b82a49c1ab2fe6a4c2177708d020b6e17bb08ff356233bb1c5,E,0,Miner/1 (11738).jpg
images/bbb2111f129012dca8f4b816d41d9cb30f6a7de7d9bb029fcfca22a0342c7b5f.jpg,bbb2111f129012dca8f4b816d41d9cb30f6a7de7d9bb029fcfca22a0342c7b5f,B,0,Leaf rust/2 (597).jpg
images/bbb7363c9edae619da6f821a21af05113bbcb6f7cfcf5e669c68cc92be8826d0.jpg,bbb7363c9edae619da6f821a21af05113bbcb6f7cfcf5e669c68cc92be8826d0,E,0,Miner/1 (14036).jpg
images/bbc7c5a5461ead35c75296a3883953169bd9bbff1bd4ebb77fa3d12af05959e1.jpg,bbc7c5a5461ead35c75296a3883953169bd9bbff1bd4ebb77fa3d12af05959e1,B,0,Leaf rust/1 (246).jpg
images/bbc8cd2e2f4318f55024bcf5812340bfc8c41b818c8af990d363574223897fa1.jpg,bbc8cd2e2f4318f55024bcf5812340bfc8c41b818c8af990d363574223897fa1,E,0,Miner/1 (10371).jpg
images/bbcacabbc2a08e30d59d68aea156fefa1769ec4f5af4d28a861d42e6e2f7aa90.jpg,bbcacabbc2a08e30d59d68aea156fefa1769ec4f5af4d28a861d42e6e2f7aa90,E,0,Miner/1 (11680).jpg
images/bbd50d28a189d7ff192575c9f0f4157f75c9ee1bfd6b58996e1d026d1411f978.jpg,bbd50d28a189d7ff192575c9f0f4157f75c9ee1bfd6b58996e1d026d1411f978,E,0,Miner/1 (10738).jpg
images/bbda4f837ca13610f4fee0a31cf2490a6d9f20a0572bc7fea268e1409329d1b2.jpg,bbda4f837ca13610f4fee0a31cf2490a6d9f20a0572bc7fea268e1409329d1b2,C,1,Cerscospora/7 (289).jpg
images/bbea6d9321aced0f3c0b38df4110d7f396ff1baab06c605762b172a5bf6a99a4.jpg,bbea6d9321aced0f3c0b38df4110d7f396ff1baab06c605762b172a5bf6a99a4,E,0,Miner/1 (13993).jpg
images/bbfb1e653db55492000fdbf67cd7c4d1824e6ae24edb45eaf9bf07b466c7da22.jpg,bbfb1e653db55492000fdbf67cd7c4d1824e6ae24edb45eaf9bf07b466c7da22,E,0,Miner/1 (10056).jpg
images/bc36f182f00dc1c021239f9a82ce39a9f88cc9d03ea09faa91a109417bc937c0.jpg,bc36f182f00dc1c021239f9a82ce39a9f88cc9d03ea09faa91a109417bc937c0,B,0,Leaf rust/2 (867).jpg
images/bc5325f379e80cc4acd8aab08b6570485b3dc74d19b5a06b39b4a7bc62af3642.jpg,bc5325f379e80cc4acd8aab08b6570485b3dc74d19b5a06b39b4a7bc62af3642,E,0,Miner/1 (10455).jpg
images/bc73c4ae608611cb5b606ba23f593371e538aa7b87a59702a60d557f38730afd.jpg,bc73c4ae608611cb5b606ba23f593371e538aa7b87a59702a60d557f38730afd,D,1,Phoma/3 (1274).jpg
images/bc8243c6ab4123eb4cacae648ec801ad282453289250c289a3ae36dd09267b6d.jpg,bc8243c6ab4123eb4cacae648ec801ad282453289250c289a3ae36dd09267b6d,E,0,Miner/1 (11891).jpg
images/bca181eb836ea9c30d3334a9952d6afdc20d2205feb6eec426d46c8598924e95.jpg,bca181eb836ea9c30d3334a9952d6afdc20d2205feb6eec426d46c8598924e95,E,0,Miner/1 (12861).jpg
images/bca3b6c6537815df455be1d415582d67b11462d51b217b646f68b5313a66e549.jpg,bca3b6c6537815df455be1d415582d67b11462d51b217b646f68b5313a66e549,B,0,Leaf rust/2 (817).jpg
images/bcb8d179fe08efad3495344d0e6e4a96f93452b13f6322036098bb661920656a.jpg,bcb8d179fe08efad3495344d0e6e4a96f93452b13f6322036098bb661920656a,B,0,Leaf rust/1 (277).jpg
images/bcc3eceaf5261ba832fbac3d5a0443689e711727c9fbaa8ccb866cc4962ff7e2.jpg,bcc3eceaf5261ba832fbac3d5a0443689e711727c9fbaa8ccb866cc4962ff7e2,D,1,Phoma/3 (1238).jpg
images/bccd77630afd4e1d4b890de142c2aa3c5a6cb098334d5293205c0d758ef9d4b0.jpg,bccd77630afd4e1d4b890de142c2aa3c5a6cb098334d5293205c0d758ef9d4b0,B,0,Leaf rust/2 (775).jpg
images/bcdc0277debb584bdbd47d4c0a2b8734379069186a6f9621c31573ff2f16838d.jpg,bcdc0277debb584bdbd47d4c0a2b8734379069186a6f9621c31573ff2f16838d,E,0,Miner/1 (14643).jpg
images/bcde7f37b4cbe260fac3e53bc20e480fae7f4764cb19f9c9cebb04c34c3ce4d7.jpg,bcde7f37b4cbe260fac3e53bc20e480fae7f4764cb19f9c9cebb04c34c3ce4d7,D,1,Phoma/1 (333).jpg
images/bce1dafa8168df1fd5d1e2c0871ad4915686f384eff48b3b520215bf14b29159.jpg,bce1dafa8168df1fd5d1e2c0871ad4915686f384eff48b3b520215bf14b29159,D,1,Phoma/2 (261).jpg
images/bce6e436d29dd9241d71563a041d64fda58511a83519001cd655bc366745d173.jpg,bce6e436d29dd9241d71563a041d64fda58511a83519001cd655bc366745d173,E,0,Miner/1 (11880).jpg
images/bce87549a8bb9a4abe3e658b09ce393be1fb71c175f9ca3fe76df28d141b9d62.jpg,bce87549a8bb9a4abe3e658b09ce393be1fb71c175f9ca3fe76df28d141b9d62,C,1,Cerscospora/4 (876).jpg
images/bcebf70578306fe0b05bed1daeed68822ce11b108c324827313b96c598f54ae5.jpg,bcebf70578306fe0b05bed1daeed68822ce11b108c324827313b96c598f54ae5,E,0,Miner/1 (15615).jpg
images/bcf6639632bfa67a2c7396f044fca50202a0790a0a445c3fabaa839f3a3f44a3.jpg,bcf6639632bfa67a2c7396f044fca50202a0790a0a445c3fabaa839f3a3f44a3,D,1,Phoma/3 (1162).jpg
images/bd252ae599de2d0374dcabdc431faca64d04f5db434b839bde1fe546b42f1f44.jpg,bd252ae599de2d0374dcabdc431faca64d04f5db434b839bde1fe546b42f1f44,B,0,Leaf rust/2 (593).jpg
images/bd26966ba3652b0f51e46ed64b7113cd45e4bdfb14802da08937f9fda609447b.jpg,bd26966ba3652b0f51e46ed64b7113cd45e4bdfb14802da08937f9fda609447b,B,0,Leaf rust/1 (370).jpg
images/bd2f2246ba10c1a6d7720176a9d75442d261a413e52b96174cdfdc7df0106afa.jpg,bd2f2246ba10c1a6d7720176a9d75442d261a413e52b96174cdfdc7df0106afa,B,0,Leaf rust/1 (350).jpg
images/bd31798e993dfc7cbbe01f556fc29a45cf3f17fcc901e3b2354818461afd50de.jpg,bd31798e993dfc7cbbe01f556fc29a45cf3f17fcc901e3b2354818461afd50de,E,0,Miner/1 (13821).jpg
images/bd35e8191ea1276bf30a6ae6eb2d7a992353ebe132c7dc7c77dc5a5564b5537c.jpg,bd35e8191ea1276bf30a6ae6eb2d7a992353ebe132c7dc7c77dc5a5564b5537c,E,0,Miner/1 (14312).jpg
images/bd41303ebada1403776b183089d4c3dd972fd88a103d7fe50f622898925b612d.jpg,bd41303ebada1403776b183089d4c3dd972fd88a103d7fe50f622898925b612d,B,0,Leaf rust/2 (913).jpg
images/bd46d002d72dbc62154748db88d23224965a088a608078d01a7191f6ad1d8ff8.jpg,bd46d002d72dbc62154748db88d23224965a088a608078d01a7191f6ad1d8ff8,E,0,Miner/1 (12199).jpg
images/bd526bf477d08aa30d41d18ad661ec5ac040d60bc1fc2042ab9ce970f04391ec.jpg,bd526bf477d08aa30d41d18ad661ec5ac040d60bc1fc2042ab9ce970f04391ec,D,1,Phoma/3 (1088).jpg
images/bd556f9edbe2120610864f5be042b6c76e1f0a4e7a9a7e0a547445a5307f84cc.jpg,bd556f9edbe2120610864f5be042b6c76e1f0a4e7a9a7e0a547445a5307f84cc,E,0,Miner/1 (14174).jpg
images/bd636e95b76cbfabfca7b7fc1b448a44129fdcd17559a09b6449b4f8a5e5a17c.jpg,bd636e95b76cbfabfca7b7fc1b448a44129fdcd17559a09b6449b4f8a5e5a17c,B,0,Leaf rust/2 (799).jpg
images/bd6a3e7c5167b6e7561d5b7cef75665ec5a86562a43361a819e8701ca26e6cb9.jpg,bd6a3e7c5167b6e7561d5b7cef75665ec5a86562a43361a819e8701ca26e6cb9,E,0,Miner/1 (15815).jpg
images/bd7337fc036f7cc331770bf69df821e6a62ac2bb143bf4acc016b20e89a65cba.jpg,bd7337fc036f7cc331770bf69df821e6a62ac2bb143bf4acc016b20e89a65cba,C,1,Cerscospora/6 (77).jpg
images/bd7d46bef0efc5af0bdf608fb8c1677dfd7263e89143491d1bcf8d701d53f957.jpg,bd7d46bef0efc5af0bdf608fb8c1677dfd7263e89143491d1bcf8d701d53f957,E,0,Miner/1 (15365).jpg
images/bd82b1ddd51be492f2ae9d7cd96b338f5fec49fd78489398ccec6a78ce41f8d1.jpg,bd82b1ddd51be492f2ae9d7cd96b338f5fec49fd78489398ccec6a78ce41f8d1,B,0,Leaf rust/1 (161).jpg
images/bd8348b28c5809e76284ebc919cadaf2d87824562bbbb84d498367a0b0499423.jpg,bd8348b28c5809e76284ebc919cadaf2d87824562bbbb84d498367a0b0499423,B,0,Leaf rust/2 (895).jpg
images/bd97a46a396245a82e556851db1719fa17421e43ab3d2db9bc104c88d35d687c.jpg,bd97a46a396245a82e556851db1719fa17421e43ab3d2db9bc104c88d35d687c,B,0,Leaf rust/1 (436).jpg
images/bd994b9b70c7daf7aa3f625355afd174dd475997914b7324ef290c903872e7d6.jpg,bd994b9b70c7daf7aa3f625355afd174dd475997914b7324ef290c903872e7d6,D,1,Phoma/4 (153).jpg
images/bd9a8b350ab8012e06d606364bc6700a50a17754d9c7f6eb7af1b5897050c2fd.jpg,bd9a8b350ab8012e06d606364bc6700a50a17754d9c7f6eb7af1b5897050c2fd,E,0,Miner/1 (11913).jpg
images/bd9b09ec4693052d684297ed2a250595924d420f2f1fcdf4cc423b3b77f00e82.jpg,bd9b09ec4693052d684297ed2a250595924d420f2f1fcdf4cc423b3b77f00e82,D,1,Phoma/4 (672).jpg
images/bdbea933cde9c3bda767a4d323c9a66a5139ad065311df910bb72485ad7f3a35.jpg,bdbea933cde9c3bda767a4d323c9a66a5139ad065311df910bb72485ad7f3a35,E,0,Miner/1 (15627).jpg
images/bdc09d93d690abeaa69eae90ba51bc1d691e9e2b9cc97b59a7d3f527975a7e65.jpg,bdc09d93d690abeaa69eae90ba51bc1d691e9e2b9cc97b59a7d3f527975a7e65,E,0,Miner/1 (12124).jpg
images/be00f830c6c9d272e52b475ace4054e9cfce1b86c592f30aa332841ed725c3b5.jpg,be00f830c6c9d272e52b475ace4054e9cfce1b86c592f30aa332841ed725c3b5,C,1,Cerscospora/6 (156).jpg
images/be1115219fc0b9d6be611e63104b16e26eb97fa752f9c64a1d3575801c70d752.jpg,be1115219fc0b9d6be611e63104b16e26eb97fa752f9c64a1d3575801c70d752,B,0,Leaf rust/2 (715).jpg
images/be6c300c42cc18ad749ddd771e9f6c3ff4b8f11c8236a0f98cbdcf07e6f03694.jpg,be6c300c42cc18ad749ddd771e9f6c3ff4b8f11c8236a0f98cbdcf07e6f03694,A,1,Healthy/1 (3222).jpg
images/be876f52d9cdaa31f0f5d2915dccc093f3e1109f14b70c2ae42ee346bb5f2850.jpg,be876f52d9cdaa31f0f5d2915dccc093f3e1109f14b70c2ae42ee346bb5f2850,B,0,Leaf rust/2 (973).jpg
images/be8ba6ee7f062cf8fd5ef70061a42e775355e97c5391268689017e507e0ddc4f.jpg,be8ba6ee7f062cf8fd5ef70061a42e775355e97c5391268689017e507e0ddc4f,B,0,Leaf rust/1 (102).jpg
images/be8e0485dc590a5a71ca666ee529873f60754d004ccd2ff75af6f92bca0d7275.jpg,be8e0485dc590a5a71ca666ee529873f60754d004ccd2ff75af6f92bca0d7275,D,1,Phoma/1 (483).jpg
images/bea4f5bac2ff5688c25c00e4fd360145aaa13a1e90e78373dc0a2cdd4b3cf75b.jpg,bea4f5bac2ff5688c25c00e4fd360145aaa13a1e90e78373dc0a2cdd4b3cf75b,B,0,Leaf rust/2 (926).jpg
images/bea581e0dddd0387264641ea12b617baee5d243c36c1723ab77d5e18b6a2961d.jpg,bea581e0dddd0387264641ea12b617baee5d243c36c1723ab77d5e18b6a2961d,B,0,Leaf rust/2 (949).jpg
images/bea76338cb00e63bde4efdebd91d207aff395be2826a54979653a3a8083e8cd2.jpg,bea76338cb00e63bde4efdebd91d207aff395be2826a54979653a3a8083e8cd2,E,0,Miner/1 (14325).jpg
images/bec092e1a1f79489a561f4937436cbebd0a53639e88b8f4b61b1054d41c361aa.jpg,bec092e1a1f79489a561f4937436cbebd0a53639e88b8f4b61b1054d41c361aa,E,0,Miner/1 (11101).jpg
images/bec11979ba15cfaaf72fe7d0ee8bb28e280b060907d6fe5324d8a750e254c1c3.jpg,bec11979ba15cfaaf72fe7d0ee8bb28e280b060907d6fe5324d8a750e254c1c3,B,0,Leaf rust/1 (256).jpg
images/bec1dbc326ec7097601d2067eb81b552c12806d7d5b3aa98ed496f202d489ec8.jpg,bec1dbc326ec7097601d2067eb81b552c12806d7d5b3aa98ed496f202d489ec8,E,0,Miner/1 (11855).jpg
images/bec2bd84e8d53be0785be4c8f6abfd158ed11d3bcd8c37c0393e13dee0617f47.jpg,bec2bd84e8d53be0785be4c8f6abfd158ed11d3bcd8c37c0393e13dee0617f47,D,1,Phoma/1 (647).jpg
images/becf0526a7d943bc51c5d71c3a2bddb20df9c741bd1767aed25178a982e2f17a.jpg,becf0526a7d943bc51c5d71c3a2bddb20df9c741bd1767aed25178a982e2f17a,E,0,Miner/1 (14024).jpg
images/bed473430b3f5b6a1f87efad0571d65b155c9907881724fa424f49591e1b372e.jpg,bed473430b3f5b6a1f87efad0571d65b155c9907881724fa424f49591e1b372e,D,1,Phoma/1 (154).jpg
images/bee09b4df301f18d21c088cbb61d742b26a986824dc70c5a8a77245a91aa8d2b.jpg,bee09b4df301f18d21c088cbb61d742b26a986824dc70c5a8a77245a91aa8d2b,D,1,Phoma/1 (192).jpg
images/bf513b0e51a450f2e0cb167ff46fc0c23f36a906b6cbd209bce640df760a713f.jpg,bf513b0e51a450f2e0cb167ff46fc0c23f36a906b6cbd209bce640df760a713f,D,1,Phoma/3 (1230).jpg
images/bf67321021382c58183dbe4d728eae2b96abc640f454642c0ff20865bab87e65.jpg,bf67321021382c58183dbe4d728eae2b96abc640f454642c0ff20865bab87e65,C,1,Cerscospora/4 (184).jpg
images/bfb6da2493e84d141bf80c3e9bc04626845607a52b9308adcfcb3801dd35db1c.jpg,bfb6da2493e84d141bf80c3e9bc04626845607a52b9308adcfcb3801dd35db1c,E,0,Miner/1 (11520).jpg
images/bfc3a1886af0f1c3a5ae9c86341d8c580ee0aa18df5d408387e6d162fba82d0a.jpg,bfc3a1886af0f1c3a5ae9c86341d8c580ee0aa18df5d408387e6d162fba82d0a,B,0,Leaf rust/2 (560).jpg
images/bfc77fd6245076da52e56d22bc4e67fe9c648b7f81ca580fe06d6ca143631ccc.jpg,bfc77fd6245076da52e56d22bc4e67fe9c648b7f81ca580fe06d6ca143631ccc,D,1,Phoma/4 (398).jpg
images/bfe40ae6871e307d12faccf21a8ca46a08fcc877be2000d4e388109eeb19f87b.jpg,bfe40ae6871e307d12faccf21a8ca46a08fcc877be2000d4e388109eeb19f87b,D,1,Phoma/4 (336).jpg
images/c00ac639535ebf06f90180912c2bfc122da7c3801af175abc2dcdc7aff17cf22.jpg,c00ac639535ebf06f90180912c2bfc122da7c3801af175abc2dcdc7aff17cf22,B,0,Leaf rust/2 (691).jpg
images/c01d07100277fe92735b29158c1b45ce1948a32fa0d220ecfe225dcb6a72fdc4.jpg,c01d07100277fe92735b29158c1b45ce1948a32fa0d220ecfe225dcb6a72fdc4,A,1,Healthy/1 (1319).jpg
images/c044d8bc78f46b9322a2d46c73ac3eeb3531e8b638f950cab53b23f6d64e6ece.jpg,c044d8bc78f46b9322a2d46c73ac3eeb3531e8b638f950cab53b23f6d64e6ece,E,0,Miner/1 (14910).jpg
images/c078aeac6cdab5157f64f36c7a1f31930c308f8d06ec7b61d98e5a948fc09611.jpg,c078aeac6cdab5157f64f36c7a1f31930c308f8d06ec7b61d98e5a948fc09611,B,0,Leaf rust/1 (307).jpg
images/c083823f5de1abb805ab11d4ede83501ec2fcedb3f32f63e0bef4a4ad4f21146.jpg,c083823f5de1abb805ab11d4ede83501ec2fcedb3f32f63e0bef4a4ad4f21146,E,0,Miner/1 (15252).jpg
images/c08de48fa103d8c8be8a76ec283f935b69a3fb4e33da5c288943601cbaeff4a7.jpg,c08de48fa103d8c8be8a76ec283f935b69a3fb4e33da5c288943601cbaeff4a7,D,1,Phoma/2 (294).jpg
images/c09f37be5587739cbfffdfb33edb8dcc5ee8ed6bac97db4e165707d110e690e6.jpg,c09f37be5587739cbfffdfb33edb8dcc5ee8ed6bac97db4e165707d110e690e6,D,1,Phoma/1 (184).jpg
images/c0bef941bbdbb9b206e143e43d542b04ce730d07106f1e09d69855d2d0f227a1.jpg,c0bef941bbdbb9b206e143e43d542b04ce730d07106f1e09d69855d2d0f227a1,D,1,Phoma/1 (590).jpg
images/c0cfe374304f3c40e3e4daa50215854d51b9a7043597f444cfcd25a8ca8bdbf2.jpg,c0cfe374304f3c40e3e4daa50215854d51b9a7043597f444cfcd25a8ca8bdbf2,D,1,Phoma/3 (1053).jpg
images/c0ddfc114d27398539b9d6ee41395d2b025eda4e1d237fd26c44e8b0a9d25692.jpg,c0ddfc114d27398539b9d6ee41395d2b025eda4e1d237fd26c44e8b0a9d25692,B,0,Leaf rust/1 (364).jpg
images/c0e2ea72147cf35ccfa3489f6ede9b5c5b6a6fb97fda355b6d2d2397b81e2a75.jpg,c0e2ea72147cf35ccfa3489f6ede9b5c5b6a6fb97fda355b6d2d2397b81e2a75,E,0,Miner/1 (12875).jpg
images/c0e483f5923f777c8b014ffdd13f21e3d39dfedd23dabc657e87707105a2b682.jpg,c0e483f5923f777c8b014ffdd13f21e3d39dfedd23dabc657e87707105a2b682,E,0,Miner/1 (13870).jpg
images/c0fc0449d98e4bf0448ee92a07272ff87464cbbcfb6ffc248dd32c4210e6b70c.jpg,c0fc0449d98e4bf0448ee92a07272ff87464cbbcfb6ffc248dd32c4210e6b70c,E,0,Miner/1 (15708).jpg
images/c136086fb6712c70de52c24225b798a780f15a48b49dd880382a9be4192fd098.jpg,c136086fb6712c70de52c24225b798a780f15a48b49dd880382a9be4192fd098,B,0,Leaf rust/2 (795).jpg
images/c14019433b8e4e9cb937cc76c1d08007fd18382603fe2c9b500e05e128158f2c.jpg,c14019433b8e4e9cb937cc76c1d08007fd18382603fe2c9b500e05e128158f2c,B,0,Leaf rust/2 (710).jpg
images/c160f1a1ed27b53146dab5e9fe6674706d998d466baf882ab12bc157886679b5.jpg,c160f1a1ed27b53146dab5e9fe6674706d998d466baf882ab12bc157886679b5,B,0,Leaf rust/2 (887).jpg
images/c168318943a2f4c55eb90d0090015d6f9a0906d3091dffaadb519c6fa38698ab.jpg,c168318943a2f4c55eb90d0090015d6f9a0906d3091dffaadb519c6fa38698ab,B,0,Leaf rust/1 (97).jpg
images/c1740e729fe13a04ad9341d8e3b0ba852f8aec9a2276e5abdc843aed850e2ae0.jpg,c1740e729fe13a04ad9341d8e3b0ba852f8aec9a2276e5abdc843aed850e2ae0,D,1,Phoma/2 (15).jpg
images/c17f6776038da6446e7a9655e49df5dcd503b0ba12dfa8631ca3e874984e68bc.jpg,c17f6776038da6446e7a9655e49df5dcd503b0ba12dfa8631ca3e874984e68bc,E,0,Miner/1 (15254).jpg
images/c1909fbfc1498f5f52abee98a432f48ca9ae81bfa19fd07c0e6070283681cec0.jpg,c1909fbfc1498f5f52abee98a432f48ca9ae81bfa19fd07c0e6070283681cec0,E,0,Miner/1 (11563).jpg
images/c1ab25596f7e63e7c4f731f634bd9cdec956b672d103d1ca29605ba1f528bcbb.jpg,c1ab25596f7e63e7c4f731f634bd9cdec956b672d103d1ca29605ba1f528bcbb,B,0,Leaf rust/2 (708).jpg
images/c1ad395e0004376ff19b99b5624b4422a7dfd5794d2b0646bfe66ad43f121f63.jpg,c1ad395e0004376ff19b99b5624b4422a7dfd5794d2b0646bfe66ad43f121f63,B,0,Leaf rust/2 (652).jpg
images/c1c2c7d8b8dd5616c98ec55b7465b8cb05114e3489015f5cf9659a16eccd28bd.jpg,c1c2c7d8b8dd5616c98ec55b7465b8cb05114e3489015f5cf9659a16eccd28bd,D,1,Phoma/4 (225).jpg
images/c1ca685d8232d1e11c1473e6e70d2767bcc1c368c4921decc15cbd50b458c972.jpg,c1ca685d8232d1e11c1473e6e70d2767bcc1c368c4921decc15cbd50b458c972,E,0,Miner/1 (14981).jpg
images/c1d68372aacfdd0fa4e75146218173801b6476299be1fe0802c518a28106a773.jpg,c1d68372aacfdd0fa4e75146218173801b6476299be1fe0802c518a28106a773,B,0,Leaf rust/2 (623).jpg
images/c1f11b3161568b311a83603f66fe39d6998674e62b600214f5bde6e6c8c21a8d.jpg,c1f11b3161568b311a83603f66fe39d6998674e62b600214f5bde6e6c8c21a8d,E,0,Miner/1 (12128).jpg
images/c2080cb8c106d4f9e1820bb0414ffd32286a0633cb48b37759e7206c40d47cb9.jpg,c2080cb8c106d4f9e1820bb0414ffd32286a0633cb48b37759e7206c40d47cb9,B,0,Leaf rust/2 (675).jpg
images/c2501521a723e8729f65b86652950eae5cfed615e0de6a95415fc06ccad66a99.jpg,c2501521a723e8729f65b86652950eae5cfed615e0de6a95415fc06ccad66a99,B,0,Leaf rust/2 (946).jpg
images/c25e8c1a07c4decdf1c7eb9a42550af0e903cb8ab16ba7930f0d4432b4fd1832.jpg,c25e8c1a07c4decdf1c7eb9a42550af0e903cb8ab16ba7930f0d4432b4fd1832,B,0,Leaf rust/2 (523).jpg
images/c26304c7d72b42261ef0c87c9768d5ca9814128b50b3080d4284a182f75b52c7.jpg,c26304c7d72b42261ef0c87c9768d5ca9814128b50b3080d4284a182f75b52c7,D,1,Phoma/3 (1431).jpg
images/c291f2a9e567af31b2f07be6cb1e22937c6a391799657a6b05400c25b0bf9dc2.jpg,c291f2a9e567af31b2f07be6cb1e22937c6a391799657a6b05400c25b0bf9dc2,D,1,Phoma/2 (409).jpg
images/c2ee5b9afb4b84392a27a8ff645c700ab1005d5257f6b76ad0968999f1147dcb.jpg,c2ee5b9afb4b84392a27a8ff645c700ab1005d5257f6b76ad0968999f1147dcb,E,0,Miner/1 (12191).jpg
images/c2eeb2c9d0a6e3c0c3dbc86855cbc1ca0e9494ec131f9dfd1fcef26126555e57.jpg,c2eeb2c9d0a6e3c0c3dbc86855cbc1ca0e9494ec131f9dfd1fcef26126555e57,B,0,Leaf rust/2 (581).jpg
images/c2f2a4bf2450b24e5254359d3be616dc203a272c5cb41d728ccf1b60b227e440.jpg,c2f2a4bf2450b24e5254359d3be616dc203a272c5cb41d728ccf1b60b227e440,E,0,Miner/1 (15881).jpg
images/c32f8379badc3c8e6ef7f41297d95e1497cc3b0372f6ab4405851264a0417856.jpg,c32f8379badc3c8e6ef7f41297d95e1497cc3b0372f6ab4405851264a0417856,D,1,Phoma/2 (353).jpg
images/c340bf0d54b7a62ba93a45c22686645666f985d6748d13858ffbd1644c0037dd.jpg,c340bf0d54b7a62ba93a45c22686645666f985d6748d13858ffbd1644c0037dd,B,0,Leaf rust/2 (653).jpg
images/c341e566931f475fdceca59f2545b0c19b25706b8332d7d26be992e2e6251acb.jpg,c341e566931f475fdceca59f2545b0c19b25706b8332d7d26be992e2e6251acb,C,1,Cerscospora/7 (848).jpg
images/c35306bc5b585a6e8be3c09d46bdca98043447485c8446546a9ae97fe7111ba0.jpg,c35306bc5b585a6e8be3c09d46bdca98043447485c8446546a9ae97fe7111ba0,E,0,Miner/1 (11868).jpg
images/c3561dcf95a7e2db1b69c8dc4e6a0811044b8bba78b292247af43841c163133a.jpg,c3561dcf95a7e2db1b69c8dc4e6a0811044b8bba78b292247af43841c163133a,B,0,Leaf rust/2 (1000).jpg
images/c35e2d25d94be3ae9529c5972b5428ee5c150511f3bc143a602e9544fc560eb9.jpg,c35e2d25d94be3ae9529c5972b5428ee5c150511f3bc143a602e9544fc560eb9,E,0,Miner/1 (10375).jpg
images/c394aceec6acb2dc5884be83ead81e177a4aeddc4e1005479804e3cf02760887.jpg,c394aceec6acb2dc5884be83ead81e177a4aeddc4e1005479804e3cf02760887,D,1,Phoma/2 (767).jpg
images/c3d576e5b1cd693329343139a473e3fbd50418e80fd20fb66ddb1a8097e47deb.jpg,c3d576e5b1cd693329343139a473e3fbd50418e80fd20fb66ddb1a8097e47deb,E,0,Miner/1 (14329).jpg
images/c3eafc50dfa2a6134e481e32b10cde71b3cc8ac7b20f67bffe83419877841d5a.jpg,c3eafc50dfa2a6134e481e32b10cde71b3cc8ac7b20f67bffe83419877841d5a,D,1,Phoma/1 (147).jpg
images/c3eedae1a36fecb52939971858fb29b652c10e3dc931bdefdff814ac5722b684.jpg,c3eedae1a36fecb52939971858fb29b652c10e3dc931bdefdff814ac5722b684,D,1,Phoma/1 (397).jpg
images/c405fd0587910e324b66a013ff86f8d7cfa7fb11f38831b40d503d668b6d15c6.jpg,c405fd0587910e324b66a013ff86f8d7cfa7fb11f38831b40d503d668b6d15c6,B,0,Leaf rust/2 (616).jpg
images/c40fe72806a7648609a9c491a33aad1775be9aa99ea61719357dbfe2c50e6264.jpg,c40fe72806a7648609a9c491a33aad1775be9aa99ea61719357dbfe2c50e6264,D,1,Phoma/6 (3305).jpg
images/c426306ebfcbcf909222a0042b62635a3913474442f2cc8a2452fc9253835157.jpg,c426306ebfcbcf909222a0042b62635a3913474442f2cc8a2452fc9253835157,E,0,Miner/1 (12205).jpg
images/c4269fb50d978a5d8eae5d6eb7f249c70be383b1c3be504140711a224a673e77.jpg,c4269fb50d978a5d8eae5d6eb7f249c70be383b1c3be504140711a224a673e77,E,0,Miner/1 (13803).jpg
images/c462783704319266404ee3e350eaf4656002d36cbf39140d8af71f13b446827c.jpg,c462783704319266404ee3e350eaf4656002d36cbf39140d8af71f13b446827c,E,0,Miner/1 (10239).jpg
images/c466a5b611caa6c66739615935fc09b7918705a571cd77f086a5f520567a85b4.jpg,c466a5b611caa6c66739615935fc09b7918705a571cd77f086a5f520567a85b4,E,0,Miner/1 (13223).jpg
images/c47feb9e6d180da5dad9567f7cdd8ce1b0dd462f66fc8df4e2667764b06abdac.jpg,c47feb9e6d180da5dad9567f7cdd8ce1b0dd462f66fc8df4e2667764b06abdac,B,0,Leaf rust/1 (117).jpg
images/c49e900edbc7a91f7da1b5460eb23e0c8232b4fec3c80f3a55126f50f412986d.jpg,c49e900edbc7a91f7da1b5460eb23e0c8232b4fec3c80f3a55126f50f412986d,B,0,Leaf rust/1 (106).jpg
images/c4a263d71965bed89ca9d82f60bb43dc2f85650bbf3e6b8b5fd7137a417728bc.jpg,c4a263d71965bed89ca9d82f60bb43dc2f85650bbf3e6b8b5fd7137a417728bc,C,1,Cerscospora/7 (331).jpg
images/c4aa6fe79eff54c5d1a79505742bb0e12a9de40f18c75bd530597e11031a4b43.jpg,c4aa6fe79eff54c5d1a79505742bb0e12a9de40f18c75bd530597e11031a4b43,B,0,Leaf rust/2 (567).jpg
images/c4bbd150011a23e9d34c6e3fd8ec80f0c363087ec547afe9cf15086f72249c5b.jpg,c4bbd150011a23e9d34c6e3fd8ec80f0c363087ec547afe9cf15086f72249c5b,E,0,Miner/1 (15209).jpg
images/c4cf3fee00a853f0af3a3c3f735d5f23b3c59bae7094ae0cf83d7e1899e62f36.jpg,c4cf3fee00a853f0af3a3c3f735d5f23b3c59bae7094ae0cf83d7e1899e62f36,B,0,Leaf rust/1 (122).jpg
images/c4e1b47ab61f84f4b5c270ba787b217e535844abf26986fd10b4a3f19b10f6db.jpg,c4e1b47ab61f84f4b5c270ba787b217e535844abf26986fd10b4a3f19b10f6db,E,0,Miner/1 (12203).jpg
images/c4f76d0b0d60a04c5f81c3b92686f2f41e12438e5515d37b012069f5297b3723.jpg,c4f76d0b0d60a04c5f81c3b92686f2f41e12438e5515d37b012069f5297b3723,E,0,Miner/1 (11872).jpg
images/c50050540221e41b4c7c354e1cbf8373fb43ee464fc2cc508484170065779d10.jpg,c50050540221e41b4c7c354e1cbf8373fb43ee464fc2cc508484170065779d10,B,0,Leaf rust/1 (114).jpg
images/c51261e911d5a0e993a9e28122ae0d9e82bc40215b407311c3984f65d908c700.jpg,c51261e911d5a0e993a9e28122ae0d9e82bc40215b407311c3984f65d908c700,B,0,Leaf rust/2 (818).jpg
images/c51280343f7d58a5179c8083cce8e11fdb7627b699529bd64a02f76e7cca2230.jpg,c51280343f7d58a5179c8083cce8e11fdb7627b699529bd64a02f76e7cca2230,B,0,Leaf rust/1 (92).jpg
images/c51754c24bcac5c47990d30af8ab0d2fd1d161fc73a50edccfe0c23e46fbd27c.jpg,c51754c24bcac5c47990d30af8ab0d2fd1d161fc73a50edccfe0c23e46fbd27c,B,0,Leaf rust/2 (944).jpg
images/c5216e8323c2173ed7e9f018276d21fd29d90aece2c24cf136b4c214406623a2.jpg,c5216e8323c2173ed7e9f018276d21fd29d90aece2c24cf136b4c214406623a2,B,0,Leaf rust/2 (529).jpg
images/c521e3671476773914281a2ab1ae54c26cac28528da8dd1d3272e75ef59cc562.jpg,c521e3671476773914281a2ab1ae54c26cac28528da8dd1d3272e75ef59cc562,B,0,Leaf rust/1 (80).jpg
images/c5342febfc10e379289c341ff26d778375052d2d52a5e01b2b1a2841cec6e099.jpg,c5342febfc10e379289c341ff26d778375052d2d52a5e01b2b1a2841cec6e099,B,0,Leaf rust/2 (700).jpg
images/c53935da6faa60882c3d5f56e4159fc3cf7d69d039364e1f4330db132e502820.jpg,c53935da6faa60882c3d5f56e4159fc3cf7d69d039364e1f4330db132e502820,C,1,Cerscospora/7 (543).jpg
images/c5445257202faa4a8376a331ec7896e793a4c29440de853d9ee7c88ecf731e58.jpg,c5445257202faa4a8376a331ec7896e793a4c29440de853d9ee7c88ecf731e58,B,0,Leaf rust/2 (719).jpg
images/c54513fead80830ac635f0b5b44a492e6eb4f626e7ab2e32617bf62129e45641.jpg,c54513fead80830ac635f0b5b44a492e6eb4f626e7ab2e32617bf62129e45641,D,1,Phoma/1 (809).jpg
images/c547cde9a11496f99daaaef0c22ceb0727cb4e365e36ba019f358d272cb8dd38.jpg,c547cde9a11496f99daaaef0c22ceb0727cb4e365e36ba019f358d272cb8dd38,E,0,Miner/1 (14050).jpg
images/c55ba3db5a7cbd5009b45eecdc0a210f06705bd96667d55b5b09eba937fbe173.jpg,c55ba3db5a7cbd5009b45eecdc0a210f06705bd96667d55b5b09eba937fbe173,A,1,Healthy/1 (4168).jpg
images/c57c9f65905007e92c0f85669b4c33ee3076a3215ba91188841cf390c2dbcea3.jpg,c57c9f65905007e92c0f85669b4c33ee3076a3215ba91188841cf390c2dbcea3,E,0,Miner/1 (11462).jpg
images/c57ffad4f60166fddd6989d361a22d051de751adafce252377d1b8dcf49190c7.jpg,c57ffad4f60166fddd6989d361a22d051de751adafce252377d1b8dcf49190c7,C,1,Cerscospora/7 (866).jpg
images/c58a085dd72b3dcea7d27f9dcbc7cf999cd1341408deb3b13728bca0088796a5.jpg,c58a085dd72b3dcea7d27f9dcbc7cf999cd1341408deb3b13728bca0088796a5,D,1,Phoma/3 (1124).jpg
images/c59316becb6deedad445fe61a470ebe23b81d6b4b405503145aa129cfcd74cd3.jpg,c59316becb6deedad445fe61a470ebe23b81d6b4b405503145aa129cfcd74cd3,E,0,Miner/1 (10233).jpg
images/c594e39321becc871287634947b3d1deec96c40ed1c7fdee55433cd5ffb3a3ba.jpg,c594e39321becc871287634947b3d1deec96c40ed1c7fdee55433cd5ffb3a3ba,B,0,Leaf rust/1 (394).jpg
images/c59b2eabb308063402df66361e4ea20ffebce4c3a6c1a10d03a71ac970fcaff2.jpg,c59b2eabb308063402df66361e4ea20ffebce4c3a6c1a10d03a71ac970fcaff2,E,0,Miner/1 (12854).jpg
images/c5a945b13d4fdbb16f31cc826100850c59835427122b75e7285afed29ae7723a.jpg,c5a945b13d4fdbb16f31cc826100850c59835427122b75e7285afed29ae7723a,E,0,Miner/1 (14961).jpg
images/c5c17b31b48fde4542eb87e5688db2b3cf756fd2f1ca452bfffd9a224eaa6b58.jpg,c5c17b31b48fde4542eb87e5688db2b3cf756fd2f1ca452bfffd9a224eaa6b58,D,1,Phoma/1 (589).jpg
images/c5c24084f22c26eea15d0487fee0beceacb0f5138c919ce728eb433a192cdfb7.jpg,c5c24084f22c26eea15d0487fee0beceacb0f5138c919ce728eb433a192cdfb7,E,0,Miner/1 (13478).jpg
images/c5eb47119ffcf7a99e2a4326b8bfed69a46aafdbcbeb933b62e0e20563205fd3.jpg,c5eb47119ffcf7a99e2a4326b8bfed69a46aafdbcbeb933b62e0e20563205fd3,B,0,Leaf rust/2 (552).jpg
images/c5ec026c3ce6afa2b4e618282f46bb9f88f3e7e613b337e0ebcaba045c08e422.jpg,c5ec026c3ce6afa2b4e618282f46bb9f88f3e7e613b337e0ebcaba045c08e422,E,0,Miner/1 (13085).jpg
images/c60baee0f62994eb79efde86ef9037b2064a699788202dcdfa1a6b09f37cb962.jpg,c60baee0f62994eb79efde86ef9037b2064a699788202dcdfa1a6b09f37cb962,E,0,Miner/1 (14989).jpg
images/c614d5142e178c4bf82b58c88854eda8c7bf47c0a6557312a040e249bc183e8a.jpg,c614d5142e178c4bf82b58c88854eda8c7bf47c0a6557312a040e249bc183e8a,E,0,Miner/1 (12849).jpg
images/c61cfe9467232eb346901d54c54c3806cae07ca4e7a3b117e822abc5bc65175f.jpg,c61cfe9467232eb346901d54c54c3806cae07ca4e7a3b117e822abc5bc65175f,B,0,Leaf rust/1 (313).jpg
images/c6204ca6230f104044de8f3f6f0ba3406c043f2d3f4878c5ae7943881ea39a2c.jpg,c6204ca6230f104044de8f3f6f0ba3406c043f2d3f4878c5ae7943881ea39a2c,E,0,Miner/1 (10755).jpg
images/c64be3a0c960a487350a1e189ae8a620c3c567a70bb08bc5fca8872b9fb8ae51.jpg,c64be3a0c960a487350a1e189ae8a620c3c567a70bb08bc5fca8872b9fb8ae51,D,1,Phoma/3 (1466).jpg
images/c6661ac049ef776bd35620d34fe5fe7abdd3e8f679f5cf34beb1a7b171c429e3.jpg,c6661ac049ef776bd35620d34fe5fe7abdd3e8f679f5cf34beb1a7b171c429e3,C,1,Cerscospora/7 (507).jpg
images/c6749f2e7eba38d3f75655f9dc38674b4063bf5dabc7dd7115f0f7a90d9ecc7f.jpg,c6749f2e7eba38d3f75655f9dc38674b4063bf5dabc7dd7115f0f7a90d9ecc7f,D,1,Phoma/1 (560).jpg
images/c680cb627d273c583daa5062ea35e64adb0c8ebdce30a966f458120b98e1c87c.jpg,c680cb627d273c583daa5062ea35e64adb0c8ebdce30a966f458120b98e1c87c,B,0,Leaf rust/2 (587).jpg
images/c6845405d960625c185399129f3117f57fb2576de606821147ba3c7a3fd13a0d.jpg,c6845405d960625c185399129f3117f57fb2576de606821147ba3c7a3fd13a0d,B,0,Leaf rust/2 (570).jpg
images/c68b68133f1f4af508f7a3a18498a7923f03061883a4cb497a3d67721161ed43.jpg,c68b68133f1f4af508f7a3a18498a7923f03061883a4cb497a3d67721161ed43,E,0,Miner/1 (10960).jpg
images/c698e4bc1ba0b97f0d5f8a1e48e36351ba531da095696e0fc4b5696b831aafe4.jpg,c698e4bc1ba0b97f0d5f8a1e48e36351ba531da095696e0fc4b5696b831aafe4,A,1,Healthy/1 (361).jpg
images/c6a2edb0a551edd523e138b878a352bfbbcb39a85b8fddafaa1d1c980a27bed5.jpg,c6a2edb0a551edd523e138b878a352bfbbcb39a85b8fddafaa1d1c980a27bed5,D,1,Phoma/2 (313).jpg
images/c6a6f15c0fdddf91133eeabe1877fac7e158e8a46c673c3490bfdf2b6e9060e0.jpg,c6a6f15c0fdddf91133eeabe1877fac7e158e8a46c673c3490bfdf2b6e9060e0,D,1,Phoma/1 (486).jpg
images/c6afd2174d527420ee7a493a3455b40dc118bd02a740cce940835cc6016f6170.jpg,c6afd2174d527420ee7a493a3455b40dc118bd02a740cce940835cc6016f6170,C,1,Cerscospora/4 (105).jpg
images/c6b16a4d542438e1f7c8cd590323c6897ec7326c86ec4bb934c3a2b98dcc2292.jpg,c6b16a4d542438e1f7c8cd590323c6897ec7326c86ec4bb934c3a2b98dcc2292,D,1,Phoma/3 (1048).jpg
images/c6b32b6fb2c6a7fa56689664ea3ee981b670fdd819b70adec62a68cd56bc6ca1.jpg,c6b32b6fb2c6a7fa56689664ea3ee981b670fdd819b70adec62a68cd56bc6ca1,B,0,Leaf rust/1 (318).jpg
images/c6b5ef88aeba8dec8f9441d68e6d94198687303c52f77f2df67e2046748cdb22.jpg,c6b5ef88aeba8dec8f9441d68e6d94198687303c52f77f2df67e2046748cdb22,B,0,Leaf rust/1 (418).jpg
images/c6cb443742ca76fc8019a65d064e6ce5daa6901feba517af78b8cf42405d7b0f.jpg,c6cb443742ca76fc8019a65d064e6ce5daa6901feba517af78b8cf42405d7b0f,E,0,Miner/1 (10078).jpg
images/c6d9898f5af106179b635aa9bfd461c50d6b059dd7229138bb322a623df425a4.jpg,c6d9898f5af106179b635aa9bfd461c50d6b059dd7229138bb322a623df425a4,E,0,Miner/1 (15628).jpg
images/c6dcee60a3848d097e8b12ff423d7fc8682ae5baad921118bd2048aefa45e557.jpg,c6dcee60a3848d097e8b12ff423d7fc8682ae5baad921118bd2048aefa45e557,E,0,Miner/1 (11721).jpg
images/c6e1f408281900c25f30fad24cff2cb4d10815c8e8b4cfe7e1259638965e553d.jpg,c6e1f408281900c25f30fad24cff2cb4d10815c8e8b4cfe7e1259638965e553d,E,0,Miner/1 (12848).jpg
images/c6f3dc91167593eac8bd6b73a785ed89ed39444565208e157a7054ca904d8aae.jpg,c6f3dc91167593eac8bd6b73a785ed89ed39444565208e157a7054ca904d8aae,E,0,Miner/1 (12187).jpg
images/c715108ab8e07e1c6e20f09f7bf944d42be8f3b9db091b13373b2a5339aad1db.jpg,c715108ab8e07e1c6e20f09f7bf944d42be8f3b9db091b13373b2a5339aad1db,B,0,Leaf rust/1 (176).jpg
images/c7181689e9d58391a1d9ee6540594088c8c9f41966e3cf174e80496a91780a75.jpg,c7181689e9d58391a1d9ee6540594088c8c9f41966e3cf174e80496a91780a75,D,1,Phoma/4 (436).jpg
images/c719dd4d74b09abaadcd1b5b2a258ca8a55f7db6949fbb3de36005669aae2edc.jpg,c719dd4d74b09abaadcd1b5b2a258ca8a55f7db6949fbb3de36005669aae2edc,E,0,Miner/1 (14645).jpg
images/c738691347992f296a77328fa7a7f174718aa3f0ed6b0837d7d7a3d04b4eee29.jpg,c738691347992f296a77328fa7a7f174718aa3f0ed6b0837d7d7a3d04b4eee29,A,1,Healthy/1 (100).jpg
images/c7499f1a31cc4cd98b63010476b9e6bfffcfe55cf3953215289df340d78f49d9.jpg,c7499f1a31cc4cd98b63010476b9e6bfffcfe55cf3953215289df340d78f49d9,C,1,Cerscospora/6 (14).jpg
images/c763bc72bf657a0d89822736dd892e0d23a8cb8e5b24bef16a5fb149107412d3.jpg,c763bc72bf657a0d89822736dd892e0d23a8cb8e5b24bef16a5fb149107412d3,E,0,Miner/1 (1).jpg
images/c7771a3acfbef83d83ffc4765d81337c730f75402d8341743383439abbfb3422.jpg,c7771a3acfbef83d83ffc4765d81337c730f75402d8341743383439abbfb3422,E,0,Miner/1 (11821).jpg
images/c77ddb32c2fece7fda2a585c447e0f152716d7fb0ed5ad21f0eee36eeff6ec4e.jpg,c77ddb32c2fece7fda2a585c447e0f152716d7fb0ed5ad21f0eee36eeff6ec4e,B,0,Leaf rust/1 (381).jpg
images/c7b9a1d66dfc496b8f1c8e751e8a9ec187dd544601850514cac19342dd443d43.jpg,c7b9a1d66dfc496b8f1c8e751e8a9ec187dd544601850514cac19342dd443d43,E,0,Miner/1 (11516).jpg
images/c7e49b7a857f1834f26b24de9aa222c23c5398a73140a2c582a60ff25f093488.jpg,c7e49b7a857f1834f26b24de9aa222c23c5398a73140a2c582a60ff25f093488,B,0,Leaf rust/1 (159).jpg
images/c806fe950a39868013ccb0315ab301cb82558d8ee5540ebf209c4b05f00e0e9f.jpg,c806fe950a39868013ccb0315ab301cb82558d8ee5540ebf209c4b05f00e0e9f,E,0,Miner/1 (10357).jpg
images/c8253eea84e5b17b7bfa64e825b58882d732d9e0385bebd6bba27894c27cfecb.jpg,c8253eea84e5b17b7bfa64e825b58882d732d9e0385bebd6bba27894c27cfecb,E,0,Miner/1 (13943).jpg
images/c8270bc5c6b4fafb61ab75e44d8e71a4e6fcfc22e97bbede9f8d9d755a799956.jpg,c8270bc5c6b4fafb61ab75e44d8e71a4e6fcfc22e97bbede9f8d9d755a799956,B,0,Leaf rust/1 (333).jpg
images/c84f77d7e4eea8de63695a9e99019eb9067f20aee361cdb7ceb7e1c4d380e5d3.jpg,c84f77d7e4eea8de63695a9e99019eb9067f20aee361cdb7ceb7e1c4d380e5d3,E,0,Miner/1 (14322).jpg
images/c861081c246345299fd9e7fd88715d037fd89681f8ab56c981b24caba8f0f93f.jpg,c861081c246345299fd9e7fd88715d037fd89681f8ab56c981b24caba8f0f93f,E,0,Miner/1 (13945).jpg
images/c87280448c016dd78e8601e75f236b207ee0049ef3fea10db3d1ea1c39225b19.jpg,c87280448c016dd78e8601e75f236b207ee0049ef3fea10db3d1ea1c39225b19,C,1,Cerscospora/4 (1011).jpg
images/c87f42774bd0635b15a57ce3d7b3efe301949392917a9859e228f6e0fb2de4c5.jpg,c87f42774bd0635b15a57ce3d7b3efe301949392917a9859e228f6e0fb2de4c5,C,1,Cerscospora/4 (218).jpg
images/c8821e63c37f0d4ee3ec6b414d446e2abfe21588346581705028696f700099a1.jpg,c8821e63c37f0d4ee3ec6b414d446e2abfe21588346581705028696f700099a1,D,1,Phoma/3 (1232).jpg
images/c88903a9bc3e7dcdc10e544ef8add1339b7741ebcfaac20a134da21e970eb6fb.jpg,c88903a9bc3e7dcdc10e544ef8add1339b7741ebcfaac20a134da21e970eb6fb,E,0,Miner/1 (10044).jpg
images/c893a5940474ac3d26ac6befd303a4396cce947de1f3db43ed3f7643253c2544.jpg,c893a5940474ac3d26ac6befd303a4396cce947de1f3db43ed3f7643253c2544,E,0,Miner/1 (12851).jpg
images/c8ea3a67d9368572719e7b1923ee72c8ad568f8c10b42b228c31bf6b239c7a23.jpg,c8ea3a67d9368572719e7b1923ee72c8ad568f8c10b42b228c31bf6b239c7a23,B,0,Leaf rust/2 (979).jpg
images/c8f234200b92a6bd1563fda8f96808292e212d1a1cb14f0ad397617961f1b24b.jpg,c8f234200b92a6bd1563fda8f96808292e212d1a1cb14f0ad397617961f1b24b,E,0,Miner/1 (14662).jpg
images/c8f8ff1d75ea306fa0cca28a2862452bccd34edd7d1a8a69e91e3cfa9c112ad4.jpg,c8f8ff1d75ea306fa0cca28a2862452bccd34edd7d1a8a69e91e3cfa9c112ad4,E,0,Miner/1 (11771).jpg
images/c8fcb93004a2deadc04327c6fe187b0e5cdf597a13dbcdf14e85b81b17695794.jpg,c8fcb93004a2deadc04327c6fe187b0e5cdf597a13dbcdf14e85b81b17695794,E,0,Miner/1 (12099).jpg
images/c9122d876dd8e67e7e65d7e997f0417a602fe1b25329827f1bc23d8b4183f731.jpg,c9122d876dd8e67e7e65d7e997f0417a602fe1b25329827f1bc23d8b4183f731,E,0,Miner/1 (14100).jpg
images/c92422b82ac07c5af933855bdc13bbafac36d25c4987f6d41e915067145e11d1.jpg,c92422b82ac07c5af933855bdc13bbafac36d25c4987f6d41e915067145e11d1,E,0,Miner/1 (15811).jpg
images/c93c2239ec2183db2103d99bf810029eb5b7ec0219e65a55d1e18afaa0faa121.jpg,c93c2239ec2183db2103d99bf810029eb5b7ec0219e65a55d1e18afaa0faa121,E,0,Miner/1 (11104).jpg
images/c941789af323a7934f9aba81475af01d01a5985b44b454a33856f5944b132323.jpg,c941789af323a7934f9aba81475af01d01a5985b44b454a33856f5944b132323,E,0,Miner/1 (15536).jpg
images/c947e688ede87c07177d64a7ed3b4eba87e917f58223991f9d327f8e25f2335c.jpg,c947e688ede87c07177d64a7ed3b4eba87e917f58223991f9d327f8e25f2335c,E,0,Miner/1 (14128).jpg
images/c95067ec83ca727e9729c23ca41a50189ae755fa5590820dddcfae425e1cbbcd.jpg,c95067ec83ca727e9729c23ca41a50189ae755fa5590820dddcfae425e1cbbcd,B,0,Leaf rust/1 (455).jpg
images/c950714a3a5e308d78e154b826bb253c52201f49a4fbba9010c0dc745f75e38a.jpg,c950714a3a5e308d78e154b826bb253c52201f49a4fbba9010c0dc745f75e38a,B,0,Leaf rust/2 (572).jpg
images/c95c5c810c42aed31ce9bbbccd2b23dc9ba2e4279925f5fd2896a09c689fd34e.jpg,c95c5c810c42aed31ce9bbbccd2b23dc9ba2e4279925f5fd2896a09c689fd34e,D,1,Phoma/1 (283).jpg
images/c95d0d891d07e5eae36d089b3e1efa2af1fb025111acf35373694e482cad04a1.jpg,c95d0d891d07e5eae36d089b3e1efa2af1fb025111acf35373694e482cad04a1,E,0,Miner/1 (13986).jpg
images/c9675c0274c8294552841f645188395d9ca8a6d2368a4366f6a0fc8a6239d52c.jpg,c9675c0274c8294552841f645188395d9ca8a6d2368a4366f6a0fc8a6239d52c,E,0,Miner/1 (11459).jpg
images/c969654b8d395987fb6d6f5ebc1513fec0e032768adf1614c86798e8a92bfc82.jpg,c969654b8d395987fb6d6f5ebc1513fec0e032768adf1614c86798e8a92bfc82,E,0,Miner/1 (10366).jpg
images/c98b5041fafdbb3f8ff99e3a8ac84c583fee04a39f0b07733658670ccc77d849.jpg,c98b5041fafdbb3f8ff99e3a8ac84c583fee04a39f0b07733658670ccc77d849,B,0,Leaf rust/2 (602).jpg
images/c9917d2d14183461a1240079fb23ae43ffcf6214342073552d1e275b3cf92718.jpg,c9917d2d14183461a1240079fb23ae43ffcf6214342073552d1e275b3cf92718,E,0,Miner/1 (10580).jpg
images/c994a9ab78dabf3b9a3972c747a0eb53fdf4c3192ab6de6f8c30d627c7d19c56.jpg,c994a9ab78dabf3b9a3972c747a0eb53fdf4c3192ab6de6f8c30d627c7d19c56,B,0,Leaf rust/2 (702).jpg
images/c99617c44a94df8dcb2f18419fe7c32df54d5a4c01362b54bdd01afd43f71dd7.jpg,c99617c44a94df8dcb2f18419fe7c32df54d5a4c01362b54bdd01afd43f71dd7,B,0,Leaf rust/2 (678).jpg
images/c9978ca5e78342d7d4ff1c9200359201c43d0d4ec7f14a868514568935e14508.jpg,c9978ca5e78342d7d4ff1c9200359201c43d0d4ec7f14a868514568935e14508,E,0,Miner/1 (12791).jpg
images/c9a11807e17670f4d919ded8a13eaafd2442c3e267476764c761c7bc9bbf095d.jpg,c9a11807e17670f4d919ded8a13eaafd2442c3e267476764c761c7bc9bbf095d,A,1,Healthy/1 (3811).jpg
images/c9d7f8f56a7834a85b19c543e936750dc901b3eb20733f80986ddcc363d2090d.jpg,c9d7f8f56a7834a85b19c543e936750dc901b3eb20733f80986ddcc363d2090d,D,1,Phoma/3 (922).jpg
images/c9dd50e222f06bb8fbf92e1b4a5a2d8850aa30a492dfb710350874a61329eaba.jpg,c9dd50e222f06bb8fbf92e1b4a5a2d8850aa30a492dfb710350874a61329eaba,E,0,Miner/1 (13833).jpg
images/c9ee8b3a8a3d938de083c363fe1e86dd7f64a630ea6d33faa5f8a272bdf83f55.jpg,c9ee8b3a8a3d938de083c363fe1e86dd7f64a630ea6d33faa5f8a272bdf83f55,B,0,Leaf rust/1 (219).jpg
images/c9ff76a2d07c2e52831eb33b73b3e10e041af4b22611c4a1e129d8607c254c59.jpg,c9ff76a2d07c2e52831eb33b73b3e10e041af4b22611c4a1e129d8607c254c59,E,0,Miner/1 (14986).jpg
images/ca028357f01428da45fc35acc3235732ec5859dee08bcac7834a8aa059ebc70f.jpg,ca028357f01428da45fc35acc3235732ec5859dee08bcac7834a8aa059ebc70f,E,0,Miner/1 (12798).jpg
images/ca14463bc53ae402b5d4588007acaa73c65826d069cd6603dbfcc31ac8b32915.jpg,ca14463bc53ae402b5d4588007acaa73c65826d069cd6603dbfcc31ac8b32915,D,1,Phoma/4 (588).jpg
images/ca251a45b0770c1c1f2def0e1d10d87f5bc4398bb2e896851fff9db8109cab91.jpg,ca251a45b0770c1c1f2def0e1d10d87f5bc4398bb2e896851fff9db8109cab91,E,0,Miner/1 (11920).jpg
images/ca26f9d52ffdbe02ba780edab036305e26d90d0e284cc1c3fc702fece3bd5f21.jpg,ca26f9d52ffdbe02ba780edab036305e26d90d0e284cc1c3fc702fece3bd5f21,C,1,Cerscospora/6 (456).jpg
images/ca2e51b2ccbd9e4c208ef6ab9090db2aa2dbf147f642c30b692616061e6e09cf.jpg,ca2e51b2ccbd9e4c208ef6ab9090db2aa2dbf147f642c30b692616061e6e09cf,E,0,Miner/1 (13760).jpg
images/ca2ed0bce14fca04aa457083bed23ef582d7c1b81f8574b86bfa075be1cd80b8.jpg,ca2ed0bce14fca04aa457083bed23ef582d7c1b81f8574b86bfa075be1cd80b8,D,1,Phoma/2 (314).jpg
images/ca5130938e39807f6381f219a4ab565f7dae5dc911e3b565e68103873e497b3b.jpg,ca5130938e39807f6381f219a4ab565f7dae5dc911e3b565e68103873e497b3b,E,0,Miner/1 (10231).jpg
images/ca555dc6cd9f8fa4d26d4349c64b8d727d7cb94a61b56993bde2cee9122aaee3.jpg,ca555dc6cd9f8fa4d26d4349c64b8d727d7cb94a61b56993bde2cee9122aaee3,D,1,Phoma/3 (1038).jpg
images/ca66b380ee1f1499fd8dbd29b80a8aa509a4d033dff20c535df790a03ca7363b.jpg,ca66b380ee1f1499fd8dbd29b80a8aa509a4d033dff20c535df790a03ca7363b,B,0,Leaf rust/1 (392).jpg
images/ca7317d75aab213a0a9846519957d2954157578d02b7c5300779d79e103f79da.jpg,ca7317d75aab213a0a9846519957d2954157578d02b7c5300779d79e103f79da,D,1,Phoma/2 (369).jpg
images/ca766cc383d9b98be21a9f240a52c02b93d9a3fb04dc0abfb188e01776fdc6b0.jpg,ca766cc383d9b98be21a9f240a52c02b93d9a3fb04dc0abfb188e01776fdc6b0,E,0,Miner/1 (14165).jpg
images/ca8389071dd02375da407c4546766949353a1fd09edf437b4dec94381ab56414.jpg,ca8389071dd02375da407c4546766949353a1fd09edf437b4dec94381ab56414,E,0,Miner/1 (12866).jpg
images/ca8b9a5800f986f6e0a19a7ade413bd0fae213d030be029c3bad4adfca1e2b96.jpg,ca8b9a5800f986f6e0a19a7ade413bd0fae213d030be029c3bad4adfca1e2b96,B,0,Leaf rust/2 (741).jpg
images/ca9bafa8b9260d26cda5a45b1c91441aa9c088cc4c2f0b963c44bf942dd12d6c.jpg,ca9bafa8b9260d26cda5a45b1c91441aa9c088cc4c2f0b963c44bf942dd12d6c,C,1,Cerscospora/4 (677).jpg
images/caa0626eea590d1b7cec89810eb9ffa071b8b689b318680262496d9dadde9424.jpg,caa0626eea590d1b7cec89810eb9ffa071b8b689b318680262496d9dadde9424,D,1,Phoma/3 (1825).jpg
images/cab69de885f6a3a8d337777ca1281f078930cf1dea97490a8d1c16b2433138e6.jpg,cab69de885f6a3a8d337777ca1281f078930cf1dea97490a8d1c16b2433138e6,E,0,Miner/1 (14333).jpg
images/cabb822d4e5b7876b0e86bcd49e7f21412ec5877e4ce3bf341a999c0c4c3be97.jpg,cabb822d4e5b7876b0e86bcd49e7f21412ec5877e4ce3bf341a999c0c4c3be97,E,0,Miner/1 (10029).jpg
images/cabbad23f135a5091220c3c4e38113c8073937258dfd346784948766726f74d7.jpg,cabbad23f135a5091220c3c4e38113c8073937258dfd346784948766726f74d7,A,1,Healthy/1 (1912).jpg
images/cad048c45f56d30bf70de183859f56161296b8aac3a182942f656afa6651ed2e.jpg,cad048c45f56d30bf70de183859f56161296b8aac3a182942f656afa6651ed2e,C,1,Cerscospora/8 (795).jpg
images/cad9bc23d5d80573aa58537afc114b4db7c90fd7a17e87014ea9ff9d69763b9f.jpg,cad9bc23d5d80573aa58537afc114b4db7c90fd7a17e87014ea9ff9d69763b9f,D,1,Phoma/4 (527).jpg
images/cae311ee4fb715e0062030a05a551ed8ffef6bbec093ef29619509f465ef85dd.jpg,cae311ee4fb715e0062030a05a551ed8ffef6bbec093ef29619509f465ef85dd,D,1,Phoma/4 (338).jpg
images/cae4ad7750b49ee2ef4a9b19aad0cac2a5e482bf4a6441b0fe4c7fffb4aada0b.jpg,cae4ad7750b49ee2ef4a9b19aad0cac2a5e482bf4a6441b0fe4c7fffb4aada0b,E,0,Miner/1 (11971).jpg
images/caf3a83afb198d74a16027734beaa992c6d5590d0baef2458e5c2827c920f396.jpg,caf3a83afb198d74a16027734beaa992c6d5590d0baef2458e5c2827c920f396,E,0,Miner/1 (10723).jpg
images/cb30f9d59f4d0940b4e11ce44ee986c1ce5309ba3d72511c94d6077ec58f1d87.jpg,cb30f9d59f4d0940b4e11ce44ee986c1ce5309ba3d72511c94d6077ec58f1d87,E,0,Miner/1 (10733).jpg
images/cb4c143e445f8e51694481ca09b13ce45938f3fee1c33796e79e84badd452723.jpg,cb4c143e445f8e51694481ca09b13ce45938f3fee1c33796e79e84badd452723,B,0,Leaf rust/2 (1003).jpg
images/cb4ef7b7d2901bf7dfa95bdd59d511c80d432b73bdbef627c716120f46ad506e.jpg,cb4ef7b7d2901bf7dfa95bdd59d511c80d432b73bdbef627c716120f46ad506e,D,1,Phoma/1 (372).jpg
images/cb6199105bf9789f727da1cd7d5feacda173a535674a1e5134383d6e74462d46.jpg,cb6199105bf9789f727da1cd7d5feacda173a535674a1e5134383d6e74462d46,D,1,Phoma/4 (13).jpg
images/cb70676109913bdfa2b7a5ccb4db9c5b3598191c00e555103610f3b1628415bb.jpg,cb70676109913bdfa2b7a5ccb4db9c5b3598191c00e555103610f3b1628415bb,E,0,Miner/1 (10545).jpg
images/cb73426f123b0b9fc5759048fa39d7f3b470b6c0f747c598292321bae4e49b6d.jpg,cb73426f123b0b9fc5759048fa39d7f3b470b6c0f747c598292321bae4e49b6d,B,0,Leaf rust/2 (681).jpg
images/cb7487fd0fb1bb845d37cfe89b3bff2e17929ef07c8baea8abf5542a0fd11c60.jpg,cb7487fd0fb1bb845d37cfe89b3bff2e17929ef07c8baea8abf5542a0fd11c60,E,0,Miner/1 (11120).jpg
images/cb96fda432df1ec1f67992b99504c5fdcdc3e5b97c4f143d29cfe2c96bed6ce7.jpg,cb96fda432df1ec1f67992b99504c5fdcdc3e5b97c4f143d29cfe2c96bed6ce7,E,0,Miner/1 (10617).jpg
images/cb98c8c030b1315c6b8ab10023e87fecd403c5454cbc62d966989dc2fcae0255.jpg,cb98c8c030b1315c6b8ab10023e87fecd403c5454cbc62d966989dc2fcae0255,E,0,Miner/1 (15348).jpg
images/cba60ebef5f5a592643e736bc1b349f2c45534977cd94736df0100a942f34120.jpg,cba60ebef5f5a592643e736bc1b349f2c45534977cd94736df0100a942f34120,B,0,Leaf rust/1 (232).jpg
images/cbd3269a4ae3ee2832fbf08ad36def16ad608a3f2dad0cd41cef214d4afcbd93.jpg,cbd3269a4ae3ee2832fbf08ad36def16ad608a3f2dad0cd41cef214d4afcbd93,C,1,Cerscospora/4 (433).jpg
images/cbd7e683f04e82a7f6477324a9e17feeb25005dc740618313d3309b05455abdf.jpg,cbd7e683f04e82a7f6477324a9e17feeb25005dc740618313d3309b05455abdf,B,0,Leaf rust/2 (855).jpg
images/cbf022429c3548eefce2058cccb7d798f5cb6bd1bb104c5724dae820477a2381.jpg,cbf022429c3548eefce2058cccb7d798f5cb6bd1bb104c5724dae820477a2381,B,0,Leaf rust/1 (453).jpg
images/cbf8cea7850706c3c1f46a925f7d88c99ee67a2d154540284bd31d61e0f6abd9.jpg,cbf8cea7850706c3c1f46a925f7d88c99ee67a2d154540284bd31d61e0f6abd9,B,0,Leaf rust/1 (36).jpg
images/cbfede47151e6c6426d4cb31696d0e42677690247449d8aca85e87a464b1b354.jpg,cbfede47151e6c6426d4cb31696d0e42677690247449d8aca85e87a464b1b354,B,0,Leaf rust/2 (823).jpg
images/cc010450e6ac7bc169da9e3f407a0c260844bae370381112f2e5f670de3e5065.jpg,cc010450e6ac7bc169da9e3f407a0c260844bae370381112f2e5f670de3e5065,E,0,Miner/1 (12549).jpg
images/cc072a6948a281003b87f0e9a358a723d3436b46c0b696b0345c057d557d6642.jpg,cc072a6948a281003b87f0e9a358a723d3436b46c0b696b0345c057d557d6642,E,0,Miner/1 (12837).jpg
images/cc1229d29cdac91902ac954c573cae2c8c4e86b9c978d5a7e6ef144f00a7a36a.jpg,cc1229d29cdac91902ac954c573cae2c8c4e86b9c978d5a7e6ef144f00a7a36a,B,0,Leaf rust/1 (385).jpg
images/cc38c32ef67f08b3683f84f05ef8b864b0da2efab62ac23bde15670dff3c2a42.jpg,cc38c32ef67f08b3683f84f05ef8b864b0da2efab62ac23bde15670dff3c2a42,D,1,Phoma/1 (258).jpg
images/cc53d6ddd5e41971ac37b5073dcbfe5f450af75d3c09b54a51185d0b08bb83d3.jpg,cc53d6ddd5e41971ac37b5073dcbfe5f450af75d3c09b54a51185d0b08bb83d3,D,1,Phoma/3 (903).jpg
images/cc6597c2373f53d62a6ffb8142aca0d6978256852d2230eece35d4dc18e0acbe.jpg,cc6597c2373f53d62a6ffb8142aca0d6978256852d2230eece35d4dc18e0acbe,D,1,Phoma/2 (315).jpg
images/cc7d0ec8e4c7b005eb447e58faa314650a578ebc210794817c480fc3b4b2a148.jpg,cc7d0ec8e4c7b005eb447e58faa314650a578ebc210794817c480fc3b4b2a148,B,0,Leaf rust/1 (240).jpg
images/cc8edb338b3b09440fdb0a6b986e1296551ea234081e1cd10db0c5a9a471a928.jpg,cc8edb338b3b09440fdb0a6b986e1296551ea234081e1cd10db0c5a9a471a928,E,0,Miner/1 (13082).jpg
images/cca008932e762b2e8554d0d9308dc657ef91ac59a30bb9431e966b7fd680eb67.jpg,cca008932e762b2e8554d0d9308dc657ef91ac59a30bb9431e966b7fd680eb67,B,0,Leaf rust/2 (779).jpg
images/ccb412a0cab96ad0a316a63d4c431f901bd6f4662323c5dd8f24e48dc9eb11f9.jpg,ccb412a0cab96ad0a316a63d4c431f901bd6f4662323c5dd8f24e48dc9eb11f9,B,0,Leaf rust/1 (58).jpg
images/ccd8a9a1e11c03b3bfb8cbd59b10ca9d83a8f5daae81bec7591e3a01e7eb2247.jpg,ccd8a9a1e11c03b3bfb8cbd59b10ca9d83a8f5daae81bec7591e3a01e7eb2247,B,0,Leaf rust/1 (482).jpg
images/ccdc710a64e4f453fe2391e2d04e3a8fcf4a15087b7a01612ac181f3d19afad6.jpg,ccdc710a64e4f453fe2391e2d04e3a8fcf4a15087b7a01612ac181f3d19afad6,B,0,Leaf rust/2 (729).jpg
images/cce431a660702d51d661d010ecf8bbfaafe54612b5ad0ab6b366cd07a5b61106.jpg,cce431a660702d51d661d010ecf8bbfaafe54612b5ad0ab6b366cd07a5b61106,E,0,Miner/1 (10401).jpg
images/cce46995ae15f81846f1498809bc5c39b8bafd46d1bf781c236deea7328c891a.jpg,cce46995ae15f81846f1498809bc5c39b8bafd46d1bf781c236deea7328c891a,E,0,Miner/1 (10034).jpg
images/ccf247ef3da01a34399d219ee67897a9b0cf245a4896d92f8ba226b25725ecd8.jpg,ccf247ef3da01a34399d219ee67897a9b0cf245a4896d92f8ba226b25725ecd8,C,1,Cerscospora/6 (12).jpg
images/ccf714240f91e6b05613f5c2ab1b8e043065e9b2b04c8d21f412955df243f3b0.jpg,ccf714240f91e6b05613f5c2ab1b8e043065e9b2b04c8d21f412955df243f3b0,E,0,Miner/1 (13939).jpg
images/cd1afdf6c47d6b7f21951ccbcb362b4dbbe4d0e2a566f40b200acbf55615e1e3.jpg,cd1afdf6c47d6b7f21951ccbcb362b4dbbe4d0e2a566f40b200acbf55615e1e3,C,1,Cerscospora/8 (217).jpg
images/cd1d29cd2f8f8175463264f3598e4bc40ded0f5624ed4a49e342c17e81ce0589.jpg,cd1d29cd2f8f8175463264f3598e4bc40ded0f5624ed4a49e342c17e81ce0589,B,0,Leaf rust/2 (921).jpg
images/cd21548957400b3e9bef7f54ad8c1048f8efdee2b0c3bc17ec8f071304d9dd5a.jpg,cd21548957400b3e9bef7f54ad8c1048f8efdee2b0c3bc17ec8f071304d9dd5a,D,1,Phoma/1 (118).jpg
images/cd3049d17466137b54104a75ccd7f57dc3c96c6f396142c984e17c1eb53015b0.jpg,cd3049d17466137b54104a75ccd7f57dc3c96c6f396142c984e17c1eb53015b0,E,0,Miner/1 (11514).jpg
images/cd43977385c6a65d7fbe67aa12aef0facd2b6b7f49e0c254ac60b8921df8927d.jpg,cd43977385c6a65d7fbe67aa12aef0facd2b6b7f49e0c254ac60b8921df8927d,E,0,Miner/1 (12007).jpg
images/cd443e6b9c5a8de4b127aff00214696948f0bb37ed813d7e964eaadd7cbfc0f7.jpg,cd443e6b9c5a8de4b127aff00214696948f0bb37ed813d7e964eaadd7cbfc0f7,E,0,Miner/1 (13407).jpg
images/cd4bf3581368fab8547fff415a4e7481c1f6f3bc341936516f7d88c148825d05.jpg,cd4bf3581368fab8547fff415a4e7481c1f6f3bc341936516f7d88c148825d05,D,1,Phoma/3 (1200).jpg
images/cd5901d6cfcb62863e5371c7593a90d7c7d34203cdbeaa281d21ceca93c78393.jpg,cd5901d6cfcb62863e5371c7593a90d7c7d34203cdbeaa281d21ceca93c78393,E,0,Miner/1 (14708).jpg
images/cd63c755d89bcd4a6d06d674c24c5c35be9363d5b4864138cceb00c94bc3815c.jpg,cd63c755d89bcd4a6d06d674c24c5c35be9363d5b4864138cceb00c94bc3815c,E,0,Miner/1 (10742).jpg
images/cd7e43111ee16e55692330af9c670ec502c089ab5f83d22c769d51864b23a5b1.jpg,cd7e43111ee16e55692330af9c670ec502c089ab5f83d22c769d51864b23a5b1,E,0,Miner/1 (13367).jpg
images/cd92fe504b69e26fe98c41967c2cbae74376a443b4957d57274874820f7c16aa.jpg,cd92fe504b69e26fe98c41967c2cbae74376a443b4957d57274874820f7c16aa,B,0,Leaf rust/1 (86).jpg
images/cd97b9a1acf2524462d9bc58881f266dfb310585372e886dc12582496661217b.jpg,cd97b9a1acf2524462d9bc58881f266dfb310585372e886dc12582496661217b,E,0,Miner/1 (12597).jpg
images/cda644eb53f3ec99dcb59ded069b698f3ceeaf3df4c16b8f79ff6c0a4057ac52.jpg,cda644eb53f3ec99dcb59ded069b698f3ceeaf3df4c16b8f79ff6c0a4057ac52,B,0,Leaf rust/1 (7).jpg
images/cdcc8de10ef6721bb3bb12cad4392aa71065650d9d1af2447d00346b6e42792e.jpg,cdcc8de10ef6721bb3bb12cad4392aa71065650d9d1af2447d00346b6e42792e,E,0,Miner/1 (13642).jpg
images/cdf3e4ba607bdae2f4ad8913453c91180f30c4da567df5ddc6c27779e2ab9148.jpg,cdf3e4ba607bdae2f4ad8913453c91180f30c4da567df5ddc6c27779e2ab9148,B,0,Leaf rust/1 (373).jpg
images/cdf65c80b2c1492f4e67ebd3e165e6933def5c8aa6c4ba13bb374a849fec67c3.jpg,cdf65c80b2c1492f4e67ebd3e165e6933def5c8aa6c4ba13bb374a849fec67c3,E,0,Miner/1 (14913).jpg
images/ce0e7bba702a3138a975268f3b36467bbe15c1798420518c515ee7ef07eb9f32.jpg,ce0e7bba702a3138a975268f3b36467bbe15c1798420518c515ee7ef07eb9f32,E,0,Miner/1 (15347).jpg
images/ce38a611434b84149c2ad5f90c2700353afdf86221a5e07653203e8235b804e5.jpg,ce38a611434b84149c2ad5f90c2700353afdf86221a5e07653203e8235b804e5,E,0,Miner/1 (14326).jpg
images/ce4955563677af98410bf4bbc906c4565485745f4c795737623688efda133582.jpg,ce4955563677af98410bf4bbc906c4565485745f4c795737623688efda133582,C,1,Cerscospora/7 (542).jpg
images/ce4b234b76c4a661fd54ec8e5ec4b206e605ebf25d1ba8dd423046985c3f5a88.jpg,ce4b234b76c4a661fd54ec8e5ec4b206e605ebf25d1ba8dd423046985c3f5a88,B,0,Leaf rust/1 (67).jpg
images/ce520712d36d6abba040fe87095f46d6c459a10a45dbc8f521f967cfb34037ac.jpg,ce520712d36d6abba040fe87095f46d6c459a10a45dbc8f521f967cfb34037ac,E,0,Miner/1 (14097).jpg
images/ce5ed9f5669759f5825bf643afa42c6e1ba2995ac361cc597432ee091b14927c.jpg,ce5ed9f5669759f5825bf643afa42c6e1ba2995ac361cc597432ee091b14927c,E,0,Miner/1 (10610).jpg
images/cf18c56b2fcdaa9681a729b6706a6b18aa681fb670a53d46f9bdd73606731d2d.jpg,cf18c56b2fcdaa9681a729b6706a6b18aa681fb670a53d46f9bdd73606731d2d,A,1,Healthy/1 (1910).jpg
images/cf29cddc821eb23e555e0f0a64c258db53ef0ab1c9232d60b225ee05920b1564.jpg,cf29cddc821eb23e555e0f0a64c258db53ef0ab1c9232d60b225ee05920b1564,E,0,Miner/1 (14160).jpg
images/cf2ade15b059323fe83c271d8468fc9a6633bb5336f70e40d2cf35464a207965.jpg,cf2ade15b059323fe83c271d8468fc9a6633bb5336f70e40d2cf35464a207965,E,0,Miner/1 (15527).jpg
images/cf33001acb20818b18c299517dea5f8e5ce716f92ec53f0a9d7b3ac8c7d4074f.jpg,cf33001acb20818b18c299517dea5f8e5ce716f92ec53f0a9d7b3ac8c7d4074f,B,0,Leaf rust/2 (704).jpg
images/cf53a955482b5dfec0c546c13baae3beff2fdbce97efc278093c66043b3a0019.jpg,cf53a955482b5dfec0c546c13baae3beff2fdbce97efc278093c66043b3a0019,E,0,Miner/1 (15361).jpg
images/cf5e6b7ea733b25f8537b3277c8f5b94cf593232ba5a31e6b43b431284e66337.jpg,cf5e6b7ea733b25f8537b3277c8f5b94cf593232ba5a31e6b43b431284e66337,E,0,Miner/1 (10739).jpg
images/cf603d0712a9330fa265a99b7f9b1b37db661947f3199c4685d430e8af978d45.jpg,cf603d0712a9330fa265a99b7f9b1b37db661947f3199c4685d430e8af978d45,D,1,Phoma/1 (823).jpg
images/cf65a0a1e5ba2033f38241804f9eb9f1551e705cef85e506d5b92252adc983ba.jpg,cf65a0a1e5ba2033f38241804f9eb9f1551e705cef85e506d5b92252adc983ba,C,1,Cerscospora/4 (550).jpg
images/cf72b36f9c8dfef8c0320cba4a6a62e4d523f10fe4c4b0b40b3cb9b165ab74ae.jpg,cf72b36f9c8dfef8c0320cba4a6a62e4d523f10fe4c4b0b40b3cb9b165ab74ae,D,1,Phoma/2 (382).jpg
images/cf748e79da2de9e982819e742849763a2ea8b0d2c7ccb101ce8447c69347d785.jpg,cf748e79da2de9e982819e742849763a2ea8b0d2c7ccb101ce8447c69347d785,B,0,Leaf rust/1 (110).jpg
images/cfa03c5830828ab79889b4f9618dac57beaa153bdad9740e60ab598c05a839dd.jpg,cfa03c5830828ab79889b4f9618dac57beaa153bdad9740e60ab598c05a839dd,E,0,Miner/1 (11103).jpg
images/cfa4d892431dc53d0e6b324b00783c4674b50b675f5bcf141e0aba8d4da8d7ba.jpg,cfa4d892431dc53d0e6b324b00783c4674b50b675f5bcf141e0aba8d4da8d7ba,D,1,Phoma/2 (373).jpg
images/cfbd4a025962b9228dc71f0b4e5ca91fa81d3741887844960feefb8fed6a199c.jpg,cfbd4a025962b9228dc71f0b4e5ca91fa81d3741887844960feefb8fed6a199c,E,0,Miner/1 (14711).jpg
images/cfcd9b27bc11e8d9c61c8cb57875d6cc388ab5d26ec6409efe8d5e5d8d5ae756.jpg,cfcd9b27bc11e8d9c61c8cb57875d6cc388ab5d26ec6409efe8d5e5d8d5ae756,D,1,Phoma/4 (24).jpg
images/cfee24b81f0a56849edaba49edf06d2aedbc4ed6b5eb0f1bf5f8af1662b030aa.jpg,cfee24b81f0a56849edaba49edf06d2aedbc4ed6b5eb0f1bf5f8af1662b030aa,E,0,Miner/1 (14997).jpg
images/cffb0a4515f6bbf5dfbb1d1062ff9771d9a596782593dc8136dcaf3d044a818a.jpg,cffb0a4515f6bbf5dfbb1d1062ff9771d9a596782593dc8136dcaf3d044a818a,C,1,Cerscospora/4 (290).jpg
images/cffe8d8fdaef58f4389679df275d3a5a013a92352855e949101200dc995b4f9f.jpg,cffe8d8fdaef58f4389679df275d3a5a013a92352855e949101200dc995b4f9f,E,0,Miner/1 (13235).jpg
images/d0084bea5bcc09cfbe8f2d074937921482e29296719aff8cb162142363e63d88.jpg,d0084bea5bcc09cfbe8f2d074937921482e29296719aff8cb162142363e63d88,C,1,Cerscospora/7 (795).jpg
images/d018d1b2af5b9f7018cc27128c1c4d83505073cbca561901698f5611fcd2c451.jpg,d018d1b2af5b9f7018cc27128c1c4d83505073cbca561901698f5611fcd2c451,E,0,Miner/1 (14968).jpg
images/d01e303f4c6171c3300d18b19a7793b35806487720dba4907808ca996cc1f958.jpg,d01e303f4c6171c3300d18b19a7793b35806487720dba4907808ca996cc1f958,A,1,Healthy/1 (3220).jpg
images/d029af2a442ccfa74048e87f4b2fc1826e584df830bd5883c2307f7dd82af292.jpg,d029af2a442ccfa74048e87f4b2fc1826e584df830bd5883c2307f7dd82af292,D,1,Phoma/2 (377).jpg
images/d038f99c36e9afdb7a1c90452b82bd59b375380b7791b064c901f1ba4ed76d8f.jpg,d038f99c36e9afdb7a1c90452b82bd59b375380b7791b064c901f1ba4ed76d8f,B,0,Leaf rust/2 (617).jpg
images/d03932f8be95edbec8387a1da23a07a98ef7809edd3e2d62469b02054e4eccbb.jpg,d03932f8be95edbec8387a1da23a07a98ef7809edd3e2d62469b02054e4eccbb,B,0,Leaf rust/2 (877).jpg
images/d03c9908d0bfa727efca90166afb54025f98638e19eb4c65c1fecb108fba0477.jpg,d03c9908d0bfa727efca90166afb54025f98638e19eb4c65c1fecb108fba0477,C,1,Cerscospora/4 (679).jpg
images/d05b38bb58a72d017d3271cf89c75ce4c13020a6a27715f9eadead86ac3299ab.jpg,d05b38bb58a72d017d3271cf89c75ce4c13020a6a27715f9eadead86ac3299ab,E,0,Miner/1 (13081).jpg
images/d0609aa8abd12557f98a9b3bf5623fdf816098a4112b5956891510cb956296b9.jpg,d0609aa8abd12557f98a9b3bf5623fdf816098a4112b5956891510cb956296b9,B,0,Leaf rust/2 (640).jpg
images/d064b18698d9c467695f5a6023531728b626d0e2f0b4af1117b713579676cb08.jpg,d064b18698d9c467695f5a6023531728b626d0e2f0b4af1117b713579676cb08,D,1,Phoma/1 (566).jpg
images/d071c0bc4a2bdf7517dbbe8e562d39448bc06fe9e1c9096ecc6a60806ee43d58.jpg,d071c0bc4a2bdf7517dbbe8e562d39448bc06fe9e1c9096ecc6a60806ee43d58,B,0,Leaf rust/2 (514).jpg
images/d07c6536624879c15dcb7a046108d81e9fb491add491a7061e891356758c1364.jpg,d07c6536624879c15dcb7a046108d81e9fb491add491a7061e891356758c1364,D,1,Phoma/2 (371).jpg
images/d0853e2e4d588c8b29fe3b25526e4d4d2a243f8d2636012422242a5e6d52abd0.jpg,d0853e2e4d588c8b29fe3b25526e4d4d2a243f8d2636012422242a5e6d52abd0,C,1,Cerscospora/4 (910).jpg
images/d0a151dd799884155a46f4064e6bfeae11bb3aae01b2ab4d77bf577e558ee602.jpg,d0a151dd799884155a46f4064e6bfeae11bb3aae01b2ab4d77bf577e558ee602,D,1,Phoma/2 (553).jpg
images/d0c4a3df23c3ff07745a17a5942435181d300afa76cad92cde536dd13b098c41.jpg,d0c4a3df23c3ff07745a17a5942435181d300afa76cad92cde536dd13b098c41,E,0,Miner/1 (14037).jpg
images/d0d1fb12cd80687d7d8831f0439611305ac5d20c168dca5b047148a7a119212f.jpg,d0d1fb12cd80687d7d8831f0439611305ac5d20c168dca5b047148a7a119212f,D,1,Phoma/2 (119).jpg
images/d0d700aef9c974a4ba2c41cdfeb6a4087b05bca12f916c28e47a0472eb353dc0.jpg,d0d700aef9c974a4ba2c41cdfeb6a4087b05bca12f916c28e47a0472eb353dc0,D,1,Phoma/4 (587).jpg
images/d0f0bdd6f2f1fca205858ece7d317345b00df7b3da90e6c1bc1fa9f8650e0609.jpg,d0f0bdd6f2f1fca205858ece7d317345b00df7b3da90e6c1bc1fa9f8650e0609,B,0,Leaf rust/1 (428).jpg
images/d0f7013ad8a4ed233c8e7c83679055b889867c64883c0d4d06e6dae07e843bbe.jpg,d0f7013ad8a4ed233c8e7c83679055b889867c64883c0d4d06e6dae07e843bbe,E,0,Miner/1 (12592).jpg
images/d109201f04fdb093510fc35b22033e1254d3f6df7527e8e7f917a78af4ec7db5.jpg,d109201f04fdb093510fc35b22033e1254d3f6df7527e8e7f917a78af4ec7db5,C,1,Cerscospora/4 (220).jpg
images/d12701bb7f48d461b28d8edf939a49082aed8a7a20943f840742c679b07266ec.jpg,d12701bb7f48d461b28d8edf939a49082aed8a7a20943f840742c679b07266ec,C,1,Cerscospora/7 (218).jpg
images/d12bcd8dbeb356e75f06bddcd7b4a5e92e762423ad9539f793e1f5887d435d17.jpg,d12bcd8dbeb356e75f06bddcd7b4a5e92e762423ad9539f793e1f5887d435d17,E,0,Miner/1 (14249).jpg
images/d13763e9fd731ad778fcc3812b5e35bfc3d03d27a47296d9f53c051ea2114b2d.jpg,d13763e9fd731ad778fcc3812b5e35bfc3d03d27a47296d9f53c051ea2114b2d,B,0,Leaf rust/1 (193).jpg
images/d1605fb8a6c491374497f954664d7b07bad1977252c04434e398ad810fff4644.jpg,d1605fb8a6c491374497f954664d7b07bad1977252c04434e398ad810fff4644,B,0,Leaf rust/2 (967).jpg
images/d1693b5268f7e0423a0df99f460336e7568a69d0247ee27ec1993c8109124bc7.jpg,d1693b5268f7e0423a0df99f460336e7568a69d0247ee27ec1993c8109124bc7,C,1,Cerscospora/4 (681).jpg
images/d17f601d8a87be0dc97ce52e32ab793c2b2a5c8cdb590da15e47820980882183.jpg,d17f601d8a87be0dc97ce52e32ab793c2b2a5c8cdb590da15e47820980882183,C,1,Cerscospora/8 (169).jpg
images/d17f98d7e239ff33f9ded0219dfd85c3b649ac6b171c7f671ea81c9d3f76a99b.jpg,d17f98d7e239ff33f9ded0219dfd85c3b649ac6b171c7f671ea81c9d3f76a99b,E,0,Miner/1 (10198).jpg
images/d18e03e97d52739d79fef42592fe440d626aa3a77877e5e0864ae3b996014162.jpg,d18e03e97d52739d79fef42592fe440d626aa3a77877e5e0864ae3b996014162,E,0,Miner/1 (11297).jpg
images/d195054ca5d13b6a05027ec620e89d3d4ce2dd3eb3f3184cfffc4c904f7c8a83.jpg,d195054ca5d13b6a05027ec620e89d3d4ce2dd3eb3f3184cfffc4c904f7c8a83,B,0,Leaf rust/1 (497).jpg
images/d1b701a9bbebeb4da8ac1a41d2bc3bdd8ce0d400d48b90f9fcee59c5cef7652e.jpg,d1b701a9bbebeb4da8ac1a41d2bc3bdd8ce0d400d48b90f9fcee59c5cef7652e,D,1,Phoma/4 (469).jpg
images/d1bcf47f7e27914c8b91b52aca8e184b37342d9b1845ee4b16e4c87aaaf3f312.jpg,d1bcf47f7e27914c8b91b52aca8e184b37342d9b1845ee4b16e4c87aaaf3f312,E,0,Miner/1 (10472).jpg
images/d1c63c89f072ebfbf306a9445cb538fcee78fb114a86202a74b9c0d6cca4124f.jpg,d1c63c89f072ebfbf306a9445cb538fcee78fb114a86202a74b9c0d6cca4124f,B,0,Leaf rust/2 (609).jpg
images/d1f7a4d2fddaeac5ce727d743111702b62b637b4f8e7a4dfdba9b2aa6ae392ac.jpg,d1f7a4d2fddaeac5ce727d743111702b62b637b4f8e7a4dfdba9b2aa6ae392ac,E,0,Miner/1 (10721).jpg
images/d1fe6fc6fbda6555302b42f37e4c23e3b10f25c542be03c97891cc4fa1354e22.jpg,d1fe6fc6fbda6555302b42f37e4c23e3b10f25c542be03c97891cc4fa1354e22,E,0,Miner/1 (10961).jpg
images/d21599fc73d473dbe72d4a59109bd6c15d7e73c7dd7eb47b251a2f6e292a2187.jpg,d21599fc73d473dbe72d4a59109bd6c15d7e73c7dd7eb47b251a2f6e292a2187,E,0,Miner/1 (11377).jpg
images/d22a10700103865b34e55a437794ae20cc39f922219ace1749397f113ba50d76.jpg,d22a10700103865b34e55a437794ae20cc39f922219ace1749397f113ba50d76,B,0,Leaf rust/1 (175).jpg
images/d245e7ceb6db70bc5edb93478259609f50fcb06f416b9322b8e7fb38dbfc648d.jpg,d245e7ceb6db70bc5edb93478259609f50fcb06f416b9322b8e7fb38dbfc648d,E,0,Miner/1 (10047).jpg
images/d24a7a6887ace0435540209b999dc9dc721259f3eb7fb071bf43f32746ef7a3a.jpg,d24a7a6887ace0435540209b999dc9dc721259f3eb7fb071bf43f32746ef7a3a,E,0,Miner/1 (10758).jpg
images/d250baf348e0647d13e1f6b6c979941d85b2ad67f274454c16bc640b1950bd9b.jpg,d250baf348e0647d13e1f6b6c979941d85b2ad67f274454c16bc640b1950bd9b,E,0,Miner/1 (13087).jpg
images/d252ccbe3ac586361ed6b9ec73d478c8ad7a583f47212f5eec42cb01f4d8a824.jpg,d252ccbe3ac586361ed6b9ec73d478c8ad7a583f47212f5eec42cb01f4d8a824,E,0,Miner/1 (10727).jpg
images/d299a6dc75ee0c6789dfb99fe64253cb7ab6f8bfd8026841ead3dfe291ce0818.jpg,d299a6dc75ee0c6789dfb99fe64253cb7ab6f8bfd8026841ead3dfe291ce0818,B,0,Leaf rust/1 (486).jpg
images/d2a8af47c0a7ce9ab189602fb3ba9bbb6e91a4fd841b4ebe77b7c24ae9eb934b.jpg,d2a8af47c0a7ce9ab189602fb3ba9bbb6e91a4fd841b4ebe77b7c24ae9eb934b,D,1,Phoma/3 (1282).jpg
images/d2ce752540082e38a9f7a51142a76292bee5eb0017627f10ab2b9b2b8a3b1cf9.jpg,d2ce752540082e38a9f7a51142a76292bee5eb0017627f10ab2b9b2b8a3b1cf9,D,1,Phoma/2 (260).jpg
images/d2dc575f44ce05cadc5f96b20a8d7ee52c942070c41531fcc93a7ec1ff12f33f.jpg,d2dc575f44ce05cadc5f96b20a8d7ee52c942070c41531fcc93a7ec1ff12f33f,B,0,Leaf rust/2 (584).jpg
images/d2f2d66c9668a63f3ca905fc6fa2025d39025a97b701eb8b0f4aab2ce3604386.jpg,d2f2d66c9668a63f3ca905fc6fa2025d39025a97b701eb8b0f4aab2ce3604386,E,0,Miner/1 (13893).jpg
images/d2f7f19a71ae3c7e77c66e9479ab4c3a244001b644d6d605185c63dddeaf0e46.jpg,d2f7f19a71ae3c7e77c66e9479ab4c3a244001b644d6d605185c63dddeaf0e46,B,0,Leaf rust/1 (481).jpg
images/d301370dbd0c4bb0a4d4a39b717c77311240979bec4596d9be0ad95fb066fbcc.jpg,d301370dbd0c4bb0a4d4a39b717c77311240979bec4596d9be0ad95fb066fbcc,B,0,Leaf rust/1 (352).jpg
images/d33babd8c39c626a9be7a4fbeb701dc70c86cfda69f90a68fc6afde25be443c5.jpg,d33babd8c39c626a9be7a4fbeb701dc70c86cfda69f90a68fc6afde25be443c5,E,0,Miner/1 (13244).jpg
images/d33c040586ac9d17bed81ec8d59b1fb55b1ea5cb14d0a647f026bd8f820d4db8.jpg,d33c040586ac9d17bed81ec8d59b1fb55b1ea5cb14d0a647f026bd8f820d4db8,E,0,Miner/1 (11674).jpg
images/d33de034cf23cebedc05f6fe1ef08b29c1c8039f600e2bfa6aa53f7c5b698750.jpg,d33de034cf23cebedc05f6fe1ef08b29c1c8039f600e2bfa6aa53f7c5b698750,E,0,Miner/1 (10346).jpg
images/d344bea426833b198db989d21fe4a58e30d4479ae7cdd921552dbd25ad337c96.jpg,d344bea426833b198db989d21fe4a58e30d4479ae7cdd921552dbd25ad337c96,B,0,Leaf rust/2 (574).jpg
images/d3549c989d169b6b8daf8106e09eaaeadab0dc9ddba61e93a55e431c471dab61.jpg,d3549c989d169b6b8daf8106e09eaaeadab0dc9ddba61e93a55e431c471dab61,E,0,Miner/1 (10475).jpg
images/d3637b36be4f4234bfe8119449d62f1c4d996be26c8bfb8b81704f995ec86551.jpg,d3637b36be4f4234bfe8119449d62f1c4d996be26c8bfb8b81704f995ec86551,E,0,Miner/1 (10073).jpg
images/d36a39b19690e9695822c46ad280b8c38e1084c58d8ab9be47a8e57e8ec758fb.jpg,d36a39b19690e9695822c46ad280b8c38e1084c58d8ab9be47a8e57e8ec758fb,E,0,Miner/1 (12584).jpg
images/d380958fc87646201cc4ad52a9343262169be25870ecc5aba9e32e13569b0528.jpg,d380958fc87646201cc4ad52a9343262169be25870ecc5aba9e32e13569b0528,A,1,Healthy/1 (2272).jpg
images/d39ef7fcad6941af99364d785413ef57bd44da05b5ca69933f8ef999c4180b5d.jpg,d39ef7fcad6941af99364d785413ef57bd44da05b5ca69933f8ef999c4180b5d,C,1,Cerscospora/7 (10).jpg
images/d3a3ae689227d72d1d2dd64f2fcf17a4b62e8573a1893a4b987d82ca891360fc.jpg,d3a3ae689227d72d1d2dd64f2fcf17a4b62e8573a1893a4b987d82ca891360fc,B,0,Leaf rust/2 (720).jpg
images/d3c54612208be67450c9bebc189adf0cd90411f19c01dc13d2973c443d7dd369.jpg,d3c54612208be67450c9bebc189adf0cd90411f19c01dc13d2973c443d7dd369,B,0,Leaf rust/1 (408).jpg
images/d3e30a5fc2f617b22aec752cda0ca697d052db28e9a64b4ebad44a41b570d2ec.jpg,d3e30a5fc2f617b22aec752cda0ca697d052db28e9a64b4ebad44a41b570d2ec,D,1,Phoma/2 (561).jpg
images/d3e645710028ed31ba680f6e50f803f0aca7dbbd58ab089371c2e43cc0336691.jpg,d3e645710028ed31ba680f6e50f803f0aca7dbbd58ab089371c2e43cc0336691,D,1,Phoma/2 (447).jpg
images/d3ed1b09324fe42c598701aea51f9b8503d252070e4790636c6f23647ecb89bc.jpg,d3ed1b09324fe42c598701aea51f9b8503d252070e4790636c6f23647ecb89bc,D,1,Phoma/2 (333).jpg
images/d41c3b88a86562143a1a5dd12eba5a78d97f0bba6273b78a66f758c02df6cd2a.jpg,d41c3b88a86562143a1a5dd12eba5a78d97f0bba6273b78a66f758c02df6cd2a,D,1,Phoma/3 (1285).jpg
images/d427a61ed3d63a41f6a8daded18ceeac5a87c71ea277b9b4d6c2a2f27af2193b.jpg,d427a61ed3d63a41f6a8daded18ceeac5a87c71ea277b9b4d6c2a2f27af2193b,E,0,Miner/1 (10076).jpg
images/d4373b7cab29dfad4f237b4b29016880faebb6e16dee41a2fa7232fefd892e05.jpg,d4373b7cab29dfad4f237b4b29016880faebb6e16dee41a2fa7232fefd892e05,E,0,Miner/1 (13828).jpg
images/d451c6e1d2190ce86ef2ae59a5809f9363353004a1073ab832faa6d7030cf29e.jpg,d451c6e1d2190ce86ef2ae59a5809f9363353004a1073ab832faa6d7030cf29e,B,0,Leaf rust/1 (440).jpg
images/d452b0f7170a0905c1ffc3a747508ffa84eb6eab44408392bc4e8ada619bc332.jpg,d452b0f7170a0905c1ffc3a747508ffa84eb6eab44408392bc4e8ada619bc332,C,1,Cerscospora/6 (557).jpg
images/d45c9d4d70682be1814a591d551f84e613318ac19e8b2e1128fecf6df35ecc36.jpg,d45c9d4d70682be1814a591d551f84e613318ac19e8b2e1128fecf6df35ecc36,E,0,Miner/1 (11373).jpg
images/d468b669813adb559740656a9fff533bfcd77bc477b2c8bdf5e75cc7d9779f9e.jpg,d468b669813adb559740656a9fff533bfcd77bc477b2c8bdf5e75cc7d9779f9e,D,1,Phoma/2 (229).jpg
images/d46e636c91e13ee79275442d57bfff2dc3cefc12148151fd3ca74f5477d22308.jpg,d46e636c91e13ee79275442d57bfff2dc3cefc12148151fd3ca74f5477d22308,E,0,Miner/1 (11294).jpg
images/d4715f54b9c6920bea59ca592f89bafba697bc959c3539b45d6d219bc36662e7.jpg,d4715f54b9c6920bea59ca592f89bafba697bc959c3539b45d6d219bc36662e7,E,0,Miner/1 (14166).jpg
images/d4881f2a682175fa2bcdfd42bb59bd3d2bc0856992c6c7f57f9cef977e809353.jpg,d4881f2a682175fa2bcdfd42bb59bd3d2bc0856992c6c7f57f9cef977e809353,B,0,Leaf rust/2 (740).jpg
images/d48a547d959280aaf37e58678750491a510babc2a563b3b4106c212ecb7e8323.jpg,d48a547d959280aaf37e58678750491a510babc2a563b3b4106c212ecb7e8323,B,0,Leaf rust/1 (153).jpg
images/d48cae2bf0e153a59db1ab8a0a05e224267316f8070fe520a84c821108e509a6.jpg,d48cae2bf0e153a59db1ab8a0a05e224267316f8070fe520a84c821108e509a6,D,1,Phoma/3 (1713).jpg
images/d48f313cf9b83538f7ac1460453dba1b8caf99aef879d4190c552f9bfaf0a5bc.jpg,d48f313cf9b83538f7ac1460453dba1b8caf99aef879d4190c552f9bfaf0a5bc,E,0,Miner/1 (13700).jpg
images/d497f16c86a14a4b4efe94260c6079955403aca94fa39d55a083179e3647d7ba.jpg,d497f16c86a14a4b4efe94260c6079955403aca94fa39d55a083179e3647d7ba,B,0,Leaf rust/2 (980).jpg
images/d4a25a966b583918d341c29dc549e12e2e0a741bae03aa9969cf95996c1510d3.jpg,d4a25a966b583918d341c29dc549e12e2e0a741bae03aa9969cf95996c1510d3,D,1,Phoma/1 (105).jpg
images/d4cd1a33126c3f31dccf69e907bce3f14722c4fb5cd051acb78d21a2e5af2e16.jpg,d4cd1a33126c3f31dccf69e907bce3f14722c4fb5cd051acb78d21a2e5af2e16,B,0,Leaf rust/2 (693).jpg
images/d4cdb314753b8b21fc85e34df97aecb070a4effb298e0a20c3885afb68b51441.jpg,d4cdb314753b8b21fc85e34df97aecb070a4effb298e0a20c3885afb68b51441,E,0,Miner/1 (11770).jpg
images/d4d15a5cc17f0e5f37c5e23d8ed96046e97aa1dfbe4a268b93f9180a29e2b79b.jpg,d4d15a5cc17f0e5f37c5e23d8ed96046e97aa1dfbe4a268b93f9180a29e2b79b,D,1,Phoma/3 (1188).jpg
images/d4dfa11aa55c1d58bc617035a825557a0248bb4dfdd181435a3a3a99dc6ee993.jpg,d4dfa11aa55c1d58bc617035a825557a0248bb4dfdd181435a3a3a99dc6ee993,C,1,Cerscospora/8 (475).jpg
images/d4e12e8df280ecbadf07179306bb46053f676595de0da8ea44c76954fdc6f95e.jpg,d4e12e8df280ecbadf07179306bb46053f676595de0da8ea44c76954fdc6f95e,D,1,Phoma/1 (182).jpg
images/d4ef597450ec8eeece6e5261fb90098b7c6e62d9ac7ed9a488b822af8fdbaa00.jpg,d4ef597450ec8eeece6e5261fb90098b7c6e62d9ac7ed9a488b822af8fdbaa00,D,1,Phoma/2 (147).jpg
images/d50b6b42a70a36adc7e2812c700dc7d83070894b479fd40986a4be91c4fa69a2.jpg,d50b6b42a70a36adc7e2812c700dc7d83070894b479fd40986a4be91c4fa69a2,E,0,Miner/1 (14047).jpg
images/d51759ed5109106bfe55496bfcada6266aa6a4e722410b7cf044f10f1fe2e987.jpg,d51759ed5109106bfe55496bfcada6266aa6a4e722410b7cf044f10f1fe2e987,C,1,Cerscospora/7 (290).jpg
images/d5368f8eaa91f163b1ec03ae8772b271b84fd681689c8bccdd618d74f64da424.jpg,d5368f8eaa91f163b1ec03ae8772b271b84fd681689c8bccdd618d74f64da424,B,0,Leaf rust/1 (400).jpg
images/d541478ca3eb6117ea02768afdafca7b06954da5a9f0cb6fc86c561dc82dde22.jpg,d541478ca3eb6117ea02768afdafca7b06954da5a9f0cb6fc86c561dc82dde22,C,1,Cerscospora/8 (770).jpg
images/d54c45de9eecd1aa4caf453377aed6c94a646917ca93a3dee2d49a065e4b791f.jpg,d54c45de9eecd1aa4caf453377aed6c94a646917ca93a3dee2d49a065e4b791f,D,1,Phoma/4 (553).jpg
images/d55b3e72db7fc9669546cbee7e1325d4501d25933c8141981fce5f7834a0d5cb.jpg,d55b3e72db7fc9669546cbee7e1325d4501d25933c8141981fce5f7834a0d5cb,B,0,Leaf rust/2 (827).jpg
images/d57c60cbd9987fdcce1a61e09b0cbf91f775cc0e77d148ab8f2be631918dbbcb.jpg,d57c60cbd9987fdcce1a61e09b0cbf91f775cc0e77d148ab8f2be631918dbbcb,C,1,Cerscospora/8 (118).jpg
images/d58e1a1088921dcbb93bcc70663941dfb67a6877b773c1f2e86022439d81f817.jpg,d58e1a1088921dcbb93bcc70663941dfb67a6877b773c1f2e86022439d81f817,D,1,Phoma/2 (102).jpg
images/d595cb995cbe34bf7050a3d9eb712cdc760e10576ff66bd8af67200b3e7e5b33.jpg,d595cb995cbe34bf7050a3d9eb712cdc760e10576ff66bd8af67200b3e7e5b33,B,0,Leaf rust/2 (555).jpg
images/d5b723cb968f4b5c5c9417d95e96b5c120f0f7e2012fc5392cc7bf32c724d5ad.jpg,d5b723cb968f4b5c5c9417d95e96b5c120f0f7e2012fc5392cc7bf32c724d5ad,B,0,Leaf rust/1 (69).jpg
images/d5b846f4ca1c472137611d413468f66c3ce1d53c599441ad2f63a460adee07d7.jpg,d5b846f4ca1c472137611d413468f66c3ce1d53c599441ad2f63a460adee07d7,D,1,Phoma/2 (527).jpg
images/d5be91cc18a2d099164987be1ea7953a5c531c56d0a1f8ff502d19fd596fb24e.jpg,d5be91cc18a2d099164987be1ea7953a5c531c56d0a1f8ff502d19fd596fb24e,E,0,Miner/1 (11978).jpg
images/d5cf68ac0c9a3739b2c17f9340207b45b48f216284f86460543f9490f338b2bf.jpg,d5cf68ac0c9a3739b2c17f9340207b45b48f216284f86460543f9490f338b2bf,E,0,Miner/1 (10763).jpg
images/d5db003cd79c0fa7ea642d59a90e8250ee64be7cf29e9471b15e27a14cecdaef.jpg,d5db003cd79c0fa7ea642d59a90e8250ee64be7cf29e9471b15e27a14cecdaef,E,0,Miner/1 (14247).jpg
images/d5dcaff9da4ec609b9c01b1ec4ceef28962d81d6835d07b8bcb789adbb76ac99.jpg,d5dcaff9da4ec609b9c01b1ec4ceef28962d81d6835d07b8bcb789adbb76ac99,E,0,Miner/1 (15001).jpg
images/d621d320181ce3d962fd6d843eba06654f1cfbebf3db2de75c837d60aa77830e.jpg,d621d320181ce3d962fd6d843eba06654f1cfbebf3db2de75c837d60aa77830e,E,0,Miner/1 (14665).jpg
images/d624f754687c917ea2b6b0f09cfd1b6ab2934b6d987e22523e8d900a5928d9bc.jpg,d624f754687c917ea2b6b0f09cfd1b6ab2934b6d987e22523e8d900a5928d9bc,E,0,Miner/1 (13128).jpg
images/d62d4468ffbc9c2df2738e42e3685de7b241323b6dc5bf961d1f4a86feee011f.jpg,d62d4468ffbc9c2df2738e42e3685de7b241323b6dc5bf961d1f4a86feee011f,E,0,Miner/1 (11374).jpg
images/d63b394c43bc087b761f13f76cdde9359784a0508da8a03d3ddd41cf60e3a253.jpg,d63b394c43bc087b761f13f76cdde9359784a0508da8a03d3ddd41cf60e3a253,C,1,Cerscospora/6 (173).jpg
images/d648a437105599e3c37a481aa2cd9e105c0c29171751c404fd93e854b6345541.jpg,d648a437105599e3c37a481aa2cd9e105c0c29171751c404fd93e854b6345541,E,0,Miner/1 (15205).jpg
images/d64b231bf10887472910db01576951cb459bbb9e73ba81b19f88c2b9fb5d4f10.jpg,d64b231bf10887472910db01576951cb459bbb9e73ba81b19f88c2b9fb5d4f10,D,1,Phoma/2 (151).jpg
images/d64d03cf8d0ddc3461ac80141e82b1b8ad415e0b2355b0e01cae0420a8885f18.jpg,d64d03cf8d0ddc3461ac80141e82b1b8ad415e0b2355b0e01cae0420a8885f18,B,0,Leaf rust/2 (951).jpg
images/d655e224481b3a7b26981949f5870986a098b3402abcf40a5ebb6e0f1d968f79.jpg,d655e224481b3a7b26981949f5870986a098b3402abcf40a5ebb6e0f1d968f79,C,1,Cerscospora/7 (403).jpg
images/d669b4d0a0c4b0e68d646a9105c7e0e2fcf236b119790f2262e265993f80d37d.jpg,d669b4d0a0c4b0e68d646a9105c7e0e2fcf236b119790f2262e265993f80d37d,D,1,Phoma/3 (1123).jpg
images/d67c6f964969af9f9eb2f496a11673c6b75ea67392276e2b63eed12442eb34cd.jpg,d67c6f964969af9f9eb2f496a11673c6b75ea67392276e2b63eed12442eb34cd,B,0,Leaf rust/1 (376).jpg
images/d67e5fa44573402c7f8938773db7825ba881876f01002f91724ea1cd4faf3cbf.jpg,d67e5fa44573402c7f8938773db7825ba881876f01002f91724ea1cd4faf3cbf,E,0,Miner/1 (14180).jpg
images/d699719351da0a4b58c901dfe7eaeadc15561eef21976b4ea1b779f4921dcd98.jpg,d699719351da0a4b58c901dfe7eaeadc15561eef21976b4ea1b779f4921dcd98,E,0,Miner/1 (14990).jpg
images/d69d3f283fff759132fd841c8637ee498c800188a09dd37d05458f957f132c3e.jpg,d69d3f283fff759132fd841c8637ee498c800188a09dd37d05458f957f132c3e,C,1,Cerscospora/4 (595).jpg
images/d6adebd34ce28c963f52758abf820340af831c1c9812b78d5e6b77cec6ddacef.jpg,d6adebd34ce28c963f52758abf820340af831c1c9812b78d5e6b77cec6ddacef,D,1,Phoma/2 (335).jpg
images/d6b3248bf656547d789adee48826018b8ebb4f7e78fa744d397197a022ad375e.jpg,d6b3248bf656547d789adee48826018b8ebb4f7e78fa744d397197a022ad375e,E,0,Miner/1 (10368).jpg
images/d6be35e7581e4218508067795c5cab6dce20133b861d1005378f557990f90719.jpg,d6be35e7581e4218508067795c5cab6dce20133b861d1005378f557990f90719,E,0,Miner/1 (13685).jpg
images/d6cc38d2a8a51112e39a3ef4f60083cd93647592061cbc6de2b200ce7639f2c9.jpg,d6cc38d2a8a51112e39a3ef4f60083cd93647592061cbc6de2b200ce7639f2c9,B,0,Leaf rust/2 (698).jpg
images/d6d06954bcd361805b122b187f11136e3b85e7226c58afe03515d887af5c2123.jpg,d6d06954bcd361805b122b187f11136e3b85e7226c58afe03515d887af5c2123,E,0,Miner/1 (14012).jpg
images/d6d5940157f711e41c2824d055fa5b208542c5f1e8bd641f814b048f157611a8.jpg,d6d5940157f711e41c2824d055fa5b208542c5f1e8bd641f814b048f157611a8,E,0,Miner/1 (12058).jpg
images/d6f53a7cc9f260c716cbbdec41257608c8562931c56cd287288a5c217ea0b426.jpg,d6f53a7cc9f260c716cbbdec41257608c8562931c56cd287288a5c217ea0b426,B,0,Leaf rust/2 (651).jpg
images/d70167b477a9aaa771a59db8e470b2951d83406a813fe8cd2d4fd4f77730cf5a.jpg,d70167b477a9aaa771a59db8e470b2951d83406a813fe8cd2d4fd4f77730cf5a,E,0,Miner/1 (10535).jpg
images/d70342b1d84490f6d98bd67b600dd741d1506c7646cb93e8c944808799bdc6dd.jpg,d70342b1d84490f6d98bd67b600dd741d1506c7646cb93e8c944808799bdc6dd,E,0,Miner/1 (14658).jpg
images/d70b3f565ee5d66c8702568dc550007402d3b8a249b13cb857246f87ba542813.jpg,d70b3f565ee5d66c8702568dc550007402d3b8a249b13cb857246f87ba542813,E,0,Miner/1 (13242).jpg
images/d72feb6ad737c7eb0f4e9f44cf382b936686b2d6ad27a12af023a7d0942ae8fa.jpg,d72feb6ad737c7eb0f4e9f44cf382b936686b2d6ad27a12af023a7d0942ae8fa,C,1,Cerscospora/4 (219).jpg
images/d7316b26230dd765dfb621118970d847b6d938439508b8a0314fbaa9e096342f.jpg,d7316b26230dd765dfb621118970d847b6d938439508b8a0314fbaa9e096342f,B,0,Leaf rust/2 (709).jpg
images/d73be0ca249e39c245905c6d75d09e20d75d20302c3327dd8e7b3f3cc86684b5.jpg,d73be0ca249e39c245905c6d75d09e20d75d20302c3327dd8e7b3f3cc86684b5,B,0,Leaf rust/1 (147).jpg
images/d74399979790564f66ae3fdfae589f9c76e165d9d72be69b05928e8c9e1481a1.jpg,d74399979790564f66ae3fdfae589f9c76e165d9d72be69b05928e8c9e1481a1,B,0,Leaf rust/2 (786).jpg
images/d7487d6a01a30c6e4d3b26f433e3f56e573122685a8016ad880fee4dce560272.jpg,d7487d6a01a30c6e4d3b26f433e3f56e573122685a8016ad880fee4dce560272,B,0,Leaf rust/2 (687).jpg
images/d76620f09e970e3e724658704c3a0c20a4255a2ee2b6841ec0ce29286ba6e5e3.jpg,d76620f09e970e3e724658704c3a0c20a4255a2ee2b6841ec0ce29286ba6e5e3,E,0,Miner/1 (11126).jpg
images/d767eb7865a4b73b54948df0b8ea94a3dd80c9fcd91f4227e77230dcda7127ee.jpg,d767eb7865a4b73b54948df0b8ea94a3dd80c9fcd91f4227e77230dcda7127ee,C,1,Cerscospora/7 (118).jpg
images/d776f2cece1f692fda6cd76f9d9fd5ad16ea76cee1483b3c475a8ae335a07795.jpg,d776f2cece1f692fda6cd76f9d9fd5ad16ea76cee1483b3c475a8ae335a07795,D,1,Phoma/3 (1508).jpg
images/d7777c09dea144411ee07749bf3b61ac234981dfd31ce8bc191a59cb611d135e.jpg,d7777c09dea144411ee07749bf3b61ac234981dfd31ce8bc191a59cb611d135e,C,1,Cerscospora/4 (1002).jpg
images/d780e0c53fbfa49127a70dd0a23f78f1843cfba31ca18354ebe64d6ca186996d.jpg,d780e0c53fbfa49127a70dd0a23f78f1843cfba31ca18354ebe64d6ca186996d,D,1,Phoma/4 (767).jpg
images/d7b2ced0d5b0aedcea79b8e2ea1e972ae9dc0eeb2afcd5bfe530048993d0f763.jpg,d7b2ced0d5b0aedcea79b8e2ea1e972ae9dc0eeb2afcd5bfe530048993d0f763,E,0,Miner/1 (14858).jpg
images/d7d38c52806cc23a7fe63ec44e7910a8d942dcc82343a2df220189f653216ff0.jpg,d7d38c52806cc23a7fe63ec44e7910a8d942dcc82343a2df220189f653216ff0,E,0,Miner/1 (11638).jpg
images/d7f762dccdbbbfa5f8a9eff8ab503e7d092f1a41f8e697e306f269e3ffffe07b.jpg,d7f762dccdbbbfa5f8a9eff8ab503e7d092f1a41f8e697e306f269e3ffffe07b,B,0,Leaf rust/2 (932).jpg
images/d82ce1da675c59e0a5f1778b28dbd2d3c94ceace751f1ec05891c24bc04dedc9.jpg,d82ce1da675c59e0a5f1778b28dbd2d3c94ceace751f1ec05891c24bc04dedc9,E,0,Miner/1 (14330).jpg
images/d8353a3643ba606ed2eecb59e0ed3995bdc9131c676d28a408e96bc7aae11a68.jpg,d8353a3643ba606ed2eecb59e0ed3995bdc9131c676d28a408e96bc7aae11a68,B,0,Leaf rust/2 (948).jpg
images/d8549a9dd0e95c7b4d28be6e46a3ed6c012b26e9daaa207b98af880dbbf22fea.jpg,d8549a9dd0e95c7b4d28be6e46a3ed6c012b26e9daaa207b98af880dbbf22fea,B,0,Leaf rust/1 (276).jpg
images/d8554a0a090f1914107fb3d90d5035a330f2274df265710ffa281127859d1a71.jpg,d8554a0a090f1914107fb3d90d5035a330f2274df265710ffa281127859d1a71,B,0,Leaf rust/2 (583).jpg
images/d86049031b802553e030108a1819c1d84759c735d494a0db5ceb1543050ba4c9.jpg,d86049031b802553e030108a1819c1d84759c735d494a0db5ceb1543050ba4c9,E,0,Miner/1 (12208).jpg
images/d86898359278b3a4fd2beeb051da4f595784664f7062061422346ac306d12fdf.jpg,d86898359278b3a4fd2beeb051da4f595784664f7062061422346ac306d12fdf,D,1,Phoma/4 (407).jpg
images/d881a96340344344a58c4ee72309c82a5dd572a42239a12943ea2d54931d457d.jpg,d881a96340344344a58c4ee72309c82a5dd572a42239a12943ea2d54931d457d,B,0,Leaf rust/1 (311).jpg
images/d89392c561f5e3053e9a36a98a8313fe0be06228376a6e92d6d8fd8a3514b822.jpg,d89392c561f5e3053e9a36a98a8313fe0be06228376a6e92d6d8fd8a3514b822,E,0,Miner/1 (15613).jpg
images/d8971043fe87554c2ca660faae2bc242a72ff78ea403724e9127fc5906dc2c87.jpg,d8971043fe87554c2ca660faae2bc242a72ff78ea403724e9127fc5906dc2c87,E,0,Miner/1 (10719).jpg
images/d89f708cbfb468fe82a0cb59da66984439af0021d78dcdd520208ad15c5ef382.jpg,d89f708cbfb468fe82a0cb59da66984439af0021d78dcdd520208ad15c5ef382,E,0,Miner/1 (13992).jpg
images/d8a011f24c250ec5739d32eac8f8975b3a438532fc6fe7ca3b6e2fbe718eead8.jpg,d8a011f24c250ec5739d32eac8f8975b3a438532fc6fe7ca3b6e2fbe718eead8,D,1,Phoma/1 (555).jpg
images/d8ba6e689587dd4dd66135906b23db3116e8e7843e4fce093bc2dbe1186bd7a5.jpg,d8ba6e689587dd4dd66135906b23db3116e8e7843e4fce093bc2dbe1186bd7a5,A,1,Healthy/1 (1002).jpg
images/d8c318f06a988a563fb478dc03c3315e7f2c3b0889921df056de9a0321b0ad42.jpg,d8c318f06a988a563fb478dc03c3315e7f2c3b0889921df056de9a0321b0ad42,B,0,Leaf rust/2 (649).jpg
images/d8c460f04441e8d358f81904791db803db7864e72c0cd89d3c9cd25e1a45e34a.jpg,d8c460f04441e8d358f81904791db803db7864e72c0cd89d3c9cd25e1a45e34a,E,0,Miner/1 (15807).jpg
images/d8cddc78844417e87905a4f5a2f7b3eef2874a62f046c791335ea880fd8ed608.jpg,d8cddc78844417e87905a4f5a2f7b3eef2874a62f046c791335ea880fd8ed608,E,0,Miner/1 (13220).jpg
images/d8eb43e7b5cc818270fa83bcf9c2261ba2ff0add748eb38b6dab4a17f8631545.jpg,d8eb43e7b5cc818270fa83bcf9c2261ba2ff0add748eb38b6dab4a17f8631545,B,0,Leaf rust/2 (920).jpg
images/d912b5dc2c3328313a065157bc1f32656d4eebc33a9673268146f8965a91c87a.jpg,d912b5dc2c3328313a065157bc1f32656d4eebc33a9673268146f8965a91c87a,B,0,Leaf rust/2 (598).jpg
images/d91b5eb5ab348e7d9949d8a44e1009b423d8a496a756dfa4d52f0c7786959ac4.jpg,d91b5eb5ab348e7d9949d8a44e1009b423d8a496a756dfa4d52f0c7786959ac4,C,1,Cerscospora/6 (438).jpg
images/d92b1459745daa0941ded071e7b5b33cc63889ab2a219d35e7657e2774367d1d.jpg,d92b1459745daa0941ded071e7b5b33cc63889ab2a219d35e7657e2774367d1d,D,1,Phoma/4 (552).jpg
images/d941f6a2c17a127180a81d34abe87de750fb2438887a0ecece9436c0ede28a5a.jpg,d941f6a2c17a127180a81d34abe87de750fb2438887a0ecece9436c0ede28a5a,E,0,Miner/1 (12072).jpg
images/d96cb75454bda5c1ee9e097242fa97414f5e4ca1c5694ef35a8f5f630067f602.jpg,d96cb75454bda5c1ee9e097242fa97414f5e4ca1c5694ef35a8f5f630067f602,E,0,Miner/1 (12095).jpg
images/d981004f2f15b3912cae293e2951e41e2881d5ca5d73b63cca213b24357f0f29.jpg,d981004f2f15b3912cae293e2951e41e2881d5ca5d73b63cca213b24357f0f29,E,0,Miner/1 (11752).jpg
images/d98d396e9ecba42937ceab56e359b3d356f6cd85593db1769268b458bdb04101.jpg,d98d396e9ecba42937ceab56e359b3d356f6cd85593db1769268b458bdb04101,D,1,Phoma/2 (446).jpg
images/d9a0394f8083e51a7d4b710ff434643bbda7e5e8c5e4701bd5a885430e953bce.jpg,d9a0394f8083e51a7d4b710ff434643bbda7e5e8c5e4701bd5a885430e953bce,E,0,Miner/1 (13411).jpg
images/d9b5c1c6dd62214aba2913d7580b4b48469e8f811f784055c0136a2a9fdcad46.jpg,d9b5c1c6dd62214aba2913d7580b4b48469e8f811f784055c0136a2a9fdcad46,C,1,Cerscospora/7 (102).jpg
images/d9b8a44b35f8f4e80d1830f49610f25044a5facd97b279b23d255a2c0b1b8175.jpg,d9b8a44b35f8f4e80d1830f49610f25044a5facd97b279b23d255a2c0b1b8175,B,0,Leaf rust/2 (731).jpg
images/d9e0d437f8cc8d3c24b5f5a4739090d977bc3d692f5416d1f9003ec8fde5037d.jpg,d9e0d437f8cc8d3c24b5f5a4739090d977bc3d692f5416d1f9003ec8fde5037d,D,1,Phoma/3 (1714).jpg
images/d9f197f52fa1372debec4148ce03a2fb4322a2b675932b68f50ecb14142c8568.jpg,d9f197f52fa1372debec4148ce03a2fb4322a2b675932b68f50ecb14142c8568,B,0,Leaf rust/2 (530).jpg
images/d9fc3d63eab0e18c02b95940c05ea2dd93de6298f96581c88e11574d5ce216a1.jpg,d9fc3d63eab0e18c02b95940c05ea2dd93de6298f96581c88e11574d5ce216a1,B,0,Leaf rust/2 (971).jpg
images/da0adf0f1da9cfdbd09da6bfe7a1ad0bb7d0bf98b036f34e56478aca6562f2bf.jpg,da0adf0f1da9cfdbd09da6bfe7a1ad0bb7d0bf98b036f34e56478aca6562f2bf,E,0,Miner/1 (11773).jpg
images/da11889a1bf6ae211b67ba98976e69888dedf625dd9572e9fd70e4f4cc972334.jpg,da11889a1bf6ae211b67ba98976e69888dedf625dd9572e9fd70e4f4cc972334,B,0,Leaf rust/2 (982).jpg
images/da149b67159cb1b85fd111da022680d1325c52eb5d55bf76723344859065f1e2.jpg,da149b67159cb1b85fd111da022680d1325c52eb5d55bf76723344859065f1e2,E,0,Miner/1 (13982).jpg
images/da17f5e45f63753c5d893d483fe5846016d9b1ee105feb6472581c70fdd38b82.jpg,da17f5e45f63753c5d893d483fe5846016d9b1ee105feb6472581c70fdd38b82,B,0,Leaf rust/2 (828).jpg
images/da2ed80df76738cec062a8d7d2c2a2ff1651e70c9080f50da74c7788343f0d2c.jpg,da2ed80df76738cec062a8d7d2c2a2ff1651e70c9080f50da74c7788343f0d2c,B,0,Leaf rust/1 (100).jpg
images/da45a6d1272fc8046a90db827eb0987eacb589045e723a067c1ab0ccd770e5ae.jpg,da45a6d1272fc8046a90db827eb0987eacb589045e723a067c1ab0ccd770e5ae,E,0,Miner/1 (15762).jpg
images/da465f1807a490e2cb4b3b6194844b767f40508bd9c9f0931c8c6fb332d32c03.jpg,da465f1807a490e2cb4b3b6194844b767f40508bd9c9f0931c8c6fb332d32c03,B,0,Leaf rust/1 (417).jpg
images/da543750ef3e6326a0d6190a96ac75b69f31a13f324200047625112fece82e4d.jpg,da543750ef3e6326a0d6190a96ac75b69f31a13f324200047625112fece82e4d,B,0,Leaf rust/2 (925).jpg
images/da5809d7df973b828a561122d108d559e51fbffb047d22b505199c7601ca0274.jpg,da5809d7df973b828a561122d108d559e51fbffb047d22b505199c7601ca0274,B,0,Leaf rust/2 (734).jpg
images/da89c6f4eaa58a6f280239b8739f388d37f5529df38ea8e35795705f831307c0.jpg,da89c6f4eaa58a6f280239b8739f388d37f5529df38ea8e35795705f831307c0,E,0,Miner/1 (11577).jpg
images/da8a7dea239c81bccf3eb0eda2592b8a2f001add737c7bd3f350ee6c03669ffa.jpg,da8a7dea239c81bccf3eb0eda2592b8a2f001add737c7bd3f350ee6c03669ffa,E,0,Miner/1 (14169).jpg
images/daaa49d5af9f6d100062558979abe831bce8a681be0e1e2bb5bcb986ffad2a45.jpg,daaa49d5af9f6d100062558979abe831bce8a681be0e1e2bb5bcb986ffad2a45,E,0,Miner/1 (13218).jpg
images/daaab299dc506fc5ad69438940201da29bf2903dcf73680e75d37ff7c4269be3.jpg,daaab299dc506fc5ad69438940201da29bf2903dcf73680e75d37ff7c4269be3,D,1,Phoma/1 (194).jpg
images/dacb3ca4accfdd95e35bd5288301050818b4a89f23a90a7257c491fbd70b522a.jpg,dacb3ca4accfdd95e35bd5288301050818b4a89f23a90a7257c491fbd70b522a,B,0,Leaf rust/1 (409).jpg
images/dad4497aa8723cc8fc48df1062d5e8270735db4a63d3f1bcd685a7464f54da6a.jpg,dad4497aa8723cc8fc48df1062d5e8270735db4a63d3f1bcd685a7464f54da6a,B,0,Leaf rust/1 (295).jpg
images/dae8764d67321e2444cf07cdc0bff5d3c775a4a92bfaa6e82d2b249e0ad92c44.jpg,dae8764d67321e2444cf07cdc0bff5d3c775a4a92bfaa6e82d2b249e0ad92c44,B,0,Leaf rust/2 (839).jpg
images/daea7a42ed1b59a307e7683f7fc4e74552016897859be73b9c90df48360d016b.jpg,daea7a42ed1b59a307e7683f7fc4e74552016897859be73b9c90df48360d016b,B,0,Leaf rust/1 (233).jpg
images/db0b2016a38adafa1c67f7a434ae95ee02750353774f29b2165189ef48151c47.jpg,db0b2016a38adafa1c67f7a434ae95ee02750353774f29b2165189ef48151c47,E,0,Miner/1 (11383).jpg
images/db1124552efbf12692fbb1e82a3110a08a927a83c40f6a685d8484223534acc8.jpg,db1124552efbf12692fbb1e82a3110a08a927a83c40f6a685d8484223534acc8,E,0,Miner/1 (13579).jpg
images/db1eb4e528c4beb409ecbef22cff758b4c5c85960a09d1a1f809a2321e43ad18.jpg,db1eb4e528c4beb409ecbef22cff758b4c5c85960a09d1a1f809a2321e43ad18,E,0,Miner/1 (13636).jpg
images/db2807e1103b0cfdb27a7923f89efa4b020f66f1fa196e27f3e97c565d8da037.jpg,db2807e1103b0cfdb27a7923f89efa4b020f66f1fa196e27f3e97c565d8da037,E,0,Miner/1 (11371).jpg
images/db3efedfcd9f8df10076b0e6a2feea4a8058a73a069db40b43e59eecca690fdf.jpg,db3efedfcd9f8df10076b0e6a2feea4a8058a73a069db40b43e59eecca690fdf,E,0,Miner/1 (14970).jpg
images/db5a3baa9635fed3e95fa2cbed5eabd9fe45a79affb2ea27c5ee3d74b0b7238f.jpg,db5a3baa9635fed3e95fa2cbed5eabd9fe45a79affb2ea27c5ee3d74b0b7238f,B,0,Leaf rust/1 (446).jpg
images/db602aa26b318c70b4bcefa156edd36af7466015edff9071a3bf339a82a63d74.jpg,db602aa26b318c70b4bcefa156edd36af7466015edff9071a3bf339a82a63d74,E,0,Miner/1 (13830).jpg
images/db6ab96ec8b9953ad94dc12a1958a41203ab1dfec659d6a1075c8acf542bb671.jpg,db6ab96ec8b9953ad94dc12a1958a41203ab1dfec659d6a1075c8acf542bb671,C,1,Cerscospora/8 (813).jpg
images/dba681a8a4b41d9b0556cb5784635089dd7512b48aca3ba43abb1d0d6af536d4.jpg,dba681a8a4b41d9b0556cb5784635089dd7512b48aca3ba43abb1d0d6af536d4,E,0,Miner/1 (12098).jpg
images/dbad57d57a31d6d9d9db700958e5fb33ceebd5293da190c277c67b5f03c4fbc6.jpg,dbad57d57a31d6d9d9db700958e5fb33ceebd5293da190c277c67b5f03c4fbc6,D,1,Phoma/1 (1).jpg
images/dbb0a9e2a638f6f88d8ce3e544166652b652135c688a85ef151c2e77efc1c0c6.jpg,dbb0a9e2a638f6f88d8ce3e544166652b652135c688a85ef151c2e77efc1c0c6,B,0,Leaf rust/1 (135).jpg
images/dbb59af6015b78b6b50e7d8a3ed5a29be4d1d66e8604e55b377b803d0c8ea38b.jpg,dbb59af6015b78b6b50e7d8a3ed5a29be4d1d66e8604e55b377b803d0c8ea38b,B,0,Leaf rust/1 (495).jpg
images/dbb6afc9ac1857e82e7f60a9f3650af1660ff7d385f8e666a9aa08c896df4fe2.jpg,dbb6afc9ac1857e82e7f60a9f3650af1660ff7d385f8e666a9aa08c896df4fe2,D,1,Phoma/1 (487).jpg
images/dbc8c7097d6335320b4d7446ffba70deac40f909fa208dda424e4c61f7809217.jpg,dbc8c7097d6335320b4d7446ffba70deac40f909fa208dda424e4c61f7809217,E,0,Miner/1 (10577).jpg
images/dbe329e41fa8df53159b06325f0137d5261e4c5e6e40fca17dd32d22e2d4586b.jpg,dbe329e41fa8df53159b06325f0137d5261e4c5e6e40fca17dd32d22e2d4586b,D,1,Phoma/1 (287).jpg
images/dbecaa37b8d367b05e7f3e0e4b1bb5c0a8daf187a2463307a9930b11ba844d31.jpg,dbecaa37b8d367b05e7f3e0e4b1bb5c0a8daf187a2463307a9930b11ba844d31,E,0,Miner/1 (10070).jpg
images/dbf40324166ec9994da36b0749d616164b2bba273ab9adc67a4a601f1e87d874.jpg,dbf40324166ec9994da36b0749d616164b2bba273ab9adc67a4a601f1e87d874,B,0,Leaf rust/2 (856).jpg
images/dc0881167e83a5cfa7e987b9e9add64bc412aeaf7290fc03f1ffdb15fa642500.jpg,dc0881167e83a5cfa7e987b9e9add64bc412aeaf7290fc03f1ffdb15fa642500,D,1,Phoma/3 (1239).jpg
images/dc0a4d254c237df074b4a85f4c13da9099b5bf1906c356db63f1a68446cdae94.jpg,dc0a4d254c237df074b4a85f4c13da9099b5bf1906c356db63f1a68446cdae94,D,1,Phoma/4 (147).jpg
images/dc0d9b73f9c58d6cac20fd595ad5371b0ebd58e4cf08619394aba66d37ca55ff.jpg,dc0d9b73f9c58d6cac20fd595ad5371b0ebd58e4cf08619394aba66d37ca55ff,B,0,Leaf rust/2 (849).jpg
images/dc14bab22740ede60df359fad757255de2e156c391bb1e0bb528aace372cfc91.jpg,dc14bab22740ede60df359fad757255de2e156c391bb1e0bb528aace372cfc91,B,0,Leaf rust/2 (943).jpg
images/dc3ecbe6e7bfbed38885739373099674caf0f4ef39df54f330b70cb6f8de08c5.jpg,dc3ecbe6e7bfbed38885739373099674caf0f4ef39df54f330b70cb6f8de08c5,B,0,Leaf rust/2 (917).jpg
images/dc43f0541408d8bcb8fa2ada1daea89604f41b12aeb12545272fdae89ebdb3ff.jpg,dc43f0541408d8bcb8fa2ada1daea89604f41b12aeb12545272fdae89ebdb3ff,B,0,Leaf rust/2 (824).jpg
images/dc4515e0a4643dda1b32d10d62f73123fd83656ba08245cc53270939f13cd29c.jpg,dc4515e0a4643dda1b32d10d62f73123fd83656ba08245cc53270939f13cd29c,E,0,Miner/1 (12125).jpg
images/dc4a1e07d97718077e34d4e6619dd4c9029010d106abac6deec32d6a7f2c8643.jpg,dc4a1e07d97718077e34d4e6619dd4c9029010d106abac6deec32d6a7f2c8643,E,0,Miner/1 (13894).jpg
images/dc7e4a21e2b663564ee7fa07012314b3b93fdfc29e3a97101e7919d36629b82e.jpg,dc7e4a21e2b663564ee7fa07012314b3b93fdfc29e3a97101e7919d36629b82e,B,0,Leaf rust/2 (771).jpg
images/dc86a79383b3248ccdc1deb42e78e1226012eff43b30720418ad4a4357e7c467.jpg,dc86a79383b3248ccdc1deb42e78e1226012eff43b30720418ad4a4357e7c467,B,0,Leaf rust/2 (701).jpg
images/dc93c906ee0d34f7378af2f43fca437dc60d3e14894342e851d3d7093e8e626a.jpg,dc93c906ee0d34f7378af2f43fca437dc60d3e14894342e851d3d7093e8e626a,D,1,Phoma/4 (11).jpg
images/dca1d1d2accdf17aa91a68178123348d0d3662308d7c5335602c8dcfccd89fb3.jpg,dca1d1d2accdf17aa91a68178123348d0d3662308d7c5335602c8dcfccd89fb3,E,0,Miner/1 (14121).jpg
images/dca5dd6131295caa57e8308c411ee3810e7c737fbc2788348799aa3e7e93433c.jpg,dca5dd6131295caa57e8308c411ee3810e7c737fbc2788348799aa3e7e93433c,E,0,Miner/1 (12102).jpg
images/dcc4fdf1ddd2bd2e5f438cf032d246658c5417ddce440ce5e51ee232f7991dff.jpg,dcc4fdf1ddd2bd2e5f438cf032d246658c5417ddce440ce5e51ee232f7991dff,D,1,Phoma/2 (258).jpg
images/dce237d5a1213fd17cea64e709cf35a3dcafde8e8c37e618cb9760cb194aeebd.jpg,dce237d5a1213fd17cea64e709cf35a3dcafde8e8c37e618cb9760cb194aeebd,E,0,Miner/1 (15364).jpg
images/dcf0979174b5dd85b6c1e0102458e298418a247db6300e5e1ed0507e1798b93f.jpg,dcf0979174b5dd85b6c1e0102458e298418a247db6300e5e1ed0507e1798b93f,B,0,Leaf rust/1 (294).jpg
images/dcf9f5e1b405781f121b55d01d4b2b0849ebb628a8e58d1369a6b6d406de65c7.jpg,dcf9f5e1b405781f121b55d01d4b2b0849ebb628a8e58d1369a6b6d406de65c7,E,0,Miner/1 (14964).jpg
images/dcfeb2d683812d858cbb24a5476596a0fd3bc0acb81e9a2c454cae3cc9066e8f.jpg,dcfeb2d683812d858cbb24a5476596a0fd3bc0acb81e9a2c454cae3cc9066e8f,B,0,Leaf rust/1 (90).jpg
images/dd1054d03eb647f3dea69967b08ae2ce0d90a2ab4c9cd42f1626278eced65ffa.jpg,dd1054d03eb647f3dea69967b08ae2ce0d90a2ab4c9cd42f1626278eced65ffa,E,0,Miner/1 (13761).jpg
images/dd21b99e55498753dd6ff4a194f1a86432c9e3d1aa1d0872158e4ee0159390fe.jpg,dd21b99e55498753dd6ff4a194f1a86432c9e3d1aa1d0872158e4ee0159390fe,E,0,Miner/1 (12044).jpg
images/dd2b26bbc66dc2e507c5388b4a45171a10cfeccc02143af08e1f0fa1d10253ac.jpg,dd2b26bbc66dc2e507c5388b4a45171a10cfeccc02143af08e1f0fa1d10253ac,C,1,Cerscospora/4 (766).jpg
images/dd40e9fef89dd6ef0d6d7a806fb70a5e3ea668242b4c552d1d9acf56eda35b3c.jpg,dd40e9fef89dd6ef0d6d7a806fb70a5e3ea668242b4c552d1d9acf56eda35b3c,C,1,Cerscospora/6 (41).jpg
images/dd4204689f79f8bf55e15a1401bc71b3130ed70648b711d5fa74b42a8a841766.jpg,dd4204689f79f8bf55e15a1401bc71b3130ed70648b711d5fa74b42a8a841766,D,1,Phoma/2 (773).jpg
images/dd48fd707852e1cd0213150a4f550084f02d856eadce04729e7feb43f0045e3d.jpg,dd48fd707852e1cd0213150a4f550084f02d856eadce04729e7feb43f0045e3d,B,0,Leaf rust/1 (434).jpg
images/dd61a2e22cce5703a754ff38e5e0986315bf85b397473361276f0b21f32829fb.jpg,dd61a2e22cce5703a754ff38e5e0986315bf85b397473361276f0b21f32829fb,E,0,Miner/1 (1071).jpg
images/dd62d40b901d899625b841ab50492aebee9b16cd3eda9298ae9a59daf80e6ff4.jpg,dd62d40b901d899625b841ab50492aebee9b16cd3eda9298ae9a59daf80e6ff4,E,0,Miner/1 (13368).jpg
images/dd7244c9cd32bcc7b033a8853e0944aac04a5955f2483770fe2d79fc8fe4e4dd.jpg,dd7244c9cd32bcc7b033a8853e0944aac04a5955f2483770fe2d79fc8fe4e4dd,E,0,Miner/1 (14310).jpg
images/dd7bbeecfda05970aadbdbfd7c111a7492474b8884aabe7236dddc46c246eecd.jpg,dd7bbeecfda05970aadbdbfd7c111a7492474b8884aabe7236dddc46c246eecd,C,1,Cerscospora/4 (911).jpg
images/dd8339ad9c13c32539c29f862db9d21c0e3f1d549182e66ce3f50d2c93ac9912.jpg,dd8339ad9c13c32539c29f862db9d21c0e3f1d549182e66ce3f50d2c93ac9912,C,1,Cerscospora/6 (272).jpg
images/dd8acb0ab9badf2d40164fd8e62204357e0c45e8b844648933450a9e674f7da4.jpg,dd8acb0ab9badf2d40164fd8e62204357e0c45e8b844648933450a9e674f7da4,D,1,Phoma/1 (195).jpg
images/ddae8c77574a7b3e7b7c5d1ccae74115a748f654f76d42c154f22d72a572f710.jpg,ddae8c77574a7b3e7b7c5d1ccae74115a748f654f76d42c154f22d72a572f710,C,1,Cerscospora/6 (810).jpg
images/ddbf955d19deb36ed9d1a6363570a093144c0b9ca693e4bba5928a31184ad881.jpg,ddbf955d19deb36ed9d1a6363570a093144c0b9ca693e4bba5928a31184ad881,E,0,Miner/1 (15489).jpg
images/ddd4d2462f9fa25f65b9e602e4f36ce5834d23db5485111ebb1d0d36cf6fa164.jpg,ddd4d2462f9fa25f65b9e602e4f36ce5834d23db5485111ebb1d0d36cf6fa164,E,0,Miner/1 (13086).jpg
images/ddd7d2563806cc76ac1c30851850dcd9ef887d429e7ae3f97d7a5332dcc98bd2.jpg,ddd7d2563806cc76ac1c30851850dcd9ef887d429e7ae3f97d7a5332dcc98bd2,E,0,Miner/1 (13500).jpg
images/ddda0e61f6012f1198ddc81f6b6d1417b4555ffa391f43843a78347f3aa5dcde.jpg,ddda0e61f6012f1198ddc81f6b6d1417b4555ffa391f43843a78347f3aa5dcde,E,0,Miner/1 (12210).jpg
images/ddf351a917aa312c13f160c9237395d8eb20070b53bdc3f1bec18fbce77798d5.jpg,ddf351a917aa312c13f160c9237395d8eb20070b53bdc3f1bec18fbce77798d5,D,1,Phoma/2 (487).jpg
images/ddf3f0bc8b474d892406c8501893f9779ffee6631540bd14b3816a4999b503f8.jpg,ddf3f0bc8b474d892406c8501893f9779ffee6631540bd14b3816a4999b503f8,E,0,Miner/1 (13978).jpg
images/ddf779c951000082c953c98c2994e590b0069e64c518aa71af434b75034e246f.jpg,ddf779c951000082c953c98c2994e590b0069e64c518aa71af434b75034e246f,C,1,Cerscospora/7 (541).jpg
images/ddfb84a8d137e13467f6309f2e182bb2e1d996b6613c5b590871bebee0366840.jpg,ddfb84a8d137e13467f6309f2e182bb2e1d996b6613c5b590871bebee0366840,D,1,Phoma/3 (1539).jpg
images/ddfe80172ed53e97ab4a7039e88747fe9ceb8b53ce72710f4b97e927047c9cdd.jpg,ddfe80172ed53e97ab4a7039e88747fe9ceb8b53ce72710f4b97e927047c9cdd,E,0,Miner/1 (11564).jpg
images/de0677767b0557046ba0e1cba7e81ca2644a1c02d9c89fe5d5ed9cd83497239c.jpg,de0677767b0557046ba0e1cba7e81ca2644a1c02d9c89fe5d5ed9cd83497239c,C,1,Cerscospora/7 (813).jpg
images/de10c9d163cea48f22d8d18c9fc0390707f2ed8bcc1483047845a54f4ba4a734.jpg,de10c9d163cea48f22d8d18c9fc0390707f2ed8bcc1483047845a54f4ba4a734,B,0,Leaf rust/1 (68).jpg
images/de203713c16af1525f277820768f15ec4318919813c565d72d3eabe8807c9f77.jpg,de203713c16af1525f277820768f15ec4318919813c565d72d3eabe8807c9f77,E,0,Miner/1 (15357).jpg
images/de2a4322cc55efaaa90bf24f25ee406a614b51ff360762659a87e6cca489d441.jpg,de2a4322cc55efaaa90bf24f25ee406a614b51ff360762659a87e6cca489d441,C,1,Cerscospora/4 (552).jpg
images/de2ed6dfd1a0bebae069d97ed7640f59d95ca56642c57a928235754b7376f3fa.jpg,de2ed6dfd1a0bebae069d97ed7640f59d95ca56642c57a928235754b7376f3fa,C,1,Cerscospora/6 (271).jpg
images/de495a60fcb229bd0b82a8e1594e3ddaa5d09f39527db4b451d47aad28fedaa1.jpg,de495a60fcb229bd0b82a8e1594e3ddaa5d09f39527db4b451d47aad28fedaa1,E,0,Miner/1 (14129).jpg
images/de4b7854d7984a31a618abc47d98a5909efa6eedaa56df17a73a0820f0442e6e.jpg,de4b7854d7984a31a618abc47d98a5909efa6eedaa56df17a73a0820f0442e6e,B,0,Leaf rust/2 (736).jpg
images/de4fb41a8f7cf379fe0e3e30aec174b654ca22b1dd8285814e518b2de50797dc.jpg,de4fb41a8f7cf379fe0e3e30aec174b654ca22b1dd8285814e518b2de50797dc,E,0,Miner/1 (12587).jpg
images/de555012121178adcec847e83aa8adbb1b0c14910134f5ce5547caa3d67c5151.jpg,de555012121178adcec847e83aa8adbb1b0c14910134f5ce5547caa3d67c5151,C,1,Cerscospora/6 (774).jpg
images/de5ff8b70eb08578310136596086ca941440824563be8be5f0887956d2ea88da.jpg,de5ff8b70eb08578310136596086ca941440824563be8be5f0887956d2ea88da,B,0,Leaf rust/2 (1014).jpg
images/de7191145b30007e4544d04414818f42d51a53adde213e03b75d25db3bf049b7.jpg,de7191145b30007e4544d04414818f42d51a53adde213e03b75d25db3bf049b7,B,0,Leaf rust/2 (874).jpg
images/de783180ae235a88404fb4c96cdf29027a8b1d6ebedb9b01104627998c8c7d81.jpg,de783180ae235a88404fb4c96cdf29027a8b1d6ebedb9b01104627998c8c7d81,E,0,Miner/1 (15211).jpg
images/de801685ab4f2752f88f3128d361df1d66e0ea74f2b7c8f353dae804a8c2ffdb.jpg,de801685ab4f2752f88f3128d361df1d66e0ea74f2b7c8f353dae804a8c2ffdb,B,0,Leaf rust/1 (164).jpg
images/de8a549bb420a90aed75be01b15318a5a5f248a5f56b9005bc9810bdc2c9c8f3.jpg,de8a549bb420a90aed75be01b15318a5a5f248a5f56b9005bc9810bdc2c9c8f3,E,0,Miner/1 (13079).jpg
images/de9446e40b2db9151422aab7aa257f7a7520c36c43098e2c09819c5cad858026.jpg,de9446e40b2db9151422aab7aa257f7a7520c36c43098e2c09819c5cad858026,D,1,Phoma/2 (1).jpg
images/de9b0961081a4b778d90a923645d06f8e76fa3db3b91f150a833d6554eed6492.jpg,de9b0961081a4b778d90a923645d06f8e76fa3db3b91f150a833d6554eed6492,E,0,Miner/1 (12595).jpg
images/deb81937023b531e60965d4cbf2f94e3d7a9b866e351eb1c2dc7c06c600fbc91.jpg,deb81937023b531e60965d4cbf2f94e3d7a9b866e351eb1c2dc7c06c600fbc91,C,1,Cerscospora/7 (291).jpg
images/deca37302fad309fd674401b7a6e69dfe3c8a98582c00265b97b8c0180af2bde.jpg,deca37302fad309fd674401b7a6e69dfe3c8a98582c00265b97b8c0180af2bde,B,0,Leaf rust/2 (974).jpg
images/ded2fc2aba7ed0bee1df5957b596a17e9cd529553f99ef446e2482d999a9f6a4.jpg,ded2fc2aba7ed0bee1df5957b596a17e9cd529553f99ef446e2482d999a9f6a4,E,0,Miner/1 (10477).jpg
images/ded84c47193a11f99303fff5a70b593dee7a30f526ee2cd43b2b021254ef8565.jpg,ded84c47193a11f99303fff5a70b593dee7a30f526ee2cd43b2b021254ef8565,E,0,Miner/1 (14043).jpg
images/def429b70969eea0ddeb23e066dae47ce2299482b635d50d5220ffad6d6640da.jpg,def429b70969eea0ddeb23e066dae47ce2299482b635d50d5220ffad6d6640da,E,0,Miner/1 (14155).jpg
images/df01d4c970b48592b35e681d1c51c9495deb1f25d7f6769a8657e83a0126bd6d.jpg,df01d4c970b48592b35e681d1c51c9495deb1f25d7f6769a8657e83a0126bd6d,E,0,Miner/1 (13698).jpg
images/df0629570d1b50fd4118b01ca0b8ef6cdbb41941b50ce892c39e9b7cd06a678b.jpg,df0629570d1b50fd4118b01ca0b8ef6cdbb41941b50ce892c39e9b7cd06a678b,E,0,Miner/1 (13237).jpg
images/df15e85cf78d07addcd9194736f1cbfbeb97ec197aacdb177e73c06a15e31f26.jpg,df15e85cf78d07addcd9194736f1cbfbeb97ec197aacdb177e73c06a15e31f26,B,0,Leaf rust/2 (642).jpg
images/df3ba693ffe03a4cc2b2b508065dce39660bd69332a9e30c74d28ea7635e1fec.jpg,df3ba693ffe03a4cc2b2b508065dce39660bd69332a9e30c74d28ea7635e1fec,B,0,Leaf rust/1 (201).jpg
images/df3c093df1771a8c8f33656a99aa49b54f3ca5ef0bf4b38de3eb22782ecb782c.jpg,df3c093df1771a8c8f33656a99aa49b54f3ca5ef0bf4b38de3eb22782ecb782c,E,0,Miner/1 (11437).jpg
images/df53728ab0ecbdf35681794a2cf4f885da43a214412edc882c8a260c58e7025d.jpg,df53728ab0ecbdf35681794a2cf4f885da43a214412edc882c8a260c58e7025d,E,0,Miner/1 (12033).jpg
images/df5e5e583d1f0fc546a81802524774abbe05a6ff5c6aeb0ee8f8cab1a3e0f63d.jpg,df5e5e583d1f0fc546a81802524774abbe05a6ff5c6aeb0ee8f8cab1a3e0f63d,E,0,Miner/1 (11679).jpg
images/df8416287e183b3e6c7906c944c74807055efa0676be1cd0f84b1481a92ffc9d.jpg,df8416287e183b3e6c7906c944c74807055efa0676be1cd0f84b1481a92ffc9d,B,0,Leaf rust/2 (864).jpg
images/df88ea922fb0f0a66a240cd783278b81d4bb583d9ce5ec543cbac9d5aa31650f.jpg,df88ea922fb0f0a66a240cd783278b81d4bb583d9ce5ec543cbac9d5aa31650f,E,0,Miner/1 (14993).jpg
images/dfd56b17984f9c0e1ef6eaa0914097e0e53a4484bdb77e7aa95ec7ba68e0be71.jpg,dfd56b17984f9c0e1ef6eaa0914097e0e53a4484bdb77e7aa95ec7ba68e0be71,D,1,Phoma/4 (185).jpg
images/dfebc1d1f0f9e49f95cb3b1afb690a7cd9378f91f9f8dc57cb30808660c7393c.jpg,dfebc1d1f0f9e49f95cb3b1afb690a7cd9378f91f9f8dc57cb30808660c7393c,E,0,Miner/1 (10416).jpg
images/e011062eec6edf03091aec3bb94ab89a93265751e7d068b2051966acd99f317d.jpg,e011062eec6edf03091aec3bb94ab89a93265751e7d068b2051966acd99f317d,B,0,Leaf rust/2 (961).jpg
images/e0126023d775f7d8086201774f82ec876d00cd6223a9d1164db45d8a97110172.jpg,e0126023d775f7d8086201774f82ec876d00cd6223a9d1164db45d8a97110172,E,0,Miner/1 (13694).jpg
images/e0498c51ec23389f96ac151c5af84cdbb2efc7d548471fa675030b3f9afea647.jpg,e0498c51ec23389f96ac151c5af84cdbb2efc7d548471fa675030b3f9afea647,E,0,Miner/1 (11355).jpg
images/e075331ab25f225ffaa256a172d3bc8a076853feb9e520510ec9cfa8425cdef7.jpg,e075331ab25f225ffaa256a172d3bc8a076853feb9e520510ec9cfa8425cdef7,B,0,Leaf rust/2 (986).jpg
images/e0960a38182dc756eddeb56a58777d37a228bc7f9dfd2d4195cbcdfbd91366cd.jpg,e0960a38182dc756eddeb56a58777d37a228bc7f9dfd2d4195cbcdfbd91366cd,E,0,Miner/1 (10536).jpg
images/e0991bdfbb04573a2f426584e8057e9ee750a5eeb2eaf4db6fcb5425ff71139d.jpg,e0991bdfbb04573a2f426584e8057e9ee750a5eeb2eaf4db6fcb5425ff71139d,D,1,Phoma/2 (522).jpg
images/e0a340dbbc946993d92383e2f72ae63c6f6fcf1517079f083b101d01c765c8ae.jpg,e0a340dbbc946993d92383e2f72ae63c6f6fcf1517079f083b101d01c765c8ae,A,1,Healthy/1 (362).jpg
images/e0a46f15573c64a6d17b508893be27a63f95731f0adcfea38dd4903160796557.jpg,e0a46f15573c64a6d17b508893be27a63f95731f0adcfea38dd4903160796557,B,0,Leaf rust/2 (716).jpg
images/e0a8b15dbe61adce18e15d993ecfa727ea118b0aaed1b24482df991babf18750.jpg,e0a8b15dbe61adce18e15d993ecfa727ea118b0aaed1b24482df991babf18750,C,1,Cerscospora/7 (431).jpg
images/e0b011315fb7932f017746fbaa9edb5b63d7bed1d2546b106a0b05c9907d84e8.jpg,e0b011315fb7932f017746fbaa9edb5b63d7bed1d2546b106a0b05c9907d84e8,E,0,Miner/1 (10042).jpg
images/e0ce02c7322d9ff7a33ea220314ee76d61a6a74d1467a2fb39f159379684b9a0.jpg,e0ce02c7322d9ff7a33ea220314ee76d61a6a74d1467a2fb39f159379684b9a0,D,1,Phoma/1 (408).jpg
images/e0f7adf8969ae9f77d32412de749cd6b750ef7ad4c401ecdbe044eb2f3b3603a.jpg,e0f7adf8969ae9f77d32412de749cd6b750ef7ad4c401ecdbe044eb2f3b3603a,D,1,Phoma/2 (811).jpg
images/e0fdf8b2ae9aeabd8afffd96c11fb299047e0171bc8cb9d06a0c93c1c88d471f.jpg,e0fdf8b2ae9aeabd8afffd96c11fb299047e0171bc8cb9d06a0c93c1c88d471f,E,0,Miner/1 (11441).jpg
images/e10397c472fdcb6b170e48845c29e94128a95b8b926f56361d923bd97ad53e41.jpg,e10397c472fdcb6b170e48845c29e94128a95b8b926f56361d923bd97ad53e41,B,0,Leaf rust/1 (451).jpg
images/e10f690fa71420d1f030af0cabfe306eb9cbf241007072c12d4427b3d4339d26.jpg,e10f690fa71420d1f030af0cabfe306eb9cbf241007072c12d4427b3d4339d26,E,0,Miner/1 (14338).jpg
images/e142796e14ea8897729a31590d40b713cb94d390cdab39e30be9de9d36a20ff5.jpg,e142796e14ea8897729a31590d40b713cb94d390cdab39e30be9de9d36a20ff5,E,0,Miner/1 (14987).jpg
images/e175c4223aa20465970c44b0d764e5956c1c835a66c2ac1fcd1153ba5c964f6c.jpg,e175c4223aa20465970c44b0d764e5956c1c835a66c2ac1fcd1153ba5c964f6c,D,1,Phoma/1 (315).jpg
images/e17b12b1261056eec22c4143d3a27dcd971764bb312625dfa71ef446d099b16f.jpg,e17b12b1261056eec22c4143d3a27dcd971764bb312625dfa71ef446d099b16f,B,0,Leaf rust/2 (776).jpg
images/e18797d5a4df9038e06ad796a7478471ffaa3825f690a8d57601f68955888125.jpg,e18797d5a4df9038e06ad796a7478471ffaa3825f690a8d57601f68955888125,B,0,Leaf rust/2 (985).jpg
images/e18fd3048aae61402412d8de27d5d4097e905da970d54aa8b985d979c17a037f.jpg,e18fd3048aae61402412d8de27d5d4097e905da970d54aa8b985d979c17a037f,B,0,Leaf rust/2 (676).jpg
images/e19e2085a4c923d285c2d48de745affd8dd789508cf7a301a563fc7567a4af71.jpg,e19e2085a4c923d285c2d48de745affd8dd789508cf7a301a563fc7567a4af71,D,1,Phoma/1 (313).jpg
images/e1a4f2dc2f2cb9ae533f8cccd18790f2984e25a95ba52c4531f44117b0c1f4f2.jpg,e1a4f2dc2f2cb9ae533f8cccd18790f2984e25a95ba52c4531f44117b0c1f4f2,D,1,Phoma/3 (1201).jpg
images/e1b42f9f6c3161e1d39ff6359909c1e9ace69a40ea5899e689ed27626965d95e.jpg,e1b42f9f6c3161e1d39ff6359909c1e9ace69a40ea5899e689ed27626965d95e,E,0,Miner/1 (11102).jpg
images/e1bb10878b91dde4e85f427faa5de4a0f36ab02bc24af968110fe59c3b00b5e5.jpg,e1bb10878b91dde4e85f427faa5de4a0f36ab02bc24af968110fe59c3b00b5e5,E,0,Miner/1 (1062).jpg
images/e1bb9da4145a871a3813df752ae4313f2c834a50d823fc48c933500efac08bbd.jpg,e1bb9da4145a871a3813df752ae4313f2c834a50d823fc48c933500efac08bbd,E,0,Miner/1 (15677).jpg
images/e1c862884cd25c569d4215bb640704b9e18a04d34c3cbc57e792d7744e86c28e.jpg,e1c862884cd25c569d4215bb640704b9e18a04d34c3cbc57e792d7744e86c28e,D,1,Phoma/2 (285).jpg
images/e1ccecd97d2fa7efa93bf66016756e4bd20060560e0de838efa70bdfb0e348b2.jpg,e1ccecd97d2fa7efa93bf66016756e4bd20060560e0de838efa70bdfb0e348b2,E,0,Miner/1 (15765).jpg
images/e1e5fcb25dbea538b745d0468044dfbb5fd28d59b8b64bc447be5993b40f32ce.jpg,e1e5fcb25dbea538b745d0468044dfbb5fd28d59b8b64bc447be5993b40f32ce,E,0,Miner/1 (10031).jpg
images/e224704cd32b838ef6c9df2d98def4a2ebb1cae1fc85df8061f457f282ed6dea.jpg,e224704cd32b838ef6c9df2d98def4a2ebb1cae1fc85df8061f457f282ed6dea,E,0,Miner/1 (10966).jpg
images/e22ab154542ee77b0c69cb1e2a1c1f028ed052f0f40cce59d5c8ad295bb2a4ad.jpg,e22ab154542ee77b0c69cb1e2a1c1f028ed052f0f40cce59d5c8ad295bb2a4ad,B,0,Leaf rust/2 (772).jpg
images/e22f6cc303897bdc13585e38afda41ef69ea6cf8b0ba00d284e6e1d18e495a08.jpg,e22f6cc303897bdc13585e38afda41ef69ea6cf8b0ba00d284e6e1d18e495a08,D,1,Phoma/1 (228).jpg
images/e2376ee7b89b6f6bab8a4e78614efce5bf54ded02b36e9c4633fdbd70bc226b2.jpg,e2376ee7b89b6f6bab8a4e78614efce5bf54ded02b36e9c4633fdbd70bc226b2,D,1,Phoma/1 (369).jpg
images/e23f022bccf3de3e3ecdd43b077072067180a2c7df8ff0373396d27fc583e801.jpg,e23f022bccf3de3e3ecdd43b077072067180a2c7df8ff0373396d27fc583e801,D,0,Phoma/3 (904).jpg
images/e2495c1c6f17e16dff71d04c46517e4cb385d46c96e0154d7c9e7173b87e3fdd.jpg,e2495c1c6f17e16dff71d04c46517e4cb385d46c96e0154d7c9e7173b87e3fdd,D,0,Phoma/2 (259).jpg
images/e250b6925943eb65eb602bb4464c2980a6ce224c42413a350840bb052b623f95.jpg,e250b6925943eb65eb602bb4464c2980a6ce224c42413a350840bb052b623f95,B,0,Leaf rust/1 (15).jpg
images/e258da07f3c5173b10aefcbf4c50464c0b73fa257fbfe1659b4bd59e2c3b3d0a.jpg,e258da07f3c5173b10aefcbf4c50464c0b73fa257fbfe1659b4bd59e2c3b3d0a,E,0,Miner/1 (10722).jpg
images/e26c5befb1bedb8dedad7268c66386ee5cbe6593ec2690172fd5f5c8761d23e0.jpg,e26c5befb1bedb8dedad7268c66386ee5cbe6593ec2690172fd5f5c8761d23e0,B,0,Leaf rust/2 (834).jpg
images/e2788f0072882a691cc91758876972d97cf099a8ebdb126614c83c192903d5a5.jpg,e2788f0072882a691cc91758876972d97cf099a8ebdb126614c83c192903d5a5,D,0,Phoma/4 (294).jpg
images/e2832444b4e22836587702d4d55d3b3f41028cc66541b6408ed0de8c91313668.jpg,e2832444b4e22836587702d4d55d3b3f41028cc66541b6408ed0de8c91313668,D,0,Phoma/2 (118).jpg
images/e28332773f9763f804d75cea5a25f7a017fa7ac5f417fcddb987b5ff24f15ac7.jpg,e28332773f9763f804d75cea5a25f7a017fa7ac5f417fcddb987b5ff24f15ac7,B,0,Leaf rust/1 (463).jpg
images/e2a749cc9265091562a573cb7c1d41f778d57e08b69dfd2af14fbb2c30488a40.jpg,e2a749cc9265091562a573cb7c1d41f778d57e08b69dfd2af14fbb2c30488a40,D,0,Phoma/1 (338).jpg
images/e2c7824b9e58aa62c39d3c6d73f698d842ae045b890982c44b5a2d3cbb27a5ee.jpg,e2c7824b9e58aa62c39d3c6d73f698d842ae045b890982c44b5a2d3cbb27a5ee,B,0,Leaf rust/2 (588).jpg
images/e2e7b47f53e0ce169af9cea5a3fb33d9ca64dfe41a13d3f168fb32dc617441c1.jpg,e2e7b47f53e0ce169af9cea5a3fb33d9ca64dfe41a13d3f168fb32dc617441c1,E,0,Miner/1 (10257).jpg
images/e2e94e10e723e32cbb5c6fbb6e2f1df4acfaa0d3870a1936942fa03b56015797.jpg,e2e94e10e723e32cbb5c6fbb6e2f1df4acfaa0d3870a1936942fa03b56015797,B,0,Leaf rust/1 (241).jpg
images/e3043393f93ff843791c9e841d0899754ff8eb79dda4ce58824aea1749b9a87b.jpg,e3043393f93ff843791c9e841d0899754ff8eb79dda4ce58824aea1749b9a87b,D,0,Phoma/1 (554).jpg
images/e3043cc66c1e8b24517be4c6fada6636dd62c982a119dd6f4edb05b0270147ba.jpg,e3043cc66c1e8b24517be4c6fada6636dd62c982a119dd6f4edb05b0270147ba,E,0,Miner/1 (10578).jpg
images/e325111d0de8920188e54dd84bc9fbbf0bd6849caf5ee072114cc368d7a6c684.jpg,e325111d0de8920188e54dd84bc9fbbf0bd6849caf5ee072114cc368d7a6c684,E,0,Miner/1 (12872).jpg
images/e339276c90e0af1e508431ea14a7df51665557bc94672a26b45d82d8da9f182a.jpg,e339276c90e0af1e508431ea14a7df51665557bc94672a26b45d82d8da9f182a,B,0,Leaf rust/1 (502).jpg
images/e34b11ec839afe455982b6f98c8d9aaa330499bae30662908b15559858048041.jpg,e34b11ec839afe455982b6f98c8d9aaa330499bae30662908b15559858048041,D,0,Phoma/4 (625).jpg
images/e36d9d669bc3503d4547417eb067d94c8b9579aec81cdf1e3a4c81e17af3f360.jpg,e36d9d669bc3503d4547417eb067d94c8b9579aec81cdf1e3a4c81e17af3f360,B,0,Leaf rust/2 (666).jpg
images/e37b28313b8c636b720a3529d15fc16dc7bbf21ae18867a9f6cde164d04a87cf.jpg,e37b28313b8c636b720a3529d15fc16dc7bbf21ae18867a9f6cde164d04a87cf,E,0,Miner/1 (13759).jpg
images/e382deaaef5580e93903e359c36595db5014c59962a0349ae328ae7a32c85540.jpg,e382deaaef5580e93903e359c36595db5014c59962a0349ae328ae7a32c85540,E,0,Miner/1 (12040).jpg
images/e389af64513feaeb864bb990e6c826f1b8d12cb209e547e944a3525e27df7261.jpg,e389af64513feaeb864bb990e6c826f1b8d12cb209e547e944a3525e27df7261,C,1,Cerscospora/7 (169).jpg
images/e389c07407db673b4fa819016384055eefbf416e7e41b3a9155d81391cc475da.jpg,e389c07407db673b4fa819016384055eefbf416e7e41b3a9155d81391cc475da,E,0,Miner/1 (12006).jpg
images/e3987021e71b88da9d2e46860f8848ea8f5197f85ec53ce31cd798bca1ffe630.jpg,e3987021e71b88da9d2e46860f8848ea8f5197f85ec53ce31cd798bca1ffe630,E,0,Miner/1 (10378).jpg
images/e3989c27ec0d01e20d02b4ebdc4f00eb96cae2d0431c5dcef42922e6d68aa4a1.jpg,e3989c27ec0d01e20d02b4ebdc4f00eb96cae2d0431c5dcef42922e6d68aa4a1,E,0,Miner/1 (10133).jpg
images/e3b2b71676200915cc786fd506d5ea1760776d6b7afae0940b2170a2950dcac7.jpg,e3b2b71676200915cc786fd506d5ea1760776d6b7afae0940b2170a2950dcac7,B,0,Leaf rust/2 (624).jpg
images/e3c5e839d243018cf098aeb7476a1ec8aa7e26766b28a417fd8d069b59df2fcc.jpg,e3c5e839d243018cf098aeb7476a1ec8aa7e26766b28a417fd8d069b59df2fcc,B,0,Leaf rust/1 (27).jpg
images/e3c8f8adf1935e33d0d246a2210a8088da6aa1e148cff4b50b09b715e11d5b21.jpg,e3c8f8adf1935e33d0d246a2210a8088da6aa1e148cff4b50b09b715e11d5b21,E,0,Miner/1 (15541).jpg
images/e3cc1f955cdb441f2e8ff584041d3c5426a94806b6f14008e44a8369db36e5c4.jpg,e3cc1f955cdb441f2e8ff584041d3c5426a94806b6f14008e44a8369db36e5c4,E,0,Miner/1 (13856).jpg
images/e3d650f1b3df77ae4f60928ebe081f1186b81e9f7e60d7cc37d5121f8f56aeee.jpg,e3d650f1b3df77ae4f60928ebe081f1186b81e9f7e60d7cc37d5121f8f56aeee,E,0,Miner/1 (10668).jpg
images/e3e06f563c046c716b0c61aa265e657885aa5b476c950b3299d624612e82e450.jpg,e3e06f563c046c716b0c61aa265e657885aa5b476c950b3299d624612e82e450,E,0,Miner/1 (11573).jpg
images/e3e24de12fbac87bdd10c5e925ce554cebda078389c6c3aad719d06dc1c20ad2.jpg,e3e24de12fbac87bdd10c5e925ce554cebda078389c6c3aad719d06dc1c20ad2,B,0,Leaf rust/2 (16).jpeg
images/e3e534bf5b2622fb6d73cb5465f91835a052acb64123631720db45e9f0c16654.jpg,e3e534bf5b2622fb6d73cb5465f91835a052acb64123631720db45e9f0c16654,E,0,Miner/1 (12847).jpg
images/e4199a29d2748ac35cf34e36dc887da981a4835fc773854952933a0e65bd80f2.jpg,e4199a29d2748ac35cf34e36dc887da981a4835fc773854952933a0e65bd80f2,E,0,Miner/1 (13829).jpg
images/e42ad0da7847f6828e99d1619958d71b040e7840f0ebf016b6521972416b8cb5.jpg,e42ad0da7847f6828e99d1619958d71b040e7840f0ebf016b6521972416b8cb5,E,0,Miner/1 (12536).jpg
images/e431e57bf2e7a920200371616d7f49e2109e6b7a845392d5a5c4a95b769df091.jpg,e431e57bf2e7a920200371616d7f49e2109e6b7a845392d5a5c4a95b769df091,E,0,Miner/1 (10094).jpg
images/e4361f19727f578c161a7fbee520151c0ef717e71138013d519d7c42937884c3.jpg,e4361f19727f578c161a7fbee520151c0ef717e71138013d519d7c42937884c3,E,0,Miner/1 (13498).jpg
images/e45bdb7c4867746933962765dacb759d2e0ea4fea75ff2a242c28bceb0e22ecc.jpg,e45bdb7c4867746933962765dacb759d2e0ea4fea75ff2a242c28bceb0e22ecc,D,0,Phoma/2 (131).jpg
images/e46e8ce3edb4b64a86f6e17239401701a6192fe76baa73a7ab6f055d7c53731f.jpg,e46e8ce3edb4b64a86f6e17239401701a6192fe76baa73a7ab6f055d7c53731f,E,0,Miner/1 (15810).jpg
images/e472d48760ac0f1857c17d987ed91d0adcd1729e9e8a5692c4251cdbf5952cd3.jpg,e472d48760ac0f1857c17d987ed91d0adcd1729e9e8a5692c4251cdbf5952cd3,E,0,Miner/1 (10005).jpg
images/e4869e58fe489edea35fe48cd1991b2ebb44b9dea55e8697f704fce86fd1334a.jpg,e4869e58fe489edea35fe48cd1991b2ebb44b9dea55e8697f704fce86fd1334a,E,0,Miner/1 (12883).jpg
images/e4878301d74a58a28e4950e25f8b5b2b62c181d37065dd811a56e24fd6591dc7.jpg,e4878301d74a58a28e4950e25f8b5b2b62c181d37065dd811a56e24fd6591dc7,D,0,Phoma/2 (193).jpg
images/e4a181cf4fa6d7dccb94612425e9bd7b7e13d2d991e4ec3405af52f8611089a3.jpg,e4a181cf4fa6d7dccb94612425e9bd7b7e13d2d991e4ec3405af52f8611089a3,D,0,Phoma/2 (484).jpg
images/e4c57a46394d3ff3d59108c349528665f1a02fb4bfa13365c32475d33c5a46e1.jpg,e4c57a46394d3ff3d59108c349528665f1a02fb4bfa13365c32475d33c5a46e1,B,0,Leaf rust/2 (673).jpg
images/e4cb767be3f77a605e030423302ca7c9ff920b5d825ebaebc3cf1814292d5503.jpg,e4cb767be3f77a605e030423302ca7c9ff920b5d825ebaebc3cf1814292d5503,B,0,Leaf rust/1 (347).jpg
images/e4ef7efc2d22fef471c7fca880116b7003dd0be6bd7a92b050ea9717cea10dfa.jpg,e4ef7efc2d22fef471c7fca880116b7003dd0be6bd7a92b050ea9717cea10dfa,E,0,Miner/1 (10616).jpg
images/e4f1e171282de0070a4ef490f10276c0b7b634356b38c8956664dd0ff541a962.jpg,e4f1e171282de0070a4ef490f10276c0b7b634356b38c8956664dd0ff541a962,D,0,Phoma/4 (773).jpg
images/e513205af326b5528ffaea06c1e1887733f6fa8d35fb23cd210b19427536a4ec.jpg,e513205af326b5528ffaea06c1e1887733f6fa8d35fb23cd210b19427536a4ec,B,0,Leaf rust/1 (423).jpg
images/e51b98156cb54a62d9bfe4cbe2c9181abc4be9d8acd1a8b4e0ee2041258d5a15.jpg,e51b98156cb54a62d9bfe4cbe2c9181abc4be9d8acd1a8b4e0ee2041258d5a15,E,0,Miner/1 (10302).jpg
images/e51e715bc87599e623d957e3a0104efd2a4fdddd1cce8a4c64c4a04a17582327.jpg,e51e715bc87599e623d957e3a0104efd2a4fdddd1cce8a4c64c4a04a17582327,D,0,Phoma/2 (563).jpg
images/e51f6e4161140b2ed36a28c76d96c8a1e66b42b06f726fc03384199d91933680.jpg,e51f6e4161140b2ed36a28c76d96c8a1e66b42b06f726fc03384199d91933680,E,0,Miner/1 (14919).jpg
images/e51ff3bbe592667747e034efb0c12dbe3df0153e0f5c94b99049dee3b8496d3c.jpg,e51ff3bbe592667747e034efb0c12dbe3df0153e0f5c94b99049dee3b8496d3c,E,0,Miner/1 (10050).jpg
images/e5289ef508b2d9230e2358cb06ee1bb53518a25a6f03c176b5bc25f7bc94fc7b.jpg,e5289ef508b2d9230e2358cb06ee1bb53518a25a6f03c176b5bc25f7bc94fc7b,E,0,Miner/1 (13412).jpg
images/e533e00d08aa7cf83a6115cea75ed8b1894c5c8ff40c601c8babd0d695c61eb5.jpg,e533e00d08aa7cf83a6115cea75ed8b1894c5c8ff40c601c8babd0d695c61eb5,D,0,Phoma/1 (811).jpg
images/e54b7cd531939b507aa2c3f4542e2483549b22f35ca4db6895a2a51a6d823638.jpg,e54b7cd531939b507aa2c3f4542e2483549b22f35ca4db6895a2a51a6d823638,D,0,Phoma/1 (150).jpg
images/e5581f81f88624960e1b9481919fcdb7a9547642830219a7c8e9d03037e22c0f.jpg,e5581f81f88624960e1b9481919fcdb7a9547642830219a7c8e9d03037e22c0f,E,0,Miner/1 (10096).jpg
images/e56d0aaee59916e2f23cdcc9bbf243cebada8e4df7a788b9542c5e8e38a86f33.jpg,e56d0aaee59916e2f23cdcc9bbf243cebada8e4df7a788b9542c5e8e38a86f33,B,0,Leaf rust/2 (522).jpg
images/e571ca468569c64b98f6dd0dabba577ba8177e0afbb4d21c6a14a6feb16f4389.jpg,e571ca468569c64b98f6dd0dabba577ba8177e0afbb4d21c6a14a6feb16f4389,E,0,Miner/1 (15340).jpg
images/e5796e3eabdf78a7e6bff782795a5124f5485d85ff9e839c7994e67af18f5e5d.jpg,e5796e3eabdf78a7e6bff782795a5124f5485d85ff9e839c7994e67af18f5e5d,D,0,Phoma/4 (191).jpg
images/e57cfbbe3e002d45ea987440e1bc5d8911ba4c01c6d26b3cd6f5d014edd00706.jpg,e57cfbbe3e002d45ea987440e1bc5d8911ba4c01c6d26b3cd6f5d014edd00706,E,0,Miner/1 (15363).jpg
images/e5971aeeea1a94efe867139883d59b9e9b02f454218e29a00a95f5507458875e.jpg,e5971aeeea1a94efe867139883d59b9e9b02f454218e29a00a95f5507458875e,E,0,Miner/1 (13408).jpg
images/e5b581d83f959fff5c07e3a9408f40da628af954361afe93902bec79a84b7c47.jpg,e5b581d83f959fff5c07e3a9408f40da628af954361afe93902bec79a84b7c47,B,0,Leaf rust/1 (149).jpg
images/e5d8fc75c2e0435f1d16e88d1575461fe7c431c5214c0cfef687a2e65a9fa533.jpg,e5d8fc75c2e0435f1d16e88d1575461fe7c431c5214c0cfef687a2e65a9fa533,D,0,Phoma/4 (484).jpg
images/e5e5b46fb79bfcd7c8b168099be1ae51aa7ebc4f6fd85922ee4c5bdde9c2dae5.jpg,e5e5b46fb79bfcd7c8b168099be1ae51aa7ebc4f6fd85922ee4c5bdde9c2dae5,E,0,Miner/1 (14015).jpg
images/e5f0a483671ac25d561b05f273659a14c7e8737c480e052f815a5cb45a0f62af.jpg,e5f0a483671ac25d561b05f273659a14c7e8737c480e052f815a5cb45a0f62af,B,0,Leaf rust/1 (475).jpg
images/e619f9f665a35e472fcca946bf06246a11817b17c8cb12b68da231b046ce69f8.jpg,e619f9f665a35e472fcca946bf06246a11817b17c8cb12b68da231b046ce69f8,D,0,Phoma/4 (333).jpg
images/e62646dde06a40f83c2c619b0de0d7704b77167f58f3cd8032bb10a0a18bb355.jpg,e62646dde06a40f83c2c619b0de0d7704b77167f58f3cd8032bb10a0a18bb355,B,0,Leaf rust/2 (885).jpg
images/e6290ad27a8a15ac4bd5c62b5ab9aa7e897a2f1bd0b6b538d76e88ce46d8ca3a.jpg,e6290ad27a8a15ac4bd5c62b5ab9aa7e897a2f1bd0b6b538d76e88ce46d8ca3a,E,0,Miner/1 (10543).jpg
images/e63d720008856ab69e528e4fcb84041d81ca6f0400362f0c9382ebfe068df963.jpg,e63d720008856ab69e528e4fcb84041d81ca6f0400362f0c9382ebfe068df963,E,0,Miner/1 (12055).jpg
images/e6598c28d0889685cc624ed6cd9d1ab49cc4ea3bba54e2fcb2e515c46b6a835d.jpg,e6598c28d0889685cc624ed6cd9d1ab49cc4ea3bba54e2fcb2e515c46b6a835d,E,0,Miner/1 (14335).jpg
images/e6652ce13a72d5fe89bbab5b05727ef4da6b7358e31df7d8defbcd2c3786affb.jpg,e6652ce13a72d5fe89bbab5b05727ef4da6b7358e31df7d8defbcd2c3786affb,E,0,Miner/1 (12844).jpg
images/e667569a0a145a08ab6e295077fcfd2db24b2d604870efd6e84d2d539ec99eb9.jpg,e667569a0a145a08ab6e295077fcfd2db24b2d604870efd6e84d2d539ec99eb9,B,0,Leaf rust/2 (939).jpg
images/e66781a960222bb6d5c8359ff78242a50b9ea94cf2826bb4bca044ab0503e1f0.jpg,e66781a960222bb6d5c8359ff78242a50b9ea94cf2826bb4bca044ab0503e1f0,B,0,Leaf rust/2 (930).jpg
images/e66904c1d46879635fa365640e2fd997b8eb88369afedd1d213f1e81642d25b5.jpg,e66904c1d46879635fa365640e2fd997b8eb88369afedd1d213f1e81642d25b5,E,0,Miner/1 (10724).jpg
images/e66943b4c5c9c31e6494dbc6be4b83495ad2285dc3ae2d93d27fc7b089b4e662.jpg,e66943b4c5c9c31e6494dbc6be4b83495ad2285dc3ae2d93d27fc7b089b4e662,E,0,Miner/1 (12008).jpg
images/e691d64859aedffb141e556a481f253d30449da761baaa2394c5dbb84592da81.jpg,e691d64859aedffb141e556a481f253d30449da761baaa2394c5dbb84592da81,E,0,Miner/1 (10547).jpg
images/e6a775ec1ab09f7ce0bc6b2dee2cdaf05dc497778853f01ff6f1ef6e01d083d6.jpg,e6a775ec1ab09f7ce0bc6b2dee2cdaf05dc497778853f01ff6f1ef6e01d083d6,E,0,Miner/1 (14124).jpg
images/e6c1194fcae844a0dbf064d4cc5a8c4367c0895bfebac657e928d4f355951a81.jpg,e6c1194fcae844a0dbf064d4cc5a8c4367c0895bfebac657e928d4f355951a81,E,0,Miner/1 (10674).jpg
images/e6df23c811ffb613bd9974cf45c911d6d58986c0a33ff2176316dd4fc8a97cad.jpg,e6df23c811ffb613bd9974cf45c911d6d58986c0a33ff2176316dd4fc8a97cad,B,0,Leaf rust/2 (923).jpg
images/e6e0584e6f650b8cc5b7709ae7afa0f7c41166eb14c326508c2ab57cd8622444.jpg,e6e0584e6f650b8cc5b7709ae7afa0f7c41166eb14c326508c2ab57cd8622444,B,0,Leaf rust/2 (1016).jpg
images/e6f758e51f7618928da52f4bec7a28f5072fd5c742ee2da75a410edf8651f09c.jpg,e6f758e51f7618928da52f4bec7a28f5072fd5c742ee2da75a410edf8651f09c,B,0,Leaf rust/1 (354).jpg
images/e709be8bc2a185e9a0c82accf23ec78d64685bc37e1a5a492703a0f36c32ca05.jpg,e709be8bc2a185e9a0c82accf23ec78d64685bc37e1a5a492703a0f36c32ca05,E,0,Miner/1 (11119).jpg
images/e719c9f862cff014c55ca116fe1f9a13aa89ce8e9e8443a02cfbddc4caec3afe.jpg,e719c9f862cff014c55ca116fe1f9a13aa89ce8e9e8443a02cfbddc4caec3afe,B,0,Leaf rust/2 (566).jpg
images/e7206af71631d7d55e0444cfd702b4b45b69cc88a23df2d6b4d2dd5415994751.jpg,e7206af71631d7d55e0444cfd702b4b45b69cc88a23df2d6b4d2dd5415994751,E,0,Miner/1 (10759).jpg
images/e7336d250e30b87e1a7398de8c44c94b8e3237af84b1f144ea911254c7172f3b.jpg,e7336d250e30b87e1a7398de8c44c94b8e3237af84b1f144ea911254c7172f3b,B,0,Leaf rust/2 (519).jpg
images/e78c3b3d47a40b54a6751e4a26f104ad2db67ccb91ded052552b96a3c3276418.jpg,e78c3b3d47a40b54a6751e4a26f104ad2db67ccb91ded052552b96a3c3276418,E,0,Miner/1 (10753).jpg
images/e7931d5a26540db4263fd787bb8fe78bc238594b7b7da5cda9ad6b1744c41720.jpg,e7931d5a26540db4263fd787bb8fe78bc238594b7b7da5cda9ad6b1744c41720,E,0,Miner/1 (12736).jpg
images/e798859c4c4e0cf7d5678ee888c347df210a64f43095b505e1b361a0aab7b9f4.jpg,e798859c4c4e0cf7d5678ee888c347df210a64f43095b505e1b361a0aab7b9f4,E,0,Miner/1 (11518).jpg
images/e7a2e9a5b61eca18358ce9e54809be581c6fc29253593236297678ae79f3e7eb.jpg,e7a2e9a5b61eca18358ce9e54809be581c6fc29253593236297678ae79f3e7eb,D,0,Phoma/3 (1057).jpg
images/e817b1e13e3be04504ea0f1a55f458fe5dac6cd7a889099fb8850c2f8eefde37.jpg,e817b1e13e3be04504ea0f1a55f458fe5dac6cd7a889099fb8850c2f8eefde37,B,0,Leaf rust/2 (965).jpg
images/e831a58d7649bc1af0163fac5540470d1865ba26d9a259c446e10a36ad600a64.jpg,e831a58d7649bc1af0163fac5540470d1865ba26d9a259c446e10a36ad600a64,E,0,Miner/1 (12669).jpg
images/e8651d4018072a09983658f2a76efe986c4c8b20cf6e99736444ccc8eddc8372.jpg,e8651d4018072a09983658f2a76efe986c4c8b20cf6e99736444ccc8eddc8372,E,0,Miner/1 (12700).jpg
images/e892b9a3dcf4a3c536583ca175a9b5412ada09bc8908fb97d069a0aedb5bb6c8.jpg,e892b9a3dcf4a3c536583ca175a9b5412ada09bc8908fb97d069a0aedb5bb6c8,E,0,Miner/1 (14671).jpg
images/e8e2f307fc0b4006dcc7cb25ece8127576b7f286d8a40c8cebd32c75ed8e8813.jpg,e8e2f307fc0b4006dcc7cb25ece8127576b7f286d8a40c8cebd32c75ed8e8813,B,0,Leaf rust/1 (351).jpg
images/e93c66ab87e4655b24857f6302830667d5c0b699fa95ebe0554b406db1a8fb8e.jpg,e93c66ab87e4655b24857f6302830667d5c0b699fa95ebe0554b406db1a8fb8e,D,0,Phoma/1 (915).jpg
images/e963c85afbdebb186119b286c9f86a0421457d333171b89d9a59db12e2b84d36.jpg,e963c85afbdebb186119b286c9f86a0421457d333171b89d9a59db12e2b84d36,B,0,Leaf rust/1 (325).jpg
images/e97d0bf45b521e1cfffae510c2956d1ed424ebae185be22c6a9488dcbe8ff017.jpg,e97d0bf45b521e1cfffae510c2956d1ed424ebae185be22c6a9488dcbe8ff017,B,0,Leaf rust/1 (213).jpg
images/e9982e540cb353b85a99181fc3ea8ae500223b4ef7e5267ff73d450f29c09be7.jpg,e9982e540cb353b85a99181fc3ea8ae500223b4ef7e5267ff73d450f29c09be7,E,0,Miner/1 (13837).jpg
images/e998a2191e93c2c8eec4c1d1ec3818241b48215984d8d02d7820b7ffe2c07211.jpg,e998a2191e93c2c8eec4c1d1ec3818241b48215984d8d02d7820b7ffe2c07211,E,0,Miner/1 (15359).jpg
images/e99d03094ce18e1ee0b4627b7dc7d6390ff0e2d99774a1953025bc22ffdd8bb0.jpg,e99d03094ce18e1ee0b4627b7dc7d6390ff0e2d99774a1953025bc22ffdd8bb0,E,0,Miner/1 (13420).jpg
images/e9c26e556ef5404281be87f8cd59925311e2857769e28b9599b2e885a3a49b88.jpg,e9c26e556ef5404281be87f8cd59925311e2857769e28b9599b2e885a3a49b88,E,0,Miner/1 (14176).jpg
images/e9ccc243c1e3f2961229bf53a85db9ac05fad655ff36677e2668818687d5b3f4.jpg,e9ccc243c1e3f2961229bf53a85db9ac05fad655ff36677e2668818687d5b3f4,E,0,Miner/1 (10315).jpg
images/e9ce648941e815d5d2e16e1a95ec948e0d1413a1bf7f3a000bd5a274488cf3ea.jpg,e9ce648941e815d5d2e16e1a95ec948e0d1413a1bf7f3a000bd5a274488cf3ea,D,0,Phoma/3 (1052).jpg
images/e9d64947672490b4fc1c4567ca2d322fb567549cef77963e619d478e87e97060.jpg,e9d64947672490b4fc1c4567ca2d322fb567549cef77963e619d478e87e97060,B,0,Leaf rust/1 (72).jpg
images/e9e6a8569aac793ff31670d91ed364d96ae3cf1d35584143ca6051657a2fdb70.jpg,e9e6a8569aac793ff31670d91ed364d96ae3cf1d35584143ca6051657a2fdb70,E,0,Miner/1 (11575).jpg
images/ea0e9f2eabb0157801972f40e4d5e451e989b6b515c32b3b90faf91f9184ba54.jpg,ea0e9f2eabb0157801972f40e4d5e451e989b6b515c32b3b90faf91f9184ba54,C,1,Cerscospora/8 (188).jpg
images/ea6a482394b7b2e70863be9029986f8ba3058df4c0a531fb6de218dbc61513c6.jpg,ea6a482394b7b2e70863be9029986f8ba3058df4c0a531fb6de218dbc61513c6,B,0,Leaf rust/1 (414).jpg
images/ea8527afe64fb7e3849e876ae6b2d212f96e6c56f62028741d026c20fe9fdfea.jpg,ea8527afe64fb7e3849e876ae6b2d212f96e6c56f62028741d026c20fe9fdfea,E,0,Miner/1 (11856).jpg
images/ea943345ccb90a75417e19b4f974a940406b0d1ae6f933da18a39c87aae98abe.jpg,ea943345ccb90a75417e19b4f974a940406b0d1ae6f933da18a39c87aae98abe,B,0,Leaf rust/1 (121).jpg
images/eabbd315c9001b5825cc184064b3f456c13c68c4aee7a6f928c200cba35f2a7c.jpg,eabbd315c9001b5825cc184064b3f456c13c68c4aee7a6f928c200cba35f2a7c,E,0,Miner/1 (14088).jpg
images/eabf038a9126ded91e88c5d50be77e5af583dc36479e0d52ae438fbd0d752ecb.jpg,eabf038a9126ded91e88c5d50be77e5af583dc36479e0d52ae438fbd0d752ecb,B,0,Leaf rust/2 (672).jpg
images/eac0d0eb3d53c83a68d619676e273097f778167e0a491a8f3bc4f7915eb6a41d.jpg,eac0d0eb3d53c83a68d619676e273097f778167e0a491a8f3bc4f7915eb6a41d,B,0,Leaf rust/2 (524).jpg
images/eac22322a5b4830a3ff57f3b080f1b1ae838fa673ff83993e84a43e1b343c066.jpg,eac22322a5b4830a3ff57f3b080f1b1ae838fa673ff83993e84a43e1b343c066,E,0,Miner/1 (10118).jpg
images/eac36b003e3016fd22f2962cb9d5fc78c8f29133fad13e6dc13dcb79ec8f2c79.jpg,eac36b003e3016fd22f2962cb9d5fc78c8f29133fad13e6dc13dcb79ec8f2c79,E,0,Miner/1 (11877).jpg
images/eacce118fca07c828ad0a0e7f78ffda06cd77a032200d2dfd85400f9de2716b1.jpg,eacce118fca07c828ad0a0e7f78ffda06cd77a032200d2dfd85400f9de2716b1,B,0,Leaf rust/1 (1).jpeg
images/eace50b1a02b2b6b1a1f7770039ce715055d0bd790f75a2e10636d3da8a3a5da.jpg,eace50b1a02b2b6b1a1f7770039ce715055d0bd790f75a2e10636d3da8a3a5da,D,0,Phoma/3 (1462).jpg
images/eacecb3876eb31e794af3a31602559a8aa2fee7d2275a8872b925072c30d9145.jpg,eacecb3876eb31e794af3a31602559a8aa2fee7d2275a8872b925072c30d9145,B,0,Leaf rust/1 (291).jpg
images/eaec0a3638f1bcdd7f02c932fdd28c9a73b8dc66c4c055351d268f22bdbe01b2.jpg,eaec0a3638f1bcdd7f02c932fdd28c9a73b8dc66c4c055351d268f22bdbe01b2,E,0,Miner/1 (14706).jpg
images/eb04f1c4f0035fb25554572eb89e94bd2f6b97c260b2cdc3842e3922573a1d68.jpg,eb04f1c4f0035fb25554572eb89e94bd2f6b97c260b2cdc3842e3922573a1d68,C,1,Cerscospora/6 (486).jpg
images/eb1e88003bedc9c3db99533017445f45e67070a18ed88be4603308b3cf47efaa.jpg,eb1e88003bedc9c3db99533017445f45e67070a18ed88be4603308b3cf47efaa,B,0,Leaf rust/2 (551).jpg
images/eb207f125dfed960898622abe6126dd3f7708f8ede7a65dab27fa2867db50ea4.jpg,eb207f125dfed960898622abe6126dd3f7708f8ede7a65dab27fa2867db50ea4,E,0,Miner/1 (13646).jpg
images/eb2bbf5f147efca68e3c0032320687ebbf2ff472734ce783a1ad74800627455f.jpg,eb2bbf5f147efca68e3c0032320687ebbf2ff472734ce783a1ad74800627455f,D,0,Phoma/1 (24).jpg
images/eb2e60fccae6910302a13613c21a968dfe2be41f31c59d68f51e9c925f9ecb54.jpg,eb2e60fccae6910302a13613c21a968dfe2be41f31c59d68f51e9c925f9ecb54,B,0,Leaf rust/2 (808).jpg
images/eb4f6cc1ecca1151f809c74a79e2983b90174ae1e66be52f1af8afabdd56a934.jpg,eb4f6cc1ecca1151f809c74a79e2983b90174ae1e66be52f1af8afabdd56a934,E,0,Miner/1 (14969).jpg
images/eb6ea2185fad0feeb8d1fee0af884e97ff1543a7df4e22efb452387b66357788.jpg,eb6ea2185fad0feeb8d1fee0af884e97ff1543a7df4e22efb452387b66357788,D,0,Phoma/1 (106).jpg
images/eb71c95ecb79379919e08b0a0edb52d8d2cf69c8f5b89c3c37d7ce0c67264990.jpg,eb71c95ecb79379919e08b0a0edb52d8d2cf69c8f5b89c3c37d7ce0c67264990,D,0,Phoma/1 (863).jpg
images/eb7aeff0dd696914a3a47fdb551ad93e246464e71a0f289b2c18bb2ad2e762c5.jpg,eb7aeff0dd696914a3a47fdb551ad93e246464e71a0f289b2c18bb2ad2e762c5,B,0,Leaf rust/1 (25).jpg
images/eb7d479c2a737a7678b19c35bde37f7e3f84114f0ce356ea40127908f87dbd73.jpg,eb7d479c2a737a7678b19c35bde37f7e3f84114f0ce356ea40127908f87dbd73,B,0,Leaf rust/1 (74).jpg
images/eb8e7e5af07636cf7067549d5f128f04397248dc9ee6fe5c162c65e665d5445a.jpg,eb8e7e5af07636cf7067549d5f128f04397248dc9ee6fe5c162c65e665d5445a,E,0,Miner/1 (10123).jpg
images/eb920aefe76343be2101c0f65dd5bf1ec7f3b700d77643226b2aca74476853dc.jpg,eb920aefe76343be2101c0f65dd5bf1ec7f3b700d77643226b2aca74476853dc,E,0,Miner/1 (10046).jpg
images/eb9e950f1fecdd74964e7cafd4fe922e657db2958cd9c3c671bc7bdb6e69e06b.jpg,eb9e950f1fecdd74964e7cafd4fe922e657db2958cd9c3c671bc7bdb6e69e06b,B,0,Leaf rust/1 (1).jpg
images/ebc3f8971b6b6f0888464081be8f518896d799a2f5485c5f44004f3ae09352f5.jpg,ebc3f8971b6b6f0888464081be8f518896d799a2f5485c5f44004f3ae09352f5,D,0,Phoma/3 (1456).jpg
images/ebe0570fa21c93d4262b1a14c72b745b1ece6dae178c4318f56b94ada0ddbc61.jpg,ebe0570fa21c93d4262b1a14c72b745b1ece6dae178c4318f56b94ada0ddbc61,D,0,Phoma/1 (260).jpg
images/ebe5b7ee266d858282ee689c6a3c70220beb2edd0bc8903d0d22c85cfbb5d054.jpg,ebe5b7ee266d858282ee689c6a3c70220beb2edd0bc8903d0d22c85cfbb5d054,C,1,Cerscospora/6 (485).jpg
images/ebe8ce6dd77f8cafef866f4a973c4f1c6648a7b244878b9b95e9dede26900b86.jpg,ebe8ce6dd77f8cafef866f4a973c4f1c6648a7b244878b9b95e9dede26900b86,B,0,Leaf rust/1 (284).jpg
images/ebf868366eca77dca02d350c906abda58596546004ad66533829c80377adc1cb.jpg,ebf868366eca77dca02d350c906abda58596546004ad66533829c80377adc1cb,E,0,Miner/1 (14258).jpg
images/ec1fdf64cff6cc3b9ef90de5b5ca90cb14dc186a5f76348d1015582470252d7d.jpg,ec1fdf64cff6cc3b9ef90de5b5ca90cb14dc186a5f76348d1015582470252d7d,C,1,Cerscospora/4 (190).jpg
images/ec47756a90cfd980f665cb92d31288cfd628c43518a39d4fc21e92e6b80ff454.jpg,ec47756a90cfd980f665cb92d31288cfd628c43518a39d4fc21e92e6b80ff454,E,0,Miner/1 (10043).jpg
images/ec5f617832c7f732c99260e72a60b76960080285c8abb365ec6925f352f6faba.jpg,ec5f617832c7f732c99260e72a60b76960080285c8abb365ec6925f352f6faba,B,0,Leaf rust/2 (891).jpg
images/ec67ca79d11acd6ca73a3d20d3a2b4765f488558418c8f5df8840c624941a9a5.jpg,ec67ca79d11acd6ca73a3d20d3a2b4765f488558418c8f5df8840c624941a9a5,E,0,Miner/1 (14308).jpg
images/ec74a55c094c6856a863eeb1576cc4dcda16afd7d4694623d7aad34dad86c55f.jpg,ec74a55c094c6856a863eeb1576cc4dcda16afd7d4694623d7aad34dad86c55f,D,0,Phoma/4 (374).jpg
images/ec756bbae5f5481f6cf53755ca1f38354f3d8778acecaf774c82d0247267ab69.jpg,ec756bbae5f5481f6cf53755ca1f38354f3d8778acecaf774c82d0247267ab69,E,0,Miner/1 (13859).jpg
images/ec8b4e5649d72dd6a4f4219d39ce3c2bc0f215408d170582e88e58a4aaddb65b.jpg,ec8b4e5649d72dd6a4f4219d39ce3c2bc0f215408d170582e88e58a4aaddb65b,E,0,Miner/1 (13838).jpg
images/ec8ffa2981047f5a64c96d1fdddb931e6c040c3ff9490fcde1f73cad3b7caba1.jpg,ec8ffa2981047f5a64c96d1fdddb931e6c040c3ff9490fcde1f73cad3b7caba1,E,0,Miner/1 (11778).jpg
images/ecaf41a2455860de753755f66cd8d2b3b5fdc380d2f927b84543259ed2fb6be2.jpg,ecaf41a2455860de753755f66cd8d2b3b5fdc380d2f927b84543259ed2fb6be2,B,0,Leaf rust/2 (712).jpg
images/ecb2c8765f1ea996fe754ce7240a680a2a886dcdd522c81dd5ffa8431154c21d.jpg,ecb2c8765f1ea996fe754ce7240a680a2a886dcdd522c81dd5ffa8431154c21d,D,0,Phoma/4 (297).jpg
images/ecc9f949590270035ca3bdc3789319950f11e9f9fd73c963541c1daf184b78ca.jpg,ecc9f949590270035ca3bdc3789319950f11e9f9fd73c963541c1daf184b78ca,E,0,Miner/1 (11709).jpg
images/ecd68d0d4e7bda01e713d134a1e1ee4b4d2210c4d98aea110e4cfb70b11761d0.jpg,ecd68d0d4e7bda01e713d134a1e1ee4b4d2210c4d98aea110e4cfb70b11761d0,E,0,Miner/1 (12532).jpg
images/ece88171f415dae07dd0771585c57f97049753fdca5c4a8d56f627ee14bd626f.jpg,ece88171f415dae07dd0771585c57f97049753fdca5c4a8d56f627ee14bd626f,E,0,Miner/1 (11704).jpg
images/ed07c3dc26c223af762c9576f1569a0b50d6d741dc224eabea0dbb06da20b2b1.jpg,ed07c3dc26c223af762c9576f1569a0b50d6d741dc224eabea0dbb06da20b2b1,E,0,Miner/1 (13762).jpg
images/ed153b0857fad845ea776d924d39c009723e5a1e3b1ae57845123fe624781307.jpg,ed153b0857fad845ea776d924d39c009723e5a1e3b1ae57845123fe624781307,D,0,Phoma/4 (565).jpg
images/ed19b8412b517774e3e0a942eac08dfd4818aca690acaa70acef0d50be543367.jpg,ed19b8412b517774e3e0a942eac08dfd4818aca690acaa70acef0d50be543367,D,0,Phoma/6 (883).jpg
images/ed1d007ea297a8bd832bd9a7117589564394db2af58198e58985e8ea33ffd1cb.jpg,ed1d007ea297a8bd832bd9a7117589564394db2af58198e58985e8ea33ffd1cb,D,0,Phoma/2 (562).jpg
images/ed258a7f7a725be8cd1871c94c9919440f81276db1195170d457bd74f8943f8f.jpg,ed258a7f7a725be8cd1871c94c9919440f81276db1195170d457bd74f8943f8f,E,0,Miner/1 (15531).jpg
images/ed2a6b97dda70c874e805c3248ed084c9bb10d4c7335b1fa5da9a01767c97ef3.jpg,ed2a6b97dda70c874e805c3248ed084c9bb10d4c7335b1fa5da9a01767c97ef3,B,0,Leaf rust/1 (221).jpg
images/ed3a1518f7133a6c438fedebe86fbc1fa691561c03ba94a31e98a83d6314adaf.jpg,ed3a1518f7133a6c438fedebe86fbc1fa691561c03ba94a31e98a83d6314adaf,E,0,Miner/1 (15362).jpg
images/ed4fe304d73a4d3d3c376713677210efba03f1e091f2aa6b7ecab98450e90086.jpg,ed4fe304d73a4d3d3c376713677210efba03f1e091f2aa6b7ecab98450e90086,E,0,Miner/1 (11919).jpg
images/ed74fcd8776c3c2f348b0185bc6cfdad08e369db481e9261c299076053fe1dc2.jpg,ed74fcd8776c3c2f348b0185bc6cfdad08e369db481e9261c299076053fe1dc2,C,1,Cerscospora/4 (1027).jpg
images/ed880284bba62f6fecd1c5ec8ea8782a8797144b946c7304765a4ddcf80c9ed5.jpg,ed880284bba62f6fecd1c5ec8ea8782a8797144b946c7304765a4ddcf80c9ed5,E,0,Miner/1 (11380).jpg
images/ed9e34e0ebf9bef1c6f9149db6aa865172a548c2222db528cd73ddfcedaceae8.jpg,ed9e34e0ebf9bef1c6f9149db6aa865172a548c2222db528cd73ddfcedaceae8,B,0,Leaf rust/1 (433).jpg
images/eda0a244ddf48197e2d533e6685ae54a2f3f6fd5ca0b5fcd058706ad9a8b0cd2.jpg,eda0a244ddf48197e2d533e6685ae54a2f3f6fd5ca0b5fcd058706ad9a8b0cd2,D,0,Phoma/1 (587).jpg
images/ee02f674d4a770e58ed6cb5843022d671944f27c21e0c626d7bcfacf664fd619.jpg,ee02f674d4a770e58ed6cb5843022d671944f27c21e0c626d7bcfacf664fd619,C,1,Cerscospora/7 (675).jpg
images/ee1128b66aaf9c4d8dbfa1683bd378555575e351a704b99d6919983732428854.jpg,ee1128b66aaf9c4d8dbfa1683bd378555575e351a704b99d6919983732428854,C,1,Cerscospora/7 (868).jpg
images/ee28feb1a2b54a381c9150023024c775ab714c8b5b1b88af621bef850ed5a815.jpg,ee28feb1a2b54a381c9150023024c775ab714c8b5b1b88af621bef850ed5a815,E,0,Miner/1 (14973).jpg
images/ee2a3845bbe96902213b6a53642fbed1e893d17f2188a9a83c0d9e133fa11d57.jpg,ee2a3845bbe96902213b6a53642fbed1e893d17f2188a9a83c0d9e133fa11d57,E,0,Miner/1 (12000).jpg
images/ee38671609f735ea0f187cb6af7ab15d35142d091a094bb8fb5c2ca29414ce3b.jpg,ee38671609f735ea0f187cb6af7ab15d35142d091a094bb8fb5c2ca29414ce3b,D,0,Phoma/2 (21).jpg
images/ee40aaa06d134e73210913e75a15e78803cc295c42b7ea97113510f40ded22e8.jpg,ee40aaa06d134e73210913e75a15e78803cc295c42b7ea97113510f40ded22e8,B,0,Leaf rust/2 (875).jpg
images/ee51c0a84810ebfa0acadde772f2e680e6c26bce06d9be583c1e9cc75dcef4fb.jpg,ee51c0a84810ebfa0acadde772f2e680e6c26bce06d9be583c1e9cc75dcef4fb,B,0,Leaf rust/2 (976).jpg
images/ee631d4c2a0641c449b97b68661ceba1d7d57b80ac22244d5be044089aa7b01a.jpg,ee631d4c2a0641c449b97b68661ceba1d7d57b80ac22244d5be044089aa7b01a,B,0,Leaf rust/1 (196).jpg
images/ee70d02bac51c5f0ec88d8e018b9b34018fe952336324c17fd15b4787e72fd49.jpg,ee70d02bac51c5f0ec88d8e018b9b34018fe952336324c17fd15b4787e72fd49,E,0,Miner/1 (10035).jpg
images/ee7dcf22142f5fd2f99a8d356bc9ac6876496fc0451454845d6762886722b1ea.jpg,ee7dcf22142f5fd2f99a8d356bc9ac6876496fc0451454845d6762886722b1ea,B,0,Leaf rust/2 (782).jpg
images/ee8406066b5715f70a763ed6c5645d350b0c224fbf65ce0c402d774a4de47d82.jpg,ee8406066b5715f70a763ed6c5645d350b0c224fbf65ce0c402d774a4de47d82,D,0,Phoma/3 (1087).jpg
images/ee938de0aae627340bb7c3d4e7d8dc01efbf50572ace37f1f8cd279ff0c7ee7b.jpg,ee938de0aae627340bb7c3d4e7d8dc01efbf50572ace37f1f8cd279ff0c7ee7b,E,0,Miner/1 (11777).jpg
images/ee96de0b31834aebf5998751b22fd93bf9a50fdd11244b49f6bf7e5c0a619cbb.jpg,ee96de0b31834aebf5998751b22fd93bf9a50fdd11244b49f6bf7e5c0a619cbb,D,0,Phoma/1 (373).jpg
images/eea1fa7d9e52d85bfe7749bd33d86900dcd3c5a7d21f89adc32331816e9fb7d0.jpg,eea1fa7d9e52d85bfe7749bd33d86900dcd3c5a7d21f89adc32331816e9fb7d0,D,0,Phoma/3 (1009).jpg
images/eea6c3d2ce0aa453d7ea8808ff7cd02a88928ebf4c2b69df09fdf7990e60b8bd.jpg,eea6c3d2ce0aa453d7ea8808ff7cd02a88928ebf4c2b69df09fdf7990e60b8bd,B,0,Leaf rust/1 (273).jpg
images/eec27eaaa8b635bc8adf1749974e6f421e596d8bc8ee3861718342f18279754a.jpg,eec27eaaa8b635bc8adf1749974e6f421e596d8bc8ee3861718342f18279754a,D,0,Phoma/3 (1337).jpg
images/eed5b69a0cf9beabb9ae1a05e33ab07f1982898f839590e6fb8abfe203e45589.jpg,eed5b69a0cf9beabb9ae1a05e33ab07f1982898f839590e6fb8abfe203e45589,E,0,Miner/1 (10343).jpg
images/eed99bb331bfbfccb194bd2cd85d575ab582d408910df02b0dc3b207e65af156.jpg,eed99bb331bfbfccb194bd2cd85d575ab582d408910df02b0dc3b207e65af156,E,0,Miner/1 (10142).jpg
images/eedf4a6b3ed525c7f364ed481aee989ad7352b9393b227a3502485733c9dcf0f.jpg,eedf4a6b3ed525c7f364ed481aee989ad7352b9393b227a3502485733c9dcf0f,E,0,Miner/1 (10715).jpg
images/eefc77514b3a629564d3d1ffdb2663dbfff9cfddd7c108084f34319b0feeadf2.jpg,eefc77514b3a629564d3d1ffdb2663dbfff9cfddd7c108084f34319b0feeadf2,D,0,Phoma/4 (182).jpg
images/ef134d95c250e00128a1d6fbc8b58a4181b9842a429ad5fc76dbda14c6cfa863.jpg,ef134d95c250e00128a1d6fbc8b58a4181b9842a429ad5fc76dbda14c6cfa863,D,0,Phoma/2 (485).jpg
images/ef2f81c0ec89f93a347af548b4efa61cec242b0fb8601a753eae7dba62de3d0b.jpg,ef2f81c0ec89f93a347af548b4efa61cec242b0fb8601a753eae7dba62de3d0b,E,0,Miner/1 (10007).jpg
images/ef3999b8f62b0e7b89753b75366aaabd82fca179561b1d34ccd90c9581332444.jpg,ef3999b8f62b0e7b89753b75366aaabd82fca179561b1d34ccd90c9581332444,E,0,Miner/1 (10764).jpg
images/ef44d9e14534c7331b342299a04d73133c793a0dbfd904c790de449209103c9b.jpg,ef44d9e14534c7331b342299a04d73133c793a0dbfd904c790de449209103c9b,E,0,Miner/1 (13588).jpg
images/ef68ff4e919afcdbf9701ca9198591db287d250cfb0cf2954ea318f6228cc54c.jpg,ef68ff4e919afcdbf9701ca9198591db287d250cfb0cf2954ea318f6228cc54c,D,0,Phoma/1 (525).jpg
images/ef70cc3e6693861e0f7da79c2359c34e2f130ff19a153897b849a66b84c71fa5.jpg,ef70cc3e6693861e0f7da79c2359c34e2f130ff19a153897b849a66b84c71fa5,B,0,Leaf rust/1 (253).jpg
images/ef80c7577da94e593feb6d4d3d1d148bc6706b6d4ec9fea573b2a853f724e348.jpg,ef80c7577da94e593feb6d4d3d1d148bc6706b6d4ec9fea573b2a853f724e348,B,0,Leaf rust/1 (238).jpg
images/ef9588ee7e30a2013cd072747f3e2e584f41e805f29722843ed15c53afb680fb.jpg,ef9588ee7e30a2013cd072747f3e2e584f41e805f29722843ed15c53afb680fb,C,1,Cerscospora/4 (1048).jpg
images/efbc94d1f33da078ab48248496bd904c26eef3f8038c3145259535a114074478.jpg,efbc94d1f33da078ab48248496bd904c26eef3f8038c3145259535a114074478,B,0,Leaf rust/2 (718).jpg
images/efd63021159a55204502776e1a92135d4763ead4d50a1822d86c082ab5f1cdc8.jpg,efd63021159a55204502776e1a92135d4763ead4d50a1822d86c082ab5f1cdc8,E,0,Miner/1 (14667).jpg
images/efe545ef862e8793841ecb4087597a41220571df0f4fbe7416181852fbc234e1.jpg,efe545ef862e8793841ecb4087597a41220571df0f4fbe7416181852fbc234e1,E,0,Miner/1 (15538).jpg
images/eff6e8634aeda9fe426b148f92a506f479f51b6a93d1dd3525251773ffa01255.jpg,eff6e8634aeda9fe426b148f92a506f479f51b6a93d1dd3525251773ffa01255,B,0,Leaf rust/2 (13).jpeg
images/f01dde578acaa1f3ea8395b370a65883e07d530efda7b9111fcc9d7654745b1e.jpg,f01dde578acaa1f3ea8395b370a65883e07d530efda7b9111fcc9d7654745b1e,E,0,Miner/1 (12593).jpg
images/f01ea03e3c21f2374fb30b2adce90ffd175f30724d767ced2f41da955cbd295b.jpg,f01ea03e3c21f2374fb30b2adce90ffd175f30724d767ced2f41da955cbd295b,E,0,Miner/1 (13561).jpg
images/f02414fbb17c91cae8188c798b7fef98ce3f8426c658ed492c0f76e6752f0150.jpg,f02414fbb17c91cae8188c798b7fef98ce3f8426c658ed492c0f76e6752f0150,D,0,Phoma/2 (105).jpg
images/f02b462df22e8cb6a0ff94de93a2ba9f0fb685ce1843652b5b273a2ac5ce7311.jpg,f02b462df22e8cb6a0ff94de93a2ba9f0fb685ce1843652b5b273a2ac5ce7311,E,0,Miner/1 (12041).jpg
images/f02b563eaee167ba43d48b9c2220496b683315cb2167238da48fd7e490e91c68.jpg,f02b563eaee167ba43d48b9c2220496b683315cb2167238da48fd7e490e91c68,E,0,Miner/1 (11682).jpg
images/f02fe14f6d42b84ad3c166d5c607fe620d3a678daa5e76a45d394e3911531987.jpg,f02fe14f6d42b84ad3c166d5c607fe620d3a678daa5e76a45d394e3911531987,E,0,Miner/1 (11720).jpg
images/f048814e3202808537512dfcae6e4648a322d96921b93fd817a821a43262445d.jpg,f048814e3202808537512dfcae6e4648a322d96921b93fd817a821a43262445d,D,0,Phoma/2 (625).jpg
images/f05655596ce22852498709e8506a0247efef2515e3be3830408b27f07b0117c3.jpg,f05655596ce22852498709e8506a0247efef2515e3be3830408b27f07b0117c3,E,0,Miner/1 (13999).jpg
images/f05799400eb9e0caf73d5992822bf60e68b183261519003e4b3c5fb1050eec04.jpg,f05799400eb9e0caf73d5992822bf60e68b183261519003e4b3c5fb1050eec04,B,0,Leaf rust/1 (132).jpg
images/f058f1becdd17c71ad4bbf708d2caa812c2163206436dce54cd2144ca2bfb818.jpg,f058f1becdd17c71ad4bbf708d2caa812c2163206436dce54cd2144ca2bfb818,E,0,Miner/1 (13644).jpg
images/f077a1c6fc2bd2b8fa5ed5d6cad16b6d1cc4e789e3a35bada4c3cff5d7b8edcf.jpg,f077a1c6fc2bd2b8fa5ed5d6cad16b6d1cc4e789e3a35bada4c3cff5d7b8edcf,B,0,Leaf rust/2 (981).jpg
images/f07a6c6d156f3bd54a012aa5f4fb9efa19a7d653c261700d9515d6667e75b836.jpg,f07a6c6d156f3bd54a012aa5f4fb9efa19a7d653c261700d9515d6667e75b836,E,0,Miner/1 (10242).jpg
images/f084b0e4eb74955e123f01bca11f59f61b927c7069331fd9a54f89579346a457.jpg,f084b0e4eb74955e123f01bca11f59f61b927c7069331fd9a54f89579346a457,D,0,Phoma/2 (482).jpg
images/f09398545aeaee63a19f0742643ddc01ef2aaeaddbe25d7327374e84c0de51ff.jpg,f09398545aeaee63a19f0742643ddc01ef2aaeaddbe25d7327374e84c0de51ff,B,0,Leaf rust/1 (265).jpg
images/f0bdf04c9fc2983b4aeab94bb28ada849e5b3971813804dfe317d99dd9c2cf57.jpg,f0bdf04c9fc2983b4aeab94bb28ada849e5b3971813804dfe317d99dd9c2cf57,D,0,Phoma/3 (1386).jpg
images/f0f0064aba7d3b3ff77c2f01e0f18b78b11889061d41db7cb06e38d84450520c.jpg,f0f0064aba7d3b3ff77c2f01e0f18b78b11889061d41db7cb06e38d84450520c,B,0,Leaf rust/2 (814).jpg
images/f11327e643271505d0e8b33f54476c535fcb4277d84ed217c05d7831548e126c.jpg,f11327e643271505d0e8b33f54476c535fcb4277d84ed217c05d7831548e126c,E,0,Miner/1 (14995).jpg
images/f1274b86d370ac5991b1d52ebd7b8233254302d4a274fffbbcb6fc506e7c8bd6.jpg,f1274b86d370ac5991b1d52ebd7b8233254302d4a274fffbbcb6fc506e7c8bd6,C,1,Cerscospora/7 (796).jpg
images/f16030a5345071c52bd2f95d537720034c9f30be1c83dd17b5e182e1bab3e461.jpg,f16030a5345071c52bd2f95d537720034c9f30be1c83dd17b5e182e1bab3e461,C,1,Cerscospora/7 (287).jpg
images/f168efc22a59c4d893dd5396a16971d4ccc07833a5da8b371a4457d814251ed2.jpg,f168efc22a59c4d893dd5396a16971d4ccc07833a5da8b371a4457d814251ed2,C,1,Cerscospora/4 (1012).jpg
images/f171279a44bc9b37550f906aef97352966ecb1f962171d5df283493cba87c291.jpg,f171279a44bc9b37550f906aef97352966ecb1f962171d5df283493cba87c291,D,0,Phoma/2 (334).jpg
images/f17b9c70a5610e2771c4f813e12fe8f162d9687f9d6d20334afec8859284255e.jpg,f17b9c70a5610e2771c4f813e12fe8f162d9687f9d6d20334afec8859284255e,D,0,Phoma/4 (219).jpg
images/f17d2af88f218c2a9425b374a7c77b39f3da80036da9f589c4637d6206b0f796.jpg,f17d2af88f218c2a9425b374a7c77b39f3da80036da9f589c4637d6206b0f796,D,0,Phoma/4 (811).jpg
images/f1dda95e8fd343893ab994964f52b2e4d4f157294279a46eed9f10daf0f56c6b.jpg,f1dda95e8fd343893ab994964f52b2e4d4f157294279a46eed9f10daf0f56c6b,B,0,Leaf rust/1 (59).jpg
images/f2000446a992d9ccd46c747b0b74af9fd744c1c36fa04399aadbf67d49d94b4c.jpg,f2000446a992d9ccd46c747b0b74af9fd744c1c36fa04399aadbf67d49d94b4c,E,0,Miner/1 (10354).jpg
images/f21eb72efe0cd75da9201a33071c1271902713e6d0c949c38e9b3575bc999538.jpg,f21eb72efe0cd75da9201a33071c1271902713e6d0c949c38e9b3575bc999538,B,0,Leaf rust/2 (783).jpg
images/f21f95459910178873e00265285e7bccf57513db13568ec82ce7c249edcbbe9c.jpg,f21f95459910178873e00265285e7bccf57513db13568ec82ce7c249edcbbe9c,A,1,Healthy/1 (10).jpg
images/f224ecb8b15080568a6599ede1454628f1f5d9302638a10cb2c8b44195bca88a.jpg,f224ecb8b15080568a6599ede1454628f1f5d9302638a10cb2c8b44195bca88a,B,0,Leaf rust/2 (784).jpg
images/f227e7499d49e9269c23ef5c319e3be0b93c613b18397f269bba65918b7f5b3c.jpg,f227e7499d49e9269c23ef5c319e3be0b93c613b18397f269bba65918b7f5b3c,E,0,Miner/1 (10611).jpg
images/f22acf1941390cf01780b8607e298c686c3c18a40db2f3df15620c9aa7bec780.jpg,f22acf1941390cf01780b8607e298c686c3c18a40db2f3df15620c9aa7bec780,A,1,Healthy/1 (363).jpg
images/f22d60fd08e4602189829e504f1d02732d259b52a68f6125e3f7e7d5d4d3b556.jpg,f22d60fd08e4602189829e504f1d02732d259b52a68f6125e3f7e7d5d4d3b556,B,0,Leaf rust/1 (34).jpg
images/f236b43e5f7f3d502dc0151fdc0f0389cd7eb9591c991ed7fd6325bc9390aad1.jpg,f236b43e5f7f3d502dc0151fdc0f0389cd7eb9591c991ed7fd6325bc9390aad1,E,0,Miner/1 (12202).jpg
images/f24753d1de38a80dc0d5a59d14f8c585a7ad9c3dd12d6c1171bd8e2464bb2a2b.jpg,f24753d1de38a80dc0d5a59d14f8c585a7ad9c3dd12d6c1171bd8e2464bb2a2b,E,0,Miner/1 (10466).jpg
images/f249e406aeca6c10abe8f0cbb1478b7a95d6452d3b8fd5037e3df849770c10db.jpg,f249e406aeca6c10abe8f0cbb1478b7a95d6452d3b8fd5037e3df849770c10db,E,0,Miner/1 (10049).jpg
images/f27b1858f717ad41dc3e886d7b52e2ce944bbb0f214245fc308027fda1828cfb.jpg,f27b1858f717ad41dc3e886d7b52e2ce944bbb0f214245fc308027fda1828cfb,C,1,Cerscospora/8 (793).jpg
images/f28e3a823db4f1f0fd250c2a2e68a6f95f111c3ecf087b16b286d4bb3a30edef.jpg,f28e3a823db4f1f0fd250c2a2e68a6f95f111c3ecf087b16b286d4bb3a30edef,E,0,Miner/1 (10412).jpg
images/f2ad5c8f592ea3972710b2b36d5a04f7906c3e5f67030ad41ff5aac6c63f93bc.jpg,f2ad5c8f592ea3972710b2b36d5a04f7906c3e5f67030ad41ff5aac6c63f93bc,D,0,Phoma/1 (22).jpg
images/f2f61cb79b62df1554636c001993ed985cad3da68537f90feae8d03c5ab6d443.jpg,f2f61cb79b62df1554636c001993ed985cad3da68537f90feae8d03c5ab6d443,B,0,Leaf rust/1 (62).jpg
images/f31d2a123583e15a0a533cd91d417a5806d635ccff00aca8955f8cc43964f56b.jpg,f31d2a123583e15a0a533cd91d417a5806d635ccff00aca8955f8cc43964f56b,E,0,Miner/1 (10196).jpg
images/f32c582b28269b316cd2fad7560798c1b768d961e8994eede98447cee671ec84.jpg,f32c582b28269b316cd2fad7560798c1b768d961e8994eede98447cee671ec84,D,0,Phoma/2 (204).jpg
images/f357162ea053448f58f884e548e113f18c9b2e9f1f8a3808b890eb6afcc1a961.jpg,f357162ea053448f58f884e548e113f18c9b2e9f1f8a3808b890eb6afcc1a961,D,0,Phoma/1 (564).jpg
images/f35fbfa6867020380759897b06711ad52565c04fc558a05d4f107c59a377df65.jpg,f35fbfa6867020380759897b06711ad52565c04fc558a05d4f107c59a377df65,E,0,Miner/1 (11464).jpg
images/f364287e793780cc1c9291c2665e0f4a8df2d72de5884ef1671725b9bba014cb.jpg,f364287e793780cc1c9291c2665e0f4a8df2d72de5884ef1671725b9bba014cb,B,0,Leaf rust/2 (656).jpg
images/f3727b8a020f2d45be7df06481464f7cc1bd9a5abec7cab982344f9b2f20a8f8.jpg,f3727b8a020f2d45be7df06481464f7cc1bd9a5abec7cab982344f9b2f20a8f8,B,0,Leaf rust/1 (348).jpg
images/f37416fc7b7b67ad21fa6f18f59fc5ca478cd982c75c3429452e221fdaf25c95.jpg,f37416fc7b7b67ad21fa6f18f59fc5ca478cd982c75c3429452e221fdaf25c95,B,0,Leaf rust/2 (589).jpg
images/f381d0308b953c8c98531a74ccdd694190ec8f7a432e7135c9efe481d1d2d012.jpg,f381d0308b953c8c98531a74ccdd694190ec8f7a432e7135c9efe481d1d2d012,D,0,Phoma/4 (194).jpg
images/f393a0b54ccee072ab27938a971f2a9ccd7dcc9f5c030902a8f979848bc0687b.jpg,f393a0b54ccee072ab27938a971f2a9ccd7dcc9f5c030902a8f979848bc0687b,B,0,Leaf rust/2 (558).jpg
images/f3b2aa3dd08048176385e8eef8b7a483432f7c520f3ff780816e836e5394a2d6.jpg,f3b2aa3dd08048176385e8eef8b7a483432f7c520f3ff780816e836e5394a2d6,E,0,Miner/1 (12189).jpg
images/f3bfdc2397542e5ec11e557fe2325f1218c846b149b202cbb8843c5cb9dae4c3.jpg,f3bfdc2397542e5ec11e557fe2325f1218c846b149b202cbb8843c5cb9dae4c3,E,0,Miner/1 (10232).jpg
images/f3d6b4f5115c156d16a6dbc33f9ad17ca15e03607f314623ab98a1ef7a4ce209.jpg,f3d6b4f5115c156d16a6dbc33f9ad17ca15e03607f314623ab98a1ef7a4ce209,B,0,Leaf rust/1 (450).jpg
images/f3de25a6abe24480cc79890dde865180306392e4a2e433cce2e83ca9aeb0caeb.jpg,f3de25a6abe24480cc79890dde865180306392e4a2e433cce2e83ca9aeb0caeb,E,0,Miner/1 (11007).jpg
images/f3e292c27e35b6bfa2751e886498c8c4170c41f00ec8d35e84754edcab7a8ae5.jpg,f3e292c27e35b6bfa2751e886498c8c4170c41f00ec8d35e84754edcab7a8ae5,D,0,Phoma/3 (1457).jpg
images/f3fe7a0e70aac3213f4258023d760280a8569d52545a9c22cc64eda81fa74f81.jpg,f3fe7a0e70aac3213f4258023d760280a8569d52545a9c22cc64eda81fa74f81,E,0,Miner/1 (11724).jpg
images/f41be08a9fed0a8d8e706030c671ab34895ebd8334158a23b1e24aed09406da7.jpg,f41be08a9fed0a8d8e706030c671ab34895ebd8334158a23b1e24aed09406da7,E,0,Miner/1 (10258).jpg
images/f46ec522a764e4c447df6e8596662af28da830b288d3bbfc06162173a054ffb8.jpg,f46ec522a764e4c447df6e8596662af28da830b288d3bbfc06162173a054ffb8,B,0,Leaf rust/1 (508).jpg
images/f47ca671a59ab0ebb439e322962c70b068840864d090de68b5b77eb3a76be040.jpg,f47ca671a59ab0ebb439e322962c70b068840864d090de68b5b77eb3a76be040,B,0,Leaf rust/1 (139).jpg
images/f4801d1a177f5f02a8ee301c1dbb13ca78cc542fde340765c55be0c92ae6b069.jpg,f4801d1a177f5f02a8ee301c1dbb13ca78cc542fde340765c55be0c92ae6b069,B,0,Leaf rust/1 (503).jpg
images/f4937d65c8b77870bb91ff4cad2e20e8052fc25d68e6a4e78a5d2eafa630ffdd.jpg,f4937d65c8b77870bb91ff4cad2e20e8052fc25d68e6a4e78a5d2eafa630ffdd,D,0,Phoma/3 (1373).jpg
images/f49fd880a64418d49ca668ee79242509ab7b03c331aa2f3e56c7b68f565b6014.jpg,f49fd880a64418d49ca668ee79242509ab7b03c331aa2f3e56c7b68f565b6014,E,0,Miner/1 (11562).jpg
images/f4a1155cc7b123ed65ca1c267fde95a7c885faae0b5776c11fe835b155cf68c4.jpg,f4a1155cc7b123ed65ca1c267fde95a7c885faae0b5776c11fe835b155cf68c4,D,0,Phoma/4 (898).jpg
images/f4acb60cb7669e40e242425099030b02ddcc9cd89c917d536759992c6d33d1eb.jpg,f4acb60cb7669e40e242425099030b02ddcc9cd89c917d536759992c6d33d1eb,B,0,Leaf rust/1 (478).jpg
images/f4c138bf161582e5cdfdb5ba45ba47f9b05baba7d5b08adc48faaf879687653d.jpg,f4c138bf161582e5cdfdb5ba45ba47f9b05baba7d5b08adc48faaf879687653d,C,1,Cerscospora/6 (861).jpg
images/f4cbb33f80267378584c7d7abd2ce246fef2c479bddafe3a7d0bd7aa9208486d.jpg,f4cbb33f80267378584c7d7abd2ce246fef2c479bddafe3a7d0bd7aa9208486d,E,0,Miner/1 (10747).jpg
images/f4cef4ee87242a81512e422601fea5924f6089011aaff04c96c3c0f54a80bfb2.jpg,f4cef4ee87242a81512e422601fea5924f6089011aaff04c96c3c0f54a80bfb2,D,0,Phoma/3 (1287).jpg
images/f504afe215114a7d83d01248bd1085efb7f4bf9728eb3e41977fc602e36c1939.jpg,f504afe215114a7d83d01248bd1085efb7f4bf9728eb3e41977fc602e36c1939,D,0,Phoma/3 (1198).jpg
images/f50708462a74c3e4fc2d20c063460dca43a205c671bccbcb64eacaa3c4d43251.jpg,f50708462a74c3e4fc2d20c063460dca43a205c671bccbcb64eacaa3c4d43251,B,0,Leaf rust/1 (214).jpg
images/f50e093cb9d6da0373d6063808dc26abf976d7ea1ae95f994c5e82b821ee9c55.jpg,f50e093cb9d6da0373d6063808dc26abf976d7ea1ae95f994c5e82b821ee9c55,D,0,Phoma/1 (23).jpg
images/f52369df50590b9e92120b5a5462df1a22d0a2950cb5c7264a70fad3049e97ea.jpg,f52369df50590b9e92120b5a5462df1a22d0a2950cb5c7264a70fad3049e97ea,B,0,Leaf rust/2 (826).jpg
images/f53cc55bccfae3febf14ead887254a9408b67b86e1d72520892406d049701b8d.jpg,f53cc55bccfae3febf14ead887254a9408b67b86e1d72520892406d049701b8d,E,0,Miner/1 (12735).jpg
images/f55e1df8b58619bc664c3aafcb6ade5d53984f3e7b12f34b1f0e95b3021f05b8.jpg,f55e1df8b58619bc664c3aafcb6ade5d53984f3e7b12f34b1f0e95b3021f05b8,C,1,Cerscospora/8 (507).jpg
images/f57513ea77a3d0c8a1d96badcb2f8109e0bd295039628019234bac2ea63875ca.jpg,f57513ea77a3d0c8a1d96badcb2f8109e0bd295039628019234bac2ea63875ca,B,0,Leaf rust/2 (561).jpg
images/f57a143597d6f23ac9e16d172ea7e89b5cfca3d31905b6f128a3db41a041c304.jpg,f57a143597d6f23ac9e16d172ea7e89b5cfca3d31905b6f128a3db41a041c304,D,0,Phoma/1 (117).jpg
images/f59495ea2a6bb6d26110efc30aa21bfe8f40eade143c8654f4119dd73d9ffb05.jpg,f59495ea2a6bb6d26110efc30aa21bfe8f40eade143c8654f4119dd73d9ffb05,E,0,Miner/1 (14707).jpg
images/f5a2d03de634a20fbb51c5e7c69e7de33c864690d5e145dd4907cd3fe670ae43.jpg,f5a2d03de634a20fbb51c5e7c69e7de33c864690d5e145dd4907cd3fe670ae43,A,1,Healthy/1 (1003).jpg
images/f5c441a8254424cfdc309afcfe4e1e0d5c8fbca2ea63a0023c8ed116a681cf80.jpg,f5c441a8254424cfdc309afcfe4e1e0d5c8fbca2ea63a0023c8ed116a681cf80,E,0,Miner/1 (12586).jpg
images/f5c5983afef69c29b2cde4bd9a1e096e27eea54b515860fb785082ba50e669a2.jpg,f5c5983afef69c29b2cde4bd9a1e096e27eea54b515860fb785082ba50e669a2,B,0,Leaf rust/2 (819).jpg
images/f5c7fbe6b5f30922bff432560229986c67f3b0b55c423aca4da11d0e028ecb59.jpg,f5c7fbe6b5f30922bff432560229986c67f3b0b55c423aca4da11d0e028ecb59,C,1,Cerscospora/7 (187).jpg
images/f5cb1d72eb21bff23fcf2bcf7290fdf02d46945f4e6e41014804eff3acc927e2.jpg,f5cb1d72eb21bff23fcf2bcf7290fdf02d46945f4e6e41014804eff3acc927e2,D,0,Phoma/2 (185).jpg
images/f5cfc154d1a53c69b1971e132797983570da0894f7b0b722398b489be3b120fe.jpg,f5cfc154d1a53c69b1971e132797983570da0894f7b0b722398b489be3b120fe,D,0,Phoma/4 (192).jpg
images/f5ea60a1113a2388b8c36beb944b5f17e4da55d2adefcc1452e6851798228434.jpg,f5ea60a1113a2388b8c36beb944b5f17e4da55d2adefcc1452e6851798228434,B,0,Leaf rust/2 (721).jpg
images/f62222e81c960f46a8cfeac57aad470b6cdb2190f54dde6d5d0dc4a5f9a9ce72.jpg,f62222e81c960f46a8cfeac57aad470b6cdb2190f54dde6d5d0dc4a5f9a9ce72,E,0,Miner/1 (11673).jpg
images/f626b8e9a55051ce5f0ab91817cd73d415da6a27db283b76018b998589b62dc0.jpg,f626b8e9a55051ce5f0ab91817cd73d415da6a27db283b76018b998589b62dc0,C,1,Cerscospora/8 (218).jpg
images/f62d2b6768bb2ada7db19ebf8a973f45f139152b20604934f43e36a100f3598c.jpg,f62d2b6768bb2ada7db19ebf8a973f45f139152b20604934f43e36a100f3598c,E,0,Miner/1 (10744).jpg
images/f63e8db8826700d2a6c1f3eea48364e8e073136747fb1378a1d3c00e2ea8bba1.jpg,f63e8db8826700d2a6c1f3eea48364e8e073136747fb1378a1d3c00e2ea8bba1,E,0,Miner/1 (13688).jpg
images/f649feac95861bd7b8e8f5d0f8592e4f1cd0dff0d8d06a813541918ee68241a7.jpg,f649feac95861bd7b8e8f5d0f8592e4f1cd0dff0d8d06a813541918ee68241a7,D,0,Phoma/3 (1427).jpg
images/f65a66c6b224f0342a5c899a2750154d78c20872be9fbef2770c55462c39a660.jpg,f65a66c6b224f0342a5c899a2750154d78c20872be9fbef2770c55462c39a660,B,0,Leaf rust/2 (10).jpeg
images/f65b67b8edbdccba774e9fb5e28bcf905ea8fbd890bc56717e11b8168dab5d5b.jpg,f65b67b8edbdccba774e9fb5e28bcf905ea8fbd890bc56717e11b8168dab5d5b,E,0,Miner/1 (1063).jpg
images/f673f61dab43ee5fe48310179377448489bd6f6a2511d6254d898e9c66b8ea9f.jpg,f673f61dab43ee5fe48310179377448489bd6f6a2511d6254d898e9c66b8ea9f,E,0,Miner/1 (11751).jpg
images/f6a76dae4e79ca5c8b38a496955847983ea6b9054f8e63749c0d5665f3c2e776.jpg,f6a76dae4e79ca5c8b38a496955847983ea6b9054f8e63749c0d5665f3c2e776,D,0,Phoma/3 (1129).jpg
images/f6ab58c9741f9ab151de6b1d6c6e177de666f114441c8b2a704dc84538dbb349.jpg,f6ab58c9741f9ab151de6b1d6c6e177de666f114441c8b2a704dc84538dbb349,B,0,Leaf rust/2 (533).jpg
images/f6aff38fd3169656511fb96e332c0450d04c3ec14f5234973e2a01abdd4f0c9a.jpg,f6aff38fd3169656511fb96e332c0450d04c3ec14f5234973e2a01abdd4f0c9a,B,0,Leaf rust/2 (1006).jpg
images/f6b54c4b18453fafb4bc53ce70b6c3fc1379acf3f46dd720e7e9185a683978c0.jpg,f6b54c4b18453fafb4bc53ce70b6c3fc1379acf3f46dd720e7e9185a683978c0,D,0,Phoma/3 (1464).jpg
images/f6b8f35df9b9afa808ea280a5ddded32bfaee752295a42e22b88b40142ffcd67.jpg,f6b8f35df9b9afa808ea280a5ddded32bfaee752295a42e22b88b40142ffcd67,B,0,Leaf rust/1 (85).jpg
images/f6bd4838a619e602cb03d48d2df15922e7897b6bbfac799c4e02f43749bf93ee.jpg,f6bd4838a619e602cb03d48d2df15922e7897b6bbfac799c4e02f43749bf93ee,D,0,Phoma/2 (309).jpg
images/f6efe92cec9a3c79ccd0752c344153ad671cf8397c53fc1b93390dd11adad66b.jpg,f6efe92cec9a3c79ccd0752c344153ad671cf8397c53fc1b93390dd11adad66b,B,0,Leaf rust/2 (631).jpg
images/f6fe55916eede6f6922242d095568b4aa21841aea4403e10673bf893b849fb86.jpg,f6fe55916eede6f6922242d095568b4aa21841aea4403e10673bf893b849fb86,D,0,Phoma/4 (286).jpg
images/f719672b4438b1dbc45effc9693ba4279c6a77b5234c5e7aa6f7046c44513b1a.jpg,f719672b4438b1dbc45effc9693ba4279c6a77b5234c5e7aa6f7046c44513b1a,D,0,Phoma/1 (379).jpg
images/f722103057a7e4c3520ca2a7905fbd5bcc8cf29478c5c2bcaf2a4922da1260cc.jpg,f722103057a7e4c3520ca2a7905fbd5bcc8cf29478c5c2bcaf2a4922da1260cc,E,0,Miner/1 (14000).jpg
images/f7301da374768b10acd11f03c93a8c79dfa43f00de51ccc0084428beb4a4e772.jpg,f7301da374768b10acd11f03c93a8c79dfa43f00de51ccc0084428beb4a4e772,E,0,Miner/1 (11292).jpg
images/f75c4d5906ea2ae14644bedc09faf5ade565a9643f362a7a77775c2b3f4a562e.jpg,f75c4d5906ea2ae14644bedc09faf5ade565a9643f362a7a77775c2b3f4a562e,E,0,Miner/1 (13702).jpg
images/f78394d46b30cff0b33305fb5799a616e9d10b51cce62b3962b60e41a6094525.jpg,f78394d46b30cff0b33305fb5799a616e9d10b51cce62b3962b60e41a6094525,D,0,Phoma/4 (144).jpg
images/f79fca0d031659d00f7f02fbd4aed8939fa9c76eba2bfafaa1858656b6d9efc0.jpg,f79fca0d031659d00f7f02fbd4aed8939fa9c76eba2bfafaa1858656b6d9efc0,B,0,Leaf rust/2 (713).jpg
images/f7c30dce1c8541008763af80678d92ef8147ad93b5632800bb5ebdd484d96c5c.jpg,f7c30dce1c8541008763af80678d92ef8147ad93b5632800bb5ebdd484d96c5c,C,1,Cerscospora/4 (875).jpg
images/f7cb23cf00a79378da04fc892ff0d7e04cfd6dfd1a7eafd48218767132d197ab.jpg,f7cb23cf00a79378da04fc892ff0d7e04cfd6dfd1a7eafd48218767132d197ab,B,0,Leaf rust/2 (987).jpg
images/f7f2cb59ab2d0ba22390326b510eade40efe873262240a089f7a328d0d7087c9.jpg,f7f2cb59ab2d0ba22390326b510eade40efe873262240a089f7a328d0d7087c9,D,0,Phoma/4 (563).jpg
images/f8048d89ab19faf6c3e50bb5dd675c8d246feac540a8a7d7f43ae0ded1b4c968.jpg,f8048d89ab19faf6c3e50bb5dd675c8d246feac540a8a7d7f43ae0ded1b4c968,D,0,Phoma/4 (558).jpg
images/f80a406b9b9ceadcaa7345ab47365747eef8c6ead6102fa74d51f9099e68781b.jpg,f80a406b9b9ceadcaa7345ab47365747eef8c6ead6102fa74d51f9099e68781b,B,0,Leaf rust/1 (113).jpg
images/f80fdc57ddfe7f5283783dd56fb297cc78a8a91813d3fde6a1ec2bfda79e14b1.jpg,f80fdc57ddfe7f5283783dd56fb297cc78a8a91813d3fde6a1ec2bfda79e14b1,B,0,Leaf rust/1 (396).jpg
images/f81eede74ebd8c202ddc3f6984719bc9b5aa70f72c8cdfceef4048a438b17835.jpg,f81eede74ebd8c202ddc3f6984719bc9b5aa70f72c8cdfceef4048a438b17835,E,0,Miner/1 (14786).jpg
images/f8269cbb6b753f1d3619dcc6443f6e789d9c393249ba111ea55f75cd57721860.jpg,f8269cbb6b753f1d3619dcc6443f6e789d9c393249ba111ea55f75cd57721860,C,1,Cerscospora/7 (188).jpg
images/f8300e6a29f0543dd0fb4c37348bda2facfabf9c2264c2ebd6c19f6c29117aa1.jpg,f8300e6a29f0543dd0fb4c37348bda2facfabf9c2264c2ebd6c19f6c29117aa1,E,0,Miner/1 (14996).jpg
images/f84c53b62beb05ee649bb28f669a4cffe539ebcaacfcc27745f449237282534e.jpg,f84c53b62beb05ee649bb28f669a4cffe539ebcaacfcc27745f449237282534e,E,0,Miner/1 (14099).jpg
images/f85d87e1820e6415e6326fee9970f778dd2fe503c9cab5d5f18e76ce1321b95e.jpg,f85d87e1820e6415e6326fee9970f778dd2fe503c9cab5d5f18e76ce1321b95e,D,0,Phoma/1 (378).jpg
images/f8744682df749b3c19a4dec24eca7dea87892f58c07eae4eb9fe79a0635641b0.jpg,f8744682df749b3c19a4dec24eca7dea87892f58c07eae4eb9fe79a0635641b0,E,0,Miner/1 (14666).jpg
images/f88eebdb1e8d0bb007f9971892b5a961f1c771a5586b03c80b0d1e1ea7a7a25b.jpg,f88eebdb1e8d0bb007f9971892b5a961f1c771a5586b03c80b0d1e1ea7a7a25b,E,0,Miner/1 (15614).jpg
images/f8ac15c65deaf488067d299cf629b3393bfc0ceda0acb9097ab2998096bc31cb.jpg,f8ac15c65deaf488067d299cf629b3393bfc0ceda0acb9097ab2998096bc31cb,D,0,Phoma/2 (24).jpg
images/f8b62ac1aa6c4b9f1309d4224a12b21f33c41649e999ad050de7e279ad9ebef5.jpg,f8b62ac1aa6c4b9f1309d4224a12b21f33c41649e999ad050de7e279ad9ebef5,C,1,Cerscospora/8 (589).jpg
images/f8c0b63df0a2d80d918983387baacaa66dbd1cd3a960dd2b15b26bf27cb5e0e3.jpg,f8c0b63df0a2d80d918983387baacaa66dbd1cd3a960dd2b15b26bf27cb5e0e3,B,0,Leaf rust/1 (380).jpg
images/f8e0bf34859356bb65d6815539ddcd1cf9905784d52d8a860a32492d383c32be.jpg,f8e0bf34859356bb65d6815539ddcd1cf9905784d52d8a860a32492d383c32be,E,0,Miner/1 (13975).jpg
images/f8e253b0140eb3e705da05e88cd14815383dd61a2cdbf64b07db33262d38edc1.jpg,f8e253b0140eb3e705da05e88cd14815383dd61a2cdbf64b07db33262d38edc1,B,0,Leaf rust/2 (553).jpg
images/f8e677ba635437a68c636bd22aac41aa58b5452b72c8fb13dd4a960e7c0474e3.jpg,f8e677ba635437a68c636bd22aac41aa58b5452b72c8fb13dd4a960e7c0474e3,E,0,Miner/1 (14980).jpg
images/f8e860fc4827305a061c960bc92da71fa23fb638040cf85f2d897853789a0553.jpg,f8e860fc4827305a061c960bc92da71fa23fb638040cf85f2d897853789a0553,E,0,Miner/1 (12545).jpg
images/f8f85b95ae08425718d7910bbfac53cc7d8e8248a8a5e8c199cbd7f67fba12ad.jpg,f8f85b95ae08425718d7910bbfac53cc7d8e8248a8a5e8c199cbd7f67fba12ad,B,0,Leaf rust/1 (297).jpg
images/f907117aa274526501d1bda3fd7f9d7fa18a1a91d31dc2db970405dab6f0d10a.jpg,f907117aa274526501d1bda3fd7f9d7fa18a1a91d31dc2db970405dab6f0d10a,E,0,Miner/1 (11863).jpg
images/f9100742bfe4aa5e559186d8d843061b0ac85af5a1a5936b9107dc6f958a6595.jpg,f9100742bfe4aa5e559186d8d843061b0ac85af5a1a5936b9107dc6f958a6595,A,1,Healthy/1 (360).jpg
images/f917e46a93ee4acad302b0f7ede96bb30769583180e2eb9e8e727a8849223901.jpg,f917e46a93ee4acad302b0f7ede96bb30769583180e2eb9e8e727a8849223901,B,0,Leaf rust/2 (525).jpg
images/f91f283b9a9dfd9bb710f83734dbb3ea26a616bd05b6e86190b44775b7582d30.jpg,f91f283b9a9dfd9bb710f83734dbb3ea26a616bd05b6e86190b44775b7582d30,E,0,Miner/1 (10117).jpg
images/f9514d3b212367d8e4d8e6fde2f8f3b7db5f68a4489244ff0cf02f5205f7c935.jpg,f9514d3b212367d8e4d8e6fde2f8f3b7db5f68a4489244ff0cf02f5205f7c935,B,0,Leaf rust/2 (938).jpg
images/f9559c51eefb85dc977d05ced4a2e18f5076513be2a1d569dab7b7450eadd2d2.jpg,f9559c51eefb85dc977d05ced4a2e18f5076513be2a1d569dab7b7450eadd2d2,E,0,Miner/1 (11293).jpg
images/f965502deb9928750b1a79b1f24de0a17b90e2a6785e8d53f0dbfb25be249de4.jpg,f965502deb9928750b1a79b1f24de0a17b90e2a6785e8d53f0dbfb25be249de4,C,1,Cerscospora/4 (1008).jpg
images/f981703282fb283e1845073a45927d2e2517fef6e63ac848439b8dca051f10cc.jpg,f981703282fb283e1845073a45927d2e2517fef6e63ac848439b8dca051f10cc,E,0,Miner/1 (14045).jpg
images/f9ae90cc098ffd4c46fcd1b27ef80b3f665671c81d384f3f4d7578b10d5915f2.jpg,f9ae90cc098ffd4c46fcd1b27ef80b3f665671c81d384f3f4d7578b10d5915f2,E,0,Miner/1 (11966).jpg
images/f9b68f98c8345ef7c971d3d2590d0c74ec7e5d5235787956c93650e288dfc6e1.jpg,f9b68f98c8345ef7c971d3d2590d0c74ec7e5d5235787956c93650e288dfc6e1,B,0,Leaf rust/2 (829).jpg
images/f9c300281ca0a1105635097c2f8e4f83c30d1c4d83677bdf74aaaab4cecaca91.jpg,f9c300281ca0a1105635097c2f8e4f83c30d1c4d83677bdf74aaaab4cecaca91,E,0,Miner/1 (14316).jpg
images/f9c317e1243bf9b5accb3c4fe2a170af53f2b2d10985a865245b34898ad53da6.jpg,f9c317e1243bf9b5accb3c4fe2a170af53f2b2d10985a865245b34898ad53da6,C,1,Cerscospora/4 (291).jpg
images/f9c55837229d7a7c2f2eba296868c8df175de5f6739f55ac863e81edfc158f32.jpg,f9c55837229d7a7c2f2eba296868c8df175de5f6739f55ac863e81edfc158f32,D,0,Phoma/2 (774).jpg
images/f9e288dc05416913376607375ce2552a8235e132e8c9e4c11e9bbef45056d243.jpg,f9e288dc05416913376607375ce2552a8235e132e8c9e4c11e9bbef45056d243,E,0,Miner/1 (11678).jpg
images/f9e2a361b915e808816904fbdfb06e16cc61cd480ea13f6270d350934129adc1.jpg,f9e2a361b915e808816904fbdfb06e16cc61cd480ea13f6270d350934129adc1,E,0,Miner/1 (12527).jpg
images/fa156175ea5c1d89c08a57afb9d3eecc865adc1971183e1209fc845014e3139f.jpg,fa156175ea5c1d89c08a57afb9d3eecc865adc1971183e1209fc845014e3139f,D,0,Phoma/4 (314).jpg
images/fa2ffe5b74367d80149bd2dc35feeab32555b1f9dd6d2f0a3162f35f067c3fec.jpg,fa2ffe5b74367d80149bd2dc35feeab32555b1f9dd6d2f0a3162f35f067c3fec,E,0,Miner/1 (13798).jpg
images/fa3c0b3a3f4e40a8d8cbcc8f421049f08f850d8165d5de1b42266815a3007c6f.jpg,fa3c0b3a3f4e40a8d8cbcc8f421049f08f850d8165d5de1b42266815a3007c6f,E,0,Miner/1 (12656).jpg
images/fa4086ef779660de8bf9775d0d3d44a7f901a32e91419db3eb26c0c79ed74f44.jpg,fa4086ef779660de8bf9775d0d3d44a7f901a32e91419db3eb26c0c79ed74f44,E,0,Miner/1 (10731).jpg
images/fa41add3706790269bdf21ffb8d735cbddfecdc10d12d65434045c411ad39ef1.jpg,fa41add3706790269bdf21ffb8d735cbddfecdc10d12d65434045c411ad39ef1,D,0,Phoma/2 (191).jpg
images/fa588d09eae0504a12cf3e1f1aa83a76cd148dd3a4da0af6eb78ab9eeac480d8.jpg,fa588d09eae0504a12cf3e1f1aa83a76cd148dd3a4da0af6eb78ab9eeac480d8,E,0,Miner/1 (14965).jpg
images/fa5f36510deadaa344b5ff4d53fcde0785d28443485983d86114129295d7c945.jpg,fa5f36510deadaa344b5ff4d53fcde0785d28443485983d86114129295d7c945,B,0,Leaf rust/1 (357).jpg
images/fa78336f879f678dd4ae1ffa0c7157c1476b2c23e0f31477b90bf9cca8442320.jpg,fa78336f879f678dd4ae1ffa0c7157c1476b2c23e0f31477b90bf9cca8442320,D,0,Phoma/1 (437).jpg
images/fa7af9d7c022dc7314933a44b0a1af4ed29291febd1ea9aec5d448c8251fe08b.jpg,fa7af9d7c022dc7314933a44b0a1af4ed29291febd1ea9aec5d448c8251fe08b,E,0,Miner/1 (11569).jpg
images/fa897d935e22d27e38a99f521c380acc7cf0f97f42869a52e5b7aab3dda5fc55.jpg,fa897d935e22d27e38a99f521c380acc7cf0f97f42869a52e5b7aab3dda5fc55,C,1,Cerscospora/4 (221).jpg
images/fab2ae6ad15ed60c837d8b0232ced219a0b0943c5c1b05d9a12e0a6fc13b987c.jpg,fab2ae6ad15ed60c837d8b0232ced219a0b0943c5c1b05d9a12e0a6fc13b987c,E,0,Miner/1 (14041).jpg
images/fab5912dfef5e1e5d8d48b9e3b962f6756053dad0906f9aba0ea930a3fc06a70.jpg,fab5912dfef5e1e5d8d48b9e3b962f6756053dad0906f9aba0ea930a3fc06a70,E,0,Miner/1 (11097).jpg
images/fab61772621c71982d69a9af13eb29a87a5fe7390bd057d808eb0cfe83148fbd.jpg,fab61772621c71982d69a9af13eb29a87a5fe7390bd057d808eb0cfe83148fbd,D,0,Phoma/1 (485).jpg
images/facb9bfcb82911077a3918036039a229fb08c307987a94bbd91b58e984a7cf89.jpg,facb9bfcb82911077a3918036039a229fb08c307987a94bbd91b58e984a7cf89,D,0,Phoma/3 (1278).jpg
images/fadd8b99da4bc53aaafbdfc9444dbbc6ae08350dc2f390638768e022aaa44159.jpg,fadd8b99da4bc53aaafbdfc9444dbbc6ae08350dc2f390638768e022aaa44159,E,0,Miner/1 (10088).jpg
images/fae2a2ca39be29a501e718ebefea48c60beec9eb753524974535317269886fa5.jpg,fae2a2ca39be29a501e718ebefea48c60beec9eb753524974535317269886fa5,E,0,Miner/1 (14096).jpg
images/fafb3cb49b3d7645e2151bffd3f6714a31514fe6eee1fa9d7ee51f4b0c821588.jpg,fafb3cb49b3d7645e2151bffd3f6714a31514fe6eee1fa9d7ee51f4b0c821588,E,0,Miner/1 (13501).jpg
images/fb07a125eb057ba71b1a73ea2eb49da46f25cdbd72d0ce1554a6d5812f3fe752.jpg,fb07a125eb057ba71b1a73ea2eb49da46f25cdbd72d0ce1554a6d5812f3fe752,B,0,Leaf rust/1 (63).jpg
images/fb249ba0034534390ae6c8ae9465bfef7e84844c6cb27f30a7c163a8112e05a4.jpg,fb249ba0034534390ae6c8ae9465bfef7e84844c6cb27f30a7c163a8112e05a4,B,0,Leaf rust/1 (104).jpg
images/fb3c176716af61a4f32eda5bade1fc04f46247cba8fc772dd557ffbb9fe1d3f5.jpg,fb3c176716af61a4f32eda5bade1fc04f46247cba8fc772dd557ffbb9fe1d3f5,E,0,Miner/1 (10089).jpg
images/fb42014a35f1387f41366f3af8164b369a3effcafd9adbcc57f958cc4c15d4ca.jpg,fb42014a35f1387f41366f3af8164b369a3effcafd9adbcc57f958cc4c15d4ca,E,0,Miner/1 (10177).jpg
images/fb463fb72b7516f6b39a4de2da42cdb580d0fdcd1c4a895ada7ecd33305ffbb0.jpg,fb463fb72b7516f6b39a4de2da42cdb580d0fdcd1c4a895ada7ecd33305ffbb0,E,0,Miner/1 (13477).jpg
images/fb580451a1382a55c4a4bb1ac9bb6fbb0367f5f23fd13c247a149f4a7048bc96.jpg,fb580451a1382a55c4a4bb1ac9bb6fbb0367f5f23fd13c247a149f4a7048bc96,D,0,Phoma/2 (184).jpg
images/fb5ecfb82804e252f4295bb596f7adcd8172b38e47754e245c6f794de31e0e12.jpg,fb5ecfb82804e252f4295bb596f7adcd8172b38e47754e245c6f794de31e0e12,B,0,Leaf rust/1 (263).jpg
images/fb736900284c3458bf3d84dd110061b01327ccbee484cf8470533b36b0f1559e.jpg,fb736900284c3458bf3d84dd110061b01327ccbee484cf8470533b36b0f1559e,B,0,Leaf rust/1 (4).jpg
images/fb845722fc0da445a34a539346d477556c2414935f2ec2af3ce31225c84dfb02.jpg,fb845722fc0da445a34a539346d477556c2414935f2ec2af3ce31225c84dfb02,B,0,Leaf rust/1 (356).jpg
images/fb9044c72329669f131dccd5a964130f8439f2c4cb72ffe8a288c9bccf89b8fc.jpg,fb9044c72329669f131dccd5a964130f8439f2c4cb72ffe8a288c9bccf89b8fc,E,0,Miner/1 (15342).jpg
images/fba94e86adcb4106dc18dbf44d1716606cdcf1ef30562b90038f29c92c957832.jpg,fba94e86adcb4106dc18dbf44d1716606cdcf1ef30562b90038f29c92c957832,D,0,Phoma/4 (551).jpg
images/fbbf6e0dda21094f50b12c4e9bfeed1bb57dd4b2c21f4fdba93c404065836f4f.jpg,fbbf6e0dda21094f50b12c4e9bfeed1bb57dd4b2c21f4fdba93c404065836f4f,D,0,Phoma/1 (134).jpg
images/fbc312c92ad42bd107aeeef9439fc6fc981bd8046a519484f0b82de06ae07883.jpg,fbc312c92ad42bd107aeeef9439fc6fc981bd8046a519484f0b82de06ae07883,E,0,Miner/1 (15341).jpg
images/fbe1a7ad7d12d7ccd5d3a979a0a1f0323ad88e980cbf3646d6cd8185c8b4cd4d.jpg,fbe1a7ad7d12d7ccd5d3a979a0a1f0323ad88e980cbf3646d6cd8185c8b4cd4d,D,0,Phoma/2 (853).jpg
images/fbfeefff198ecba5d2511612f3e239be5c84dd59a39bd9cab095b5b4d902e26c.jpg,fbfeefff198ecba5d2511612f3e239be5c84dd59a39bd9cab095b5b4d902e26c,C,1,Cerscospora/8 (769).jpg
images/fc107be6e04d4bad306531929aa9ba2cd9b70c71911e9ccbb4c10e8aa599f3f2.jpg,fc107be6e04d4bad306531929aa9ba2cd9b70c71911e9ccbb4c10e8aa599f3f2,E,0,Miner/1 (13556).jpg
images/fc1ee814cddafef20576350dd30d093167af2a74a0a95e349626f085356f70f2.jpg,fc1ee814cddafef20576350dd30d093167af2a74a0a95e349626f085356f70f2,D,0,Phoma/2 (525).jpg
images/fc2f090667145ea7d7dd7d43d6a44e2e7dfdb965e00c6f4e5205d9cc3489cccf.jpg,fc2f090667145ea7d7dd7d43d6a44e2e7dfdb965e00c6f4e5205d9cc3489cccf,B,0,Leaf rust/1 (101).jpg
images/fcc0b62d2473b0ba1cd930257aab02e39b8cbf423eefd580439ed8c9605de1f9.jpg,fcc0b62d2473b0ba1cd930257aab02e39b8cbf423eefd580439ed8c9605de1f9,A,1,Healthy/1 (1914).jpg
images/fcc1fb67a636b3d985953bed60c902f5f70279d999fdb5d0dae2283032e034e1.jpg,fcc1fb67a636b3d985953bed60c902f5f70279d999fdb5d0dae2283032e034e1,C,1,Cerscospora/6 (559).jpg
images/fcc2ce8259ac5398aa800120dd6dc4bfd4037c325cf71632f518b1c71c541227.jpg,fcc2ce8259ac5398aa800120dd6dc4bfd4037c325cf71632f518b1c71c541227,E,0,Miner/1 (13892).jpg
images/fcdec2f076bc6efca9d4cad975533b6a473417b80c7dbd5b7d1359ba5123f47e.jpg,fcdec2f076bc6efca9d4cad975533b6a473417b80c7dbd5b7d1359ba5123f47e,D,0,Phoma/3 (1301).jpg
images/fce75b8f4eb52f70df742e7eac71bd211c42e127a0632a3c00ac343b68cd6b47.jpg,fce75b8f4eb52f70df742e7eac71bd211c42e127a0632a3c00ac343b68cd6b47,E,0,Miner/1 (10006).jpg
images/fd1ee96f79229218012c62bcb860971727322dce8a052cb8b5c4e6f122cc6994.jpg,fd1ee96f79229218012c62bcb860971727322dce8a052cb8b5c4e6f122cc6994,B,0,Leaf rust/1 (286).jpg
images/fd285c4f6cde1c018e22bf4dbdbe84c8c3b1606c5b16d150c493b53b80a844b7.jpg,fd285c4f6cde1c018e22bf4dbdbe84c8c3b1606c5b16d150c493b53b80a844b7,E,0,Miner/1 (15707).jpg
images/fd30ab0149b8a163f83547450f9ac73ff2f9eaece645103b06c74340d90050f3.jpg,fd30ab0149b8a163f83547450f9ac73ff2f9eaece645103b06c74340d90050f3,B,0,Leaf rust/1 (211).jpg
images/fd40e4307ea68cc1c6c14a082b0efbe0df15474df8d921e02a8c9776cb280247.jpg,fd40e4307ea68cc1c6c14a082b0efbe0df15474df8d921e02a8c9776cb280247,B,0,Leaf rust/2 (935).jpg
images/fd449d1948a416b04b1636ea0244ce55f7ee31b1c8ea4f324f5950e194acb44a.jpg,fd449d1948a416b04b1636ea0244ce55f7ee31b1c8ea4f324f5950e194acb44a,D,0,Phoma/2 (182).jpg
images/fd478034e447f2cba9b3c1ffbf7804945549571b1213b92f84a92411c9326e11.jpg,fd478034e447f2cba9b3c1ffbf7804945549571b1213b92f84a92411c9326e11,C,1,Cerscospora/8 (592).jpg
images/fd500044818a0fba29dfdee917e4bf33d85cbed761c7336f951326f195a5705c.jpg,fd500044818a0fba29dfdee917e4bf33d85cbed761c7336f951326f195a5705c,E,0,Miner/1 (14218).jpg
images/fd50f7db61d0729b862a15ef2b69d95cf49fcbf81e42f7e88f486976cbac4678.jpg,fd50f7db61d0729b862a15ef2b69d95cf49fcbf81e42f7e88f486976cbac4678,C,1,Cerscospora/8 (121).jpg
images/fd5acf50f353e2b5bb2a05507df6b83d534e4f7f975ad7eff172ee7e55ae7372.jpg,fd5acf50f353e2b5bb2a05507df6b83d534e4f7f975ad7eff172ee7e55ae7372,E,0,Miner/1 (14644).jpg
images/fd938984dfdab821fb51d5a3c33c8dcc036fd0201da620d935ecb1d2cd9844b9.jpg,fd938984dfdab821fb51d5a3c33c8dcc036fd0201da620d935ecb1d2cd9844b9,B,0,Leaf rust/2 (753).jpg
images/fd98c8f2721527271758bff972e5c1b8646bcf57aa12f267e95c3170e2f827ab.jpg,fd98c8f2721527271758bff972e5c1b8646bcf57aa12f267e95c3170e2f827ab,B,0,Leaf rust/2 (638).jpg
images/fdc04151fc4dded2eec1552712f2f18efcf94f4e860dfa6346a419b9a9072a8d.jpg,fdc04151fc4dded2eec1552712f2f18efcf94f4e860dfa6346a419b9a9072a8d,E,0,Miner/1 (13800).jpg
images/fdc47b0a31242272d71551ef772e1283a1f5d17d9be75668a728715e156cf58b.jpg,fdc47b0a31242272d71551ef772e1283a1f5d17d9be75668a728715e156cf58b,E,0,Miner/1 (13558).jpg
images/fdf15878ddf53be621bafb6317ce242b7804c440e86419de74d4635c3deea5be.jpg,fdf15878ddf53be621bafb6317ce242b7804c440e86419de74d4635c3deea5be,D,0,Phoma/4 (526).jpg
images/fdf425d2e49f6e0df086db7a71058f26fe7b6e5bf69c82157a08b837b9110067.jpg,fdf425d2e49f6e0df086db7a71058f26fe7b6e5bf69c82157a08b837b9110067,B,0,Leaf rust/1 (136).jpg
images/fdf56bc9fcef5e19501ef2671945ff96975c9f148ef0a597f5b4ae4ca80af222.jpg,fdf56bc9fcef5e19501ef2671945ff96975c9f148ef0a597f5b4ae4ca80af222,D,0,Phoma/4 (258).jpg
images/fe070d5dc35bc3d6280c09502691dc5fd6cc43795865f73265396ddc52c96a27.jpg,fe070d5dc35bc3d6280c09502691dc5fd6cc43795865f73265396ddc52c96a27,E,0,Miner/1 (15705).jpg
images/fe07e8001626e58c980ef49f47d500de30e2f3de8919731a5968c9e13357e534.jpg,fe07e8001626e58c980ef49f47d500de30e2f3de8919731a5968c9e13357e534,E,0,Miner/1 (15623).jpg
images/fe133f7b9b96ec4b63f22238f7d84fa12d687d401693e5acb0fbe5caff736e8f.jpg,fe133f7b9b96ec4b63f22238f7d84fa12d687d401693e5acb0fbe5caff736e8f,E,0,Miner/1 (12537).jpg
images/fe3314b2387e63d5b388baa8508fe1f6113de468fd5628c16888e221901ccd26.jpg,fe3314b2387e63d5b388baa8508fe1f6113de468fd5628c16888e221901ccd26,B,0,Leaf rust/2 (615).jpg
images/fe565fc1d607c04c91f2591b56d306785b16370991983d3c87cfc8212332f2e7.jpg,fe565fc1d607c04c91f2591b56d306785b16370991983d3c87cfc8212332f2e7,D,0,Phoma/4 (823).jpg
images/fe57c6844ec7af2d9d18d795e4d209ea374ab0748a30ecde4951a909fe6b46b1.jpg,fe57c6844ec7af2d9d18d795e4d209ea374ab0748a30ecde4951a909fe6b46b1,E,0,Miner/1 (11921).jpg
images/fe6c197840d714c421a190c23cbc87d2622ec85b9066497ac8cb26b0f9963c36.jpg,fe6c197840d714c421a190c23cbc87d2622ec85b9066497ac8cb26b0f9963c36,C,1,Cerscospora/7 (592).jpg
images/fe7176181ec60eb3901c3ba3a0eb212fb03831d034a0907c4b4b9add749133ed.jpg,fe7176181ec60eb3901c3ba3a0eb212fb03831d034a0907c4b4b9add749133ed,B,0,Leaf rust/1 (342).jpg
images/fe7fb86e699163049dfa9e3d7093e5ee2d57d82eca1fce6df78c077f90fc395c.jpg,fe7fb86e699163049dfa9e3d7093e5ee2d57d82eca1fce6df78c077f90fc395c,E,0,Miner/1 (14850).jpg
images/fe901d4812c5598319ac88f6b82b93482bd636bb22999cbcb6385ef3afd9835a.jpg,fe901d4812c5598319ac88f6b82b93482bd636bb22999cbcb6385ef3afd9835a,E,0,Miner/1 (12541).jpg
images/fea0c61a1674b3cc258ce0de9ecbe8b283fe72116ff077a9ef270ff51b53f037.jpg,fea0c61a1674b3cc258ce0de9ecbe8b283fe72116ff077a9ef270ff51b53f037,C,1,Cerscospora/4 (136).jpg
images/feb6707b8728c513633c25fb2373e6202dba2744adcbf6f17d7f69928c7b4c38.jpg,feb6707b8728c513633c25fb2373e6202dba2744adcbf6f17d7f69928c7b4c38,D,0,Phoma/1 (481).jpg
images/fed44273371bc7c801c2dfa6f426ac1e1ac606c20ac19bc681e8718438ec7550.jpg,fed44273371bc7c801c2dfa6f426ac1e1ac606c20ac19bc681e8718438ec7550,D,0,Phoma/2 (330).jpg
images/fee1c34cfe10bbf1508fdae38e9877fc280c0483339d7ecaab5c7b6def88a283.jpg,fee1c34cfe10bbf1508fdae38e9877fc280c0483339d7ecaab5c7b6def88a283,D,0,Phoma/2 (383).jpg
images/fee4541150acaf052e0f583905a4f29cd55af653bf5aab27cdde46666433bd7e.jpg,fee4541150acaf052e0f583905a4f29cd55af653bf5aab27cdde46666433bd7e,E,0,Miner/1 (15597).jpg
images/fef16e5aee4922b8eec867a6e502b4ca385cb76cdba569e1d9cd0718486624f1.jpg,fef16e5aee4922b8eec867a6e502b4ca385cb76cdba569e1d9cd0718486624f1,B,0,Leaf rust/2 (880).jpg
images/fef88bf7af10fac1e96141bd30dc7a91f6948d44d025598f282803b9e02fcc9d.jpg,fef88bf7af10fac1e96141bd30dc7a91f6948d44d025598f282803b9e02fcc9d,B,0,Leaf rust/2 (899).jpg
images/ff1a7d593dde6e70529772fca13885abc0ab5b459f37d6f6616b29db4893d40f.jpg,ff1a7d593dde6e70529772fca13885abc0ab5b459f37d6f6616b29db4893d40f,E,0,Miner/1 (14049).jpg
images/ff1e50b63df7b1a8a7d1b33f6541bca298a6693347d0c130e06d2f0bba20cd0f.jpg,ff1e50b63df7b1a8a7d1b33f6541bca298a6693347d0c130e06d2f0bba20cd0f,C,1,Cerscospora/7 (591).jpg
images/ff2c0ee012a165b809a2f8d7bf577e6c2904e9b59a5663266e305612fbe605b1.jpg,ff2c0ee012a165b809a2f8d7bf577e6c2904e9b59a5663266e305612fbe605b1,E,0,Miner/1 (11710).jpg
images/ff5e3ad45a444ffa4013ff3adb6f5a0c6f27ce86313ec4729dafff7e0b0daded.jpg,ff5e3ad45a444ffa4013ff3adb6f5a0c6f27ce86313ec4729dafff7e0b0daded,C,1,Cerscospora/7 (1).jpg
images/ff69912d268b6cd09c8aad7fc6ff8174849d0ba012b987b33164257646d1a028.jpg,ff69912d268b6cd09c8aad7fc6ff8174849d0ba012b987b33164257646d1a028,E,0,Miner/1 (10211).jpg
images/ff81de670b881ae281c4062353ffdf40ab0019c6f94ae8b185b3a1cb45186175.jpg,ff81de670b881ae281c4062353ffdf40ab0019c6f94ae8b185b3a1cb45186175,C,1,Cerscospora/8 (735).jpg
images/ff85867d5cfa6107ecd9e56ca1e823872f85f0a9ac643889b9009b23c48006b8.jpg,ff85867d5cfa6107ecd9e56ca1e823872f85f0a9ac643889b9009b23c48006b8,B,0,Leaf rust/1 (304).jpg
images/ff8a76f039db119a67fa475c519f7bc9454aef4e5a7d7fa277defc6d57e27779.jpg,ff8a76f039db119a67fa475c519f7bc9454aef4e5a7d7fa277defc6d57e27779,D,0,Phoma/4 (295).jpg
images/ff8d713bed179a44fd95e3d88636f277d32afaccde9d82f8df8d2edff8812b0d.jpg,ff8d713bed179a44fd95e3d88636f277d32afaccde9d82f8df8d2edff8812b0d,E,0,Miner/1 (10202).jpg
images/ff9c2b981864ce2399d64586f47e545e36b6743909deecf242a86f69559c03c0.jpg,ff9c2b981864ce2399d64586f47e545e36b6743909deecf242a86f69559c03c0,E,0,Miner/1 (11005).jpg
images/ff9d9559f3d2d7697df5ea0946bc3236acde5c2e7a62d879fb723b268a0d1e3e.jpg,ff9d9559f3d2d7697df5ea0946bc3236acde5c2e7a62d879fb723b268a0d1e3e,E,0,Miner/1 (10665).jpg
images/ffa6ed09dcbc86215545b90da2d9095af0d06e83c03492d82a42c0452f67d5bb.jpg,ffa6ed09dcbc86215545b90da2d9095af0d06e83c03492d82a42c0452f67d5bb,E,0,Miner/1 (13503).jpg
images/ffaf606d3d0a432a379c7603888ad10743a336c6224684fa126a79d7aa34f7ad.jpg,ffaf606d3d0a432a379c7603888ad10743a336c6224684fa126a79d7aa34f7ad,E,0,Miner/1 (13580).jpg
images/ffc29c1466aa32c642f97d126bf84d358bc45deec8ded6bb82429067efdc97d6.jpg,ffc29c1466aa32c642f97d126bf84d358bc45deec8ded6bb82429067efdc97d6,E,0,Miner/1 (11857).jpg
images/ffceeb797776a7ca76d9f11820da02b52dfdc08f46307d9d38dff43332e999ae.jpg,ffceeb797776a7ca76d9f11820da02b52dfdc08f46307d9d38dff43332e999ae,E,0,Miner/1 (10255).jpg
images/fff43fb293d6c7dc507a76e82d7fa23a05b085af65659c84231819a02c3c3f69.jpg,fff43fb293d6c7dc507a76e82d7fa23a05b085af65659c84231819a02c3c3f69,E,0,Miner/1 (13416).jpg
