path,sha256,split,label_letter
images/0004f0875a7adf9d825d552e4c1dea38e6213fff930a12467f3a1d756ad8831a.jpg,0004f0875a7adf9d825d552e4c1dea38e6213fff930a12467f3a1d756ad8831a,dev,E
images/00057fa9e81f4190eebcf9a1a4269dffc1cb8e973329685637492b9daf1746a1.jpg,00057fa9e81f4190eebcf9a1a4269dffc1cb8e973329685637492b9daf1746a1,dev,E
images/003819c39e7059f092c37a9674ce68fe1088ba36ce52b668da9b0973ff254332.jpg,003819c39e7059f092c37a9674ce68fe1088ba36ce52b668da9b0973ff254332,dev,D
images/004f48f4b13f88f873c5fa064eea94ef8686dbbf6da2da1f868a4918c158822c.jpg,004f48f4b13f88f873c5fa064eea94ef8686dbbf6da2da1f868a4918c158822c,dev,B
images/005cecebf36611f11686751d7545598876186952406e3d761334e2de3d0c1129.jpg,005cecebf36611f11686751d7545598876186952406e3d761334e2de3d0c1129,dev,E
images/0073016e23521000105223adf2246532f55317d574916e7652c08fe8ed8a8790.jpg,0073016e23521000105223adf2246532f55317d574916e7652c08fe8ed8a8790,dev,C
images/007fdee42f162c0636b2dc4a9db05073e19166117f68ce4a3a596c726d3c6b22.jpg,007fdee42f162c0636b2dc4a9db05073e19166117f68ce4a3a596c726d3c6b22,dev,E
images/0081649108bf98e88bc503dd56f06c75cc5997cf120723ef06a58b654e2c047b.jpg,0081649108bf98e88bc503dd56f06c75cc5997cf120723ef06a58b654e2c047b,dev,E
images/00a21ce3ae247128d95e563252c5b8a8633ac0327f114a2b393a0cbf032b315a.jpg,00a21ce3ae247128d95e563252c5b8a8633ac0327f114a2b393a0cbf032b315a,dev,B
images/00ba3bac5c3e0fcac2bb8c66b6db4a68659eeefc0ea223f156c4f853da02a75e.jpg,00ba3bac5c3e0fcac2bb8c66b6db4a68659eeefc0ea223f156c4f853da02a75e,dev,E
images/00bed8cc7621fa3dda526093fe88769914d8fce5060d89c3ed135eac975ca0d2.jpg,00bed8cc7621fa3dda526093fe88769914d8fce5060d89c3ed135eac975ca0d2,dev,B
images/00c7341bcda114c0597edfc176dc0f2671df865f72749da4676c6c9243751582.jpg,00c7341bcda114c0597edfc176dc0f2671df865f72749da4676c6c9243751582,dev,E
images/00d1d85a479bc0ac02756d93642c12e73605dd4d3fbef33c3861bd9b48aa6ab4.jpg,00d1d85a479bc0ac02756d93642c12e73605dd4d3fbef33c3861bd9b48aa6ab4,dev,E
images/00e246c03b35c839a77f450b84c70a718770e936b4608851c86e3830326f8d86.jpg,00e246c03b35c839a77f450b84c70a718770e936b4608851c86e3830326f8d86,dev,B
images/00f4f088fe9fe1d985c4aac0b142b115ba24a2ff19e3906c5e87abbfe71f4670.jpg,00f4f088fe9fe1d985c4aac0b142b115ba24a2ff19e3906c5e87abbfe71f4670,dev,D
images/00fdd118cde69ce56602d5dde4f52ab707f6964ec12f0648f04b5bfeba6a5d96.jpg,00fdd118cde69ce56602d5dde4f52ab707f6964ec12f0648f04b5bfeba6a5d96,dev,B
images/01062411f797cfc244f3425896f19f3369866deadc2d73439d06d729f251a3cd.jpg,01062411f797cfc244f3425896f19f3369866deadc2d73439d06d729f251a3cd,dev,B
images/010841b586a7ba70f0b096cd412c392b9f2664e171a19ef187cefad3d216bf88.jpg,010841b586a7ba70f0b096cd412c392b9f2664e171a19ef187cefad3d216bf88,dev,E
images/013582b6181759542aa0594d048913b12f5cd8deef70bd3d8d2347dedbc7070c.jpg,013582b6181759542aa0594d048913b12f5cd8deef70bd3d8d2347dedbc7070c,dev,B
images/015aaa3d487f7ff8ee437ea39b9bcf3f5fdbedd6d4bdec70483c10c7d2933642.jpg,015aaa3d487f7ff8ee437ea39b9bcf3f5fdbedd6d4bdec70483c10c7d2933642,dev,B
images/015c77fb110c21aae37dac0a25d2c6163d2b88f852be198a3f8625ccbda46d2c.jpg,015c77fb110c21aae37dac0a25d2c6163d2b88f852be198a3f8625ccbda46d2c,dev,E
images/01716209f4e2a706aaf9f96a31201eb5082f658bd3df63a530f1120be08b6ca7.jpg,01716209f4e2a706aaf9f96a31201eb5082f658bd3df63a530f1120be08b6ca7,dev,E
images/0172f278bfbfb00cce658fbe08c559012a1c68e57bdb7185d606368e3c45c068.jpg,0172f278bfbfb00cce658fbe08c559012a1c68e57bdb7185d606368e3c45c068,dev,E
images/0173b140281f4bcc2b9480f96e997f6ee4818328fc6ab31b7a7108615937b2e8.jpg,0173b140281f4bcc2b9480f96e997f6ee4818328fc6ab31b7a7108615937b2e8,dev,E
images/017f8805c361013eedf514069f328b55862c1aa2ddabf97ddda6cd6c2eb05c24.jpg,017f8805c361013eedf514069f328b55862c1aa2ddabf97ddda6cd6c2eb05c24,dev,E
images/01acbe0c533362a659db757010f98c5beee76c670a295081b601662b1f3d1074.jpg,01acbe0c533362a659db757010f98c5beee76c670a295081b601662b1f3d1074,dev,E
images/01c0e431730c653fce753b68e9b925de1aca667e5c1ac87030adca1060ed2d96.jpg,01c0e431730c653fce753b68e9b925de1aca667e5c1ac87030adca1060ed2d96,dev,E
images/01deb17d7e61598608253d79a34c37e8aeb6ead7be1db9de53e70f06f64b1e39.jpg,01deb17d7e61598608253d79a34c37e8aeb6ead7be1db9de53e70f06f64b1e39,dev,E
images/01f472a7c3396f8a8b4b4bdc39a5e90de4da2243b6a8c456cdfe55f38e678774.jpg,01f472a7c3396f8a8b4b4bdc39a5e90de4da2243b6a8c456cdfe55f38e678774,dev,E
images/01f6ccb1bcbd8fe12c02b620cbf5ef3586f3d609bcf303685646286cbaa9c918.jpg,01f6ccb1bcbd8fe12c02b620cbf5ef3586f3d609bcf303685646286cbaa9c918,dev,B
images/01f97170bb3a7478fd5ddae6366b87a467a54177fb16e88a02c17fb8bd2a292a.jpg,01f97170bb3a7478fd5ddae6366b87a467a54177fb16e88a02c17fb8bd2a292a,dev,E
images/020df42c6ed2a3f6a48c6665e4eb5efad86689d6f371b6421b130d9fe17f25a4.jpg,020df42c6ed2a3f6a48c6665e4eb5efad86689d6f371b6421b130d9fe17f25a4,dev,B
images/0212a8456e332b2140c7fa5b6e3e3de5613eea71f36f894c05888b5f6c46cbbd.jpg,0212a8456e332b2140c7fa5b6e3e3de5613eea71f36f894c05888b5f6c46cbbd,dev,E
images/02178285493eac6764766dc5d13d5479dd48498e4d9bdd0d27fcd35a56e13999.jpg,02178285493eac6764766dc5d13d5479dd48498e4d9bdd0d27fcd35a56e13999,dev,E
images/0245fcb617eb13e2eb714d7b78025ce79441be76dc0b4d8e3a1cc438bd71bfca.jpg,0245fcb617eb13e2eb714d7b78025ce79441be76dc0b4d8e3a1cc438bd71bfca,dev,B
images/02485824d4d0dad1cdf62213e63081f0476e97160aaf017ef08671a49ab39521.jpg,02485824d4d0dad1cdf62213e63081f0476e97160aaf017ef08671a49ab39521,dev,B
images/025848b0ca4f0902e36db1ece45864e5bf9d676ea35e6e02b7841de8b76ac01e.jpg,025848b0ca4f0902e36db1ece45864e5bf9d676ea35e6e02b7841de8b76ac01e,dev,D
images/0259f968679b533b0c2c67adf44bc79022902b772556d1b8d1f9c2b7d12e4490.jpg,0259f968679b533b0c2c67adf44bc79022902b772556d1b8d1f9c2b7d12e4490,dev,B
images/025ee7234b18e7290adaf1fee5498d10f752e3f009dba77ad2290bc134dbd897.jpg,025ee7234b18e7290adaf1fee5498d10f752e3f009dba77ad2290bc134dbd897,dev,C
images/027a30a2c29d32ef3d059ed8a5fb62b332813dcdc48a06b5dbb46597d0164414.jpg,027a30a2c29d32ef3d059ed8a5fb62b332813dcdc48a06b5dbb46597d0164414,dev,B
images/02b8224466e8014ca55bbd066f8dd8e95a2428005c940048d8d424186987d57b.jpg,02b8224466e8014ca55bbd066f8dd8e95a2428005c940048d8d424186987d57b,dev,E
images/02ea0f06439a252fa1f2624278cbc64b2f71ff8c0f0f884716cd316e65ade958.jpg,02ea0f06439a252fa1f2624278cbc64b2f71ff8c0f0f884716cd316e65ade958,dev,E
images/02f19fe6010c26052665d98042b31e4a7f4a3e11f90a731265fca096ab2a611b.jpg,02f19fe6010c26052665d98042b31e4a7f4a3e11f90a731265fca096ab2a611b,dev,D
images/032a49df1f9a2eb89e6ce03173d9cb57b0bd4f6384a1b7cd93746ddaaeac7f3d.jpg,032a49df1f9a2eb89e6ce03173d9cb57b0bd4f6384a1b7cd93746ddaaeac7f3d,dev,E
images/0350c5eb10fdd9bdb14ed1be8f0a9bdbd6f52a0beb478376b7ed0f6257b551b5.jpg,0350c5eb10fdd9bdb14ed1be8f0a9bdbd6f52a0beb478376b7ed0f6257b551b5,dev,E
images/03592d91cf71898b8902e7dfccd576e2b75457ad3fb08c8fa667aba1517a110a.jpg,03592d91cf71898b8902e7dfccd576e2b75457ad3fb08c8fa667aba1517a110a,dev,B
images/03798ff49bc0d4d18a50c38d2193fb1256dadd4edd49355ea24cd73f2131c343.jpg,03798ff49bc0d4d18a50c38d2193fb1256dadd4edd49355ea24cd73f2131c343,dev,E
images/0390fc5263e5ed52d49bae5ca37c0d6b16cb2b370a6cdabd2ae86a3d80213ab5.jpg,0390fc5263e5ed52d49bae5ca37c0d6b16cb2b370a6cdabd2ae86a3d80213ab5,dev,D
images/03a56489c517390bf15373a5f09da3b6ef86c461eebb3963d254e2577b9421f7.jpg,03a56489c517390bf15373a5f09da3b6ef86c461eebb3963d254e2577b9421f7,dev,D
images/03b52a6aa0a49344ef784bcce5b8bc0db9fab35931865c75d0132b00a83d1b96.jpg,03b52a6aa0a49344ef784bcce5b8bc0db9fab35931865c75d0132b00a83d1b96,dev,E
images/03ba82d829a55c3e8d609e14477dc8c8ff08ef933dd6ad67a41084362b80651b.jpg,03ba82d829a55c3e8d609e14477dc8c8ff08ef933dd6ad67a41084362b80651b,dev,E
images/03c462757b4adbf74763822eddb82df2565e29ce549ad90ab9cef235d2db0d70.jpg,03c462757b4adbf74763822eddb82df2565e29ce549ad90ab9cef235d2db0d70,dev,C
images/03e734dfb1e3a8b518e3902f5ae43938f236241338aa140192ad01de582c010d.jpg,03e734dfb1e3a8b518e3902f5ae43938f236241338aa140192ad01de582c010d,dev,E
images/03eea2ad5be3435eb640967063d433c3a29d0093eb3726ce0f7ef66772fdec5f.jpg,03eea2ad5be3435eb640967063d433c3a29d0093eb3726ce0f7ef66772fdec5f,dev,E
images/040c15408c3d59d74c90fc3d99fb9aa7a379d068284e3bf3a897dd7492e3068a.jpg,040c15408c3d59d74c90fc3d99fb9aa7a379d068284e3bf3a897dd7492e3068a,dev,C
images/04152dd795ee856ba95601c77366008ce755f67d2ea2fee203456f1188b7389d.jpg,04152dd795ee856ba95601c77366008ce755f67d2ea2fee203456f1188b7389d,dev,C
images/0425ccbdef933a4d113b5c7a67a837ab9e3918f6bfb2c7fa6198d67b4ffaf0ff.jpg,0425ccbdef933a4d113b5c7a67a837ab9e3918f6bfb2c7fa6198d67b4ffaf0ff,dev,E
images/042674bd626ddc57677476e2ea14afb710d5d2f40ae3eea6d1afc677802f2676.jpg,042674bd626ddc57677476e2ea14afb710d5d2f40ae3eea6d1afc677802f2676,dev,D
images/042f9d8218c2ec7449c1e4a55cec4367043b707098e6c24d16865482c6c9029e.jpg,042f9d8218c2ec7449c1e4a55cec4367043b707098e6c24d16865482c6c9029e,dev,B
images/043821934786b8f700f73c432c0e7112871772a194e007f561d95aaf88d3e033.jpg,043821934786b8f700f73c432c0e7112871772a194e007f561d95aaf88d3e033,dev,E
images/049cd330210eec64c0a46a068499e7e7d97c76b2b608e14724e7c33290650b0a.jpg,049cd330210eec64c0a46a068499e7e7d97c76b2b608e14724e7c33290650b0a,dev,E
images/04a6b556b3bc558b99e120a5fa954a4743fdf63c16de4490adf2a484de2daf20.jpg,04a6b556b3bc558b99e120a5fa954a4743fdf63c16de4490adf2a484de2daf20,dev,B
images/04b125f2f675233695f128fc47da856f37f9bd59b7c9b31cacd5fba6bb0c7672.jpg,04b125f2f675233695f128fc47da856f37f9bd59b7c9b31cacd5fba6bb0c7672,dev,B
images/04bb8d90e8711b8def75c72cdff133c953bc37f9d3870e93b4d8f3eefd7ddee4.jpg,04bb8d90e8711b8def75c72cdff133c953bc37f9d3870e93b4d8f3eefd7ddee4,dev,B
images/04dbd2867e0e47becbe4ef5eba74628b88b6fdc89060d824707ed27e38f3755f.jpg,04dbd2867e0e47becbe4ef5eba74628b88b6fdc89060d824707ed27e38f3755f,dev,D
images/05053f525551194ee93f10da7bee05466d800f35813b330a02bc85855bf291aa.jpg,05053f525551194ee93f10da7bee05466d800f35813b330a02bc85855bf291aa,dev,D
images/0511fe2625faf3d9b74b8c5a25b0387fc1d1aec085eb15bb583ae46ea5020883.jpg,0511fe2625faf3d9b74b8c5a25b0387fc1d1aec085eb15bb583ae46ea5020883,dev,E
images/0517c27f29ce8ad28385776edd13e33212a3a7f1a77a37959d2a3db3111fdcda.jpg,0517c27f29ce8ad28385776edd13e33212a3a7f1a77a37959d2a3db3111fdcda,dev,C
images/052ccfa980ab73e729d5c07c75672a8190aff1020f3c828358179778ccbc2e08.jpg,052ccfa980ab73e729d5c07c75672a8190aff1020f3c828358179778ccbc2e08,dev,E
images/053a49c8972ed51540e8d9f49bb364e873ae4254e8295a2e9b872ba8b3e2ebfc.jpg,053a49c8972ed51540e8d9f49bb364e873ae4254e8295a2e9b872ba8b3e2ebfc,dev,E
images/053b995bc9880587e4814898bc763214c9c8f01e3d81f3abdf52652c00737e54.jpg,053b995bc9880587e4814898bc763214c9c8f01e3d81f3abdf52652c00737e54,dev,B
images/054d7acc0c7bbaf5885b8cdc240de2ad46cc3a9e02a8128e72b8d2aca8d673f4.jpg,054d7acc0c7bbaf5885b8cdc240de2ad46cc3a9e02a8128e72b8d2aca8d673f4,dev,D
images/056e92dd4499a93bcf274f3de3e2ae077f5604984fb8e7981aa8b095e734571d.jpg,056e92dd4499a93bcf274f3de3e2ae077f5604984fb8e7981aa8b095e734571d,dev,D
images/05925581b2cb16724aab4351aa38610281239455e14a613b510a11fafb91d2e3.jpg,05925581b2cb16724aab4351aa38610281239455e14a613b510a11fafb91d2e3,dev,E
images/05989a896e844aa7f5ba7970367ac4141725f4691dd11720f8d6d3634cfa5f6d.jpg,05989a896e844aa7f5ba7970367ac4141725f4691dd11720f8d6d3634cfa5f6d,dev,D
images/05ad9d4d078aff8b5649241faa6fb32b3ab5beafaa0778d0108b6d39851829db.jpg,05ad9d4d078aff8b5649241faa6fb32b3ab5beafaa0778d0108b6d39851829db,dev,E
images/05b657b1d015569423753166281acc4d717af6d5e8165b086a4cf3f421947f99.jpg,05b657b1d015569423753166281acc4d717af6d5e8165b086a4cf3f421947f99,dev,E
images/05c8e68657cac068d773034cbc4f2f8d1d55eee6481007cadf1d184d8486c817.jpg,05c8e68657cac068d773034cbc4f2f8d1d55eee6481007cadf1d184d8486c817,dev,E
images/05d6c14254de7d47b590bef6f31a29a4bcfc1a79cc2eecfe1be473a6107a0fbe.jpg,05d6c14254de7d47b590bef6f31a29a4bcfc1a79cc2eecfe1be473a6107a0fbe,dev,B
images/05dd443c04972efc01571351c1a2920c2959be675ea61274d6a45daa4d28d6f7.jpg,05dd443c04972efc01571351c1a2920c2959be675ea61274d6a45daa4d28d6f7,dev,E
images/05ddba14d5b4f5ebfd4ed6de9bd4322cec5ce4164289e3c015d185c4a3b7e150.jpg,05ddba14d5b4f5ebfd4ed6de9bd4322cec5ce4164289e3c015d185c4a3b7e150,dev,E
images/05ecd7ed524babbd80cbd41ae9bdb19b5cde9858da88618520f073d6791145d4.jpg,05ecd7ed524babbd80cbd41ae9bdb19b5cde9858da88618520f073d6791145d4,dev,E
images/0610d2d545f29ae177b8b78932712099c39d89d327bc9acb1d3bdd1c5f24e9b9.jpg,0610d2d545f29ae177b8b78932712099c39d89d327bc9acb1d3bdd1c5f24e9b9,dev,B
images/061208924478a99567d98053f383183191f5202975a7c2f10fc80ebd9dfb0635.jpg,061208924478a99567d98053f383183191f5202975a7c2f10fc80ebd9dfb0635,dev,E
images/0616c9c48bdfa958f1589fcd5ed15493dd03dfa00d9a59d342149d759827df7a.jpg,0616c9c48bdfa958f1589fcd5ed15493dd03dfa00d9a59d342149d759827df7a,dev,D
images/061f37b7d7fb95a1242fb5e08897c213619d22c4b8b51f2065ecb6b68c8c7319.jpg,061f37b7d7fb95a1242fb5e08897c213619d22c4b8b51f2065ecb6b68c8c7319,dev,E
images/062dc3f0c3fd6b2bb6c5549b7cebb5c97c720a046435389b61d814eb1c3cc2cc.jpg,062dc3f0c3fd6b2bb6c5549b7cebb5c97c720a046435389b61d814eb1c3cc2cc,dev,E
images/0647b2326194646e83ad0ebb7172cd72305756be8bc1a542f63c7d49b8b0f728.jpg,0647b2326194646e83ad0ebb7172cd72305756be8bc1a542f63c7d49b8b0f728,dev,E
images/0661fe5c17abff375fb738b6855606295a8ef0998a7963e9e3c5f5149e5938d6.jpg,0661fe5c17abff375fb738b6855606295a8ef0998a7963e9e3c5f5149e5938d6,dev,B
images/06b5f448af3aa71974df75bcc75a2eab01044162042fb02c0668d75142f4c044.jpg,06b5f448af3aa71974df75bcc75a2eab01044162042fb02c0668d75142f4c044,dev,E
images/06b71017117d564157d420597e1d754c6ab75b0552a18910be3701ba04ee6f7c.jpg,06b71017117d564157d420597e1d754c6ab75b0552a18910be3701ba04ee6f7c,dev,D
images/06b83b0850485bfc501b6f6fd5eb92d9eb71c13491e3cc97b359858b30655dce.jpg,06b83b0850485bfc501b6f6fd5eb92d9eb71c13491e3cc97b359858b30655dce,dev,E
images/06ceb0ead2b2efaf548483c2097519c929eb386d73b9ebb74acc29a12eb74a76.jpg,06ceb0ead2b2efaf548483c2097519c929eb386d73b9ebb74acc29a12eb74a76,dev,D
images/07079dd38430feeda774ab0c6e0e7865ed79614a814a9b4a7f695965a4c9e7b9.jpg,07079dd38430feeda774ab0c6e0e7865ed79614a814a9b4a7f695965a4c9e7b9,dev,B
images/0711919025d4a02d53792ae4cc76da15738142cf52a6b5b9077692aecd65e5a6.jpg,0711919025d4a02d53792ae4cc76da15738142cf52a6b5b9077692aecd65e5a6,dev,E
images/0743579424616990edf1685723d7548c62830dca78db3186e654e360a729f02e.jpg,0743579424616990edf1685723d7548c62830dca78db3186e654e360a729f02e,dev,E
images/075509a6bf04ffdf1693486ff315022d0865778dd33027c52d49e87a3a6109ab.jpg,075509a6bf04ffdf1693486ff315022d0865778dd33027c52d49e87a3a6109ab,dev,D
images/07ac9106aa2e5c43eb9a96266c94a1f773acf9557e8f574bd9b40305abb389e0.jpg,07ac9106aa2e5c43eb9a96266c94a1f773acf9557e8f574bd9b40305abb389e0,dev,D
images/07af981cb7a3eb7654cf4558d8d36c1d3750f00b432ced8c0ad9fb1bcb13986e.jpg,07af981cb7a3eb7654cf4558d8d36c1d3750f00b432ced8c0ad9fb1bcb13986e,dev,E
images/07be1c48aceb48a12ae58442be79dc8c303f6d7f26a3675f6ec17bb491ec9c83.jpg,07be1c48aceb48a12ae58442be79dc8c303f6d7f26a3675f6ec17bb491ec9c83,dev,B
images/07cd8d396b584e7e50fe5cc4e5d642fe0e92f1dda1ae8f392d943ab808863b6b.jpg,07cd8d396b584e7e50fe5cc4e5d642fe0e92f1dda1ae8f392d943ab808863b6b,dev,E
images/07d5bffb8284808da52c38e708bd067f6f8fc24877c22b30b79a52ccb1daccf6.jpg,07d5bffb8284808da52c38e708bd067f6f8fc24877c22b30b79a52ccb1daccf6,dev,D
images/07dc7b921c6ad65322b98fa74c94e20d0b3ff8cd4da01c83ec682abb7db83061.jpg,07dc7b921c6ad65322b98fa74c94e20d0b3ff8cd4da01c83ec682abb7db83061,dev,E
images/07e1c016e750679339644d237b09e062c2593bfb08bffce5f2fc242c95035f5f.jpg,07e1c016e750679339644d237b09e062c2593bfb08bffce5f2fc242c95035f5f,dev,E
images/07e703b762cee58787ebc294131a27b91006e06acea47edcabf123a65d6bd7e9.jpg,07e703b762cee58787ebc294131a27b91006e06acea47edcabf123a65d6bd7e9,dev,E
images/07f8c4bfd8a24b91016b059adbf593895510700f98eb91c6e6f195106a4f165e.jpg,07f8c4bfd8a24b91016b059adbf593895510700f98eb91c6e6f195106a4f165e,dev,A
images/0818f254f0355f70609b8d55eac696821645332d7d1e93d8c1f05734c2f6a14b.jpg,0818f254f0355f70609b8d55eac696821645332d7d1e93d8c1f05734c2f6a14b,dev,C
images/083006c46f5b2e00c07d4d8d9b66fab865e9a3af9ffaa0d37d1d1548c9765eaa.jpg,083006c46f5b2e00c07d4d8d9b66fab865e9a3af9ffaa0d37d1d1548c9765eaa,dev,E
images/0882cf91062e4e55f112a2bd8e8199a84af3fc67c929d2249049bcca0a00c822.jpg,0882cf91062e4e55f112a2bd8e8199a84af3fc67c929d2249049bcca0a00c822,dev,E
images/0891b2187ed49c9c89fc4d4a5837fadb56ff1f35958591d56d272c0ea64e20af.jpg,0891b2187ed49c9c89fc4d4a5837fadb56ff1f35958591d56d272c0ea64e20af,dev,B
images/08df4ea52fc06890e2845403237f79ec993932d456902ad4711e97813c0d4cdb.jpg,08df4ea52fc06890e2845403237f79ec993932d456902ad4711e97813c0d4cdb,dev,B
images/08f862954ed71bc7fc89903b97da1780190e2dc168b1cc5dd9c17fb1d53d2bc9.jpg,08f862954ed71bc7fc89903b97da1780190e2dc168b1cc5dd9c17fb1d53d2bc9,dev,E
images/0908be6fd0000374f4835c4677473c27726dc31c02383bebfb409f61244c5f67.jpg,0908be6fd0000374f4835c4677473c27726dc31c02383bebfb409f61244c5f67,dev,C
images/0921b0fe0a59f1b403a1416a8799cd54ba7d9b807ce426fcb2fea1f759e92175.jpg,0921b0fe0a59f1b403a1416a8799cd54ba7d9b807ce426fcb2fea1f759e92175,dev,D
images/096b2b713f36ec3603f866c63042a9b9a057df2a204843d84f7fc13be9a07da0.jpg,096b2b713f36ec3603f866c63042a9b9a057df2a204843d84f7fc13be9a07da0,dev,E
images/09b474f0e9222f28d059f02d80765d1d53c6d0cf697620a87f82674ea241fce7.jpg,09b474f0e9222f28d059f02d80765d1d53c6d0cf697620a87f82674ea241fce7,dev,B
images/09edfeb65bc2b77558a564ba5e236243da4efec3f7772be0077e71d468700e55.jpg,09edfeb65bc2b77558a564ba5e236243da4efec3f7772be0077e71d468700e55,dev,D
images/0a01cf885650c3025e790deaf17d758d25a7e3ca5a56f1c24108bb76bb2fc86a.jpg,0a01cf885650c3025e790deaf17d758d25a7e3ca5a56f1c24108bb76bb2fc86a,dev,D
images/0a1ac19b4c5ebe66fba5abf1688385a1b61a158b1ac976c52d1ce8cb71e0a15c.jpg,0a1ac19b4c5ebe66fba5abf1688385a1b61a158b1ac976c52d1ce8cb71e0a15c,dev,E
images/0a29916106b9513ee2d96907c17c5ba3b31119fe791badebb247114e7ab1cb1a.jpg,0a29916106b9513ee2d96907c17c5ba3b31119fe791badebb247114e7ab1cb1a,dev,C
images/0a2a76490c7ea871500b93deb7ba7c22bdb77df4a9218259fd1c2f7bf5a8fa22.jpg,0a2a76490c7ea871500b93deb7ba7c22bdb77df4a9218259fd1c2f7bf5a8fa22,dev,E
images/0a4b6bb08cb4b7aea5a88c684bc936b776b2f7065d86a9c8465356be90d0b7d3.jpg,0a4b6bb08cb4b7aea5a88c684bc936b776b2f7065d86a9c8465356be90d0b7d3,dev,D
images/0a62a30e796700b73b6ab4651a5f07794c43a27331958bab9e028f8c7abe22be.jpg,0a62a30e796700b73b6ab4651a5f07794c43a27331958bab9e028f8c7abe22be,dev,E
images/0a66d8211f0968da1823d88fd8bb3c961e2a0ce7008a537149db794647cde6b1.jpg,0a66d8211f0968da1823d88fd8bb3c961e2a0ce7008a537149db794647cde6b1,dev,D
images/0a7ec12f98b6a3fcdfeb7d4fa47977f2fa0953cd1429c4dcc15c29f055f38b68.jpg,0a7ec12f98b6a3fcdfeb7d4fa47977f2fa0953cd1429c4dcc15c29f055f38b68,dev,B
images/0a8194f14fc027daf8098d3098e719f1e3fa8b5ecc68ff1093b3dfd57e7d4140.jpg,0a8194f14fc027daf8098d3098e719f1e3fa8b5ecc68ff1093b3dfd57e7d4140,dev,E
images/0a8a1a910535eff77caf5fd8f0d5a908538f661b22a3498e0368abdcf1bd9aff.jpg,0a8a1a910535eff77caf5fd8f0d5a908538f661b22a3498e0368abdcf1bd9aff,dev,C
images/0a9cd8bfe8ecc405a08dc146fa3b7ede101af5fcfbacfe71d73592c895585ba7.jpg,0a9cd8bfe8ecc405a08dc146fa3b7ede101af5fcfbacfe71d73592c895585ba7,dev,E
images/0aa4b0a76fb7b3223c9ec6e69be4aeb6ca98399dc0645fcb0f4abecd0744ac9d.jpg,0aa4b0a76fb7b3223c9ec6e69be4aeb6ca98399dc0645fcb0f4abecd0744ac9d,dev,B
images/0adc5966847e72c21871be9e0cbf6a9536731a92d68dfc932a04f55dedf6c7c8.jpg,0adc5966847e72c21871be9e0cbf6a9536731a92d68dfc932a04f55dedf6c7c8,dev,E
images/0afa53f9e437b5ebc426092a1619a0f91aa825c1e6fddaf46ae10277a3edc32d.jpg,0afa53f9e437b5ebc426092a1619a0f91aa825c1e6fddaf46ae10277a3edc32d,dev,E
images/0b14215a5fb6fb0904f149b0ca90680c660a28b1d0ddcd288d733bc043c7735e.jpg,0b14215a5fb6fb0904f149b0ca90680c660a28b1d0ddcd288d733bc043c7735e,dev,E
images/0b2dbdbdecf1ae833acaee93a42bc64f7a2bc341bc831528de1be7717820f6f6.jpg,0b2dbdbdecf1ae833acaee93a42bc64f7a2bc341bc831528de1be7717820f6f6,dev,D
images/0b5092916504a381e00a1b2c62410a8b8d4b3c4d454f09c79e9487022cb2c2fd.jpg,0b5092916504a381e00a1b2c62410a8b8d4b3c4d454f09c79e9487022cb2c2fd,dev,E
images/0b587ba9756946eb4cf77ae632381e148e9f88dc4ec46be82ac1e13914edfb1d.jpg,0b587ba9756946eb4cf77ae632381e148e9f88dc4ec46be82ac1e13914edfb1d,dev,E
images/0b5e98720aee9f2826996469c6e7f6c745a4f3a4b82b1d05f5ad658baab32ec2.jpg,0b5e98720aee9f2826996469c6e7f6c745a4f3a4b82b1d05f5ad658baab32ec2,dev,E
images/0b673356ac89cc79565a475fc5b70757c32f47268e95accacffba5a01bf74b15.jpg,0b673356ac89cc79565a475fc5b70757c32f47268e95accacffba5a01bf74b15,dev,E
images/0b96f52ba0ee469aa0ec38ccd51b4db6b7a412ad43c4bbfce1911a5b08b8452b.jpg,0b96f52ba0ee469aa0ec38ccd51b4db6b7a412ad43c4bbfce1911a5b08b8452b,dev,E
images/0ba8aa355b5411bf672dad61e6d6745396558552e1472b3994ab12be3d5e9dc4.jpg,0ba8aa355b5411bf672dad61e6d6745396558552e1472b3994ab12be3d5e9dc4,dev,D
images/0bbb47181d503c2cfe755e368171281b181e597ccc75a9427ee88d50bdaf3d25.jpg,0bbb47181d503c2cfe755e368171281b181e597ccc75a9427ee88d50bdaf3d25,dev,B
images/0bc8a35ec2e05be6223cd5a3faf8d9abbe07679205f57bc53db97f22854ecd37.jpg,0bc8a35ec2e05be6223cd5a3faf8d9abbe07679205f57bc53db97f22854ecd37,dev,D
images/0be1a324d63386e9dce287106842eebd86267badf08a7f678afe52218d555e6b.jpg,0be1a324d63386e9dce287106842eebd86267badf08a7f678afe52218d555e6b,dev,E
images/0c0bdeabde603bfae9717a533f37b7e1aef19acd8b34f28c7dac336428f4c42f.jpg,0c0bdeabde603bfae9717a533f37b7e1aef19acd8b34f28c7dac336428f4c42f,dev,B
images/0c0c54dd2a9d66d1678eaebae0af4e9826e9531dcf7ad0cfaa1b48c64a98bb50.jpg,0c0c54dd2a9d66d1678eaebae0af4e9826e9531dcf7ad0cfaa1b48c64a98bb50,dev,E
images/0c121930ee5cc574282b8fe216b06145939d43b07e9caf259e1066f59c7375b3.jpg,0c121930ee5cc574282b8fe216b06145939d43b07e9caf259e1066f59c7375b3,dev,B
images/0c1d9f62ccdd4d6e91e68a2285c368161caa28153d958d05198bef70b97c31f0.jpg,0c1d9f62ccdd4d6e91e68a2285c368161caa28153d958d05198bef70b97c31f0,dev,C
images/0c5e27d67993a8b9f08ec476d7e1ac1994b64fdb2809acbceadcb36c9469dcc3.jpg,0c5e27d67993a8b9f08ec476d7e1ac1994b64fdb2809acbceadcb36c9469dcc3,dev,C
images/0c70c015667d68f9eb0be17e98c659ed8c7facac64dd1ae5da747655c30226dd.jpg,0c70c015667d68f9eb0be17e98c659ed8c7facac64dd1ae5da747655c30226dd,dev,D
images/0c9e0cfe16abe508f66fa22e09d042821706f49da64e46e4bb73bab46118f718.jpg,0c9e0cfe16abe508f66fa22e09d042821706f49da64e46e4bb73bab46118f718,dev,B
images/0ccd95f734cfbeb75c2a50f384cb36defa9dede6b690949035e798f5025d6fb5.jpg,0ccd95f734cfbeb75c2a50f384cb36defa9dede6b690949035e798f5025d6fb5,dev,B
images/0cd7622676d4c3b737626ce82878fb1aa33f5a12058247d1a2ffd4befa21fb00.jpg,0cd7622676d4c3b737626ce82878fb1aa33f5a12058247d1a2ffd4befa21fb00,dev,D
images/0cd846c42c0b7a59d2563e1bc55b70d4baeffb2a526e9991d042c7174d062cc5.jpg,0cd846c42c0b7a59d2563e1bc55b70d4baeffb2a526e9991d042c7174d062cc5,dev,D
images/0cf2494d7c9489ae1f93599c0541084876e71969aa4334a42fc8d1439d823317.jpg,0cf2494d7c9489ae1f93599c0541084876e71969aa4334a42fc8d1439d823317,dev,D
images/0d085050ac8c8027c1eb7725e44e6a2707132664c7fa143fa94457bcbbd08df4.jpg,0d085050ac8c8027c1eb7725e44e6a2707132664c7fa143fa94457bcbbd08df4,dev,C
images/0d0bdbfdd6810356cd4644975c8726f1fc1ec9e73f5f045b2cda2ad45ce80901.jpg,0d0bdbfdd6810356cd4644975c8726f1fc1ec9e73f5f045b2cda2ad45ce80901,dev,C
images/0d1860166428cb5243be4ccdbc4ab06c7cd874ba85217d56772eb832a4e8bd82.jpg,0d1860166428cb5243be4ccdbc4ab06c7cd874ba85217d56772eb832a4e8bd82,dev,D
images/0d242acbbd8e11853ee22d03d269c8c1106f9b28797fb3b4506a7b51c1170013.jpg,0d242acbbd8e11853ee22d03d269c8c1106f9b28797fb3b4506a7b51c1170013,dev,E
images/0d8a35701824a621f0ef183f898ce6add14a1d26d9cf766e8374b273d6e54182.jpg,0d8a35701824a621f0ef183f898ce6add14a1d26d9cf766e8374b273d6e54182,dev,E
images/0dae235d601ecbfa60c1b3eb07ed7f9eaf001e0bf839ad0c7a0bb969ec4ff0b5.jpg,0dae235d601ecbfa60c1b3eb07ed7f9eaf001e0bf839ad0c7a0bb969ec4ff0b5,dev,D
images/0dc414a8b43ebd588ed3103c2b1467d6f154617813ff0479c6e2cefbdb4a818a.jpg,0dc414a8b43ebd588ed3103c2b1467d6f154617813ff0479c6e2cefbdb4a818a,dev,E
images/0dd391fe88757f9c99396456f07c576cf9f687bb7ddb2daf70edb86a302698b5.jpg,0dd391fe88757f9c99396456f07c576cf9f687bb7ddb2daf70edb86a302698b5,dev,E
images/0dd68484aeeb314794e5b627eeacecdec035694fb35f62c5078a1be35b8ba85d.jpg,0dd68484aeeb314794e5b627eeacecdec035694fb35f62c5078a1be35b8ba85d,dev,E
images/0de540b73e25d8f00628863f368cb929c73ae6b11d9de0aea03e634394a6c915.jpg,0de540b73e25d8f00628863f368cb929c73ae6b11d9de0aea03e634394a6c915,dev,E
images/0defc652bd1c7d96e270bfc4645b25586be9dc6090a3b54cac0715617538edba.jpg,0defc652bd1c7d96e270bfc4645b25586be9dc6090a3b54cac0715617538edba,dev,D
images/0dfffd1361c8287d82241864f72088143fd400c34a05506990590e8dee96ec12.jpg,0dfffd1361c8287d82241864f72088143fd400c34a05506990590e8dee96ec12,dev,B
images/0e1b8fb0f93332ddc58ba624593248b3e5d45c304be9a59b3138adfc7bd16beb.jpg,0e1b8fb0f93332ddc58ba624593248b3e5d45c304be9a59b3138adfc7bd16beb,dev,B
images/0e214c27dc74f29534e32398063a036fe957d8f85d3797a0b7b4f89ed3c32faf.jpg,0e214c27dc74f29534e32398063a036fe957d8f85d3797a0b7b4f89ed3c32faf,dev,B
images/0e4a8027b7ea1e3fac6ab6bbb29610eb470fca4a6aac8bb846670c86021ead2f.jpg,0e4a8027b7ea1e3fac6ab6bbb29610eb470fca4a6aac8bb846670c86021ead2f,dev,D
images/0e4dfd04294ec8bb9bf5a30dd93cbde9b1b550e8d18e071f85b570ed8c3b3502.jpg,0e4dfd04294ec8bb9bf5a30dd93cbde9b1b550e8d18e071f85b570ed8c3b3502,dev,E
images/0e4e7ff015c697a6e5fde98bde21503e2473afca9ba1277900321ab1bcc622aa.jpg,0e4e7ff015c697a6e5fde98bde21503e2473afca9ba1277900321ab1bcc622aa,dev,E
images/0e74ed6f756b5208d917dfdd463bcd171f16ac93ad6936dfcf84029b8406c742.jpg,0e74ed6f756b5208d917dfdd463bcd171f16ac93ad6936dfcf84029b8406c742,dev,E
images/0e8212ddb349aeead28a2b4db04f0a4703b3671250c7a127f76b26005cdfb136.jpg,0e8212ddb349aeead28a2b4db04f0a4703b3671250c7a127f76b26005cdfb136,dev,E
images/0e82e426f1b6482edd2ad1f7c44536f69fbeca95d1be7c7b247f9b1ad1b643e3.jpg,0e82e426f1b6482edd2ad1f7c44536f69fbeca95d1be7c7b247f9b1ad1b643e3,dev,B
images/0e861559fc132da5ec3fbec1793b356197a33b7859c20aaff42057d8f5f613ec.jpg,0e861559fc132da5ec3fbec1793b356197a33b7859c20aaff42057d8f5f613ec,dev,E
images/0e90e8f08fd78ed4fe40504adfb3d0dce0fd84e080ad86c7800d8bb5eb918412.jpg,0e90e8f08fd78ed4fe40504adfb3d0dce0fd84e080ad86c7800d8bb5eb918412,dev,E
images/0ea95e651122de2d4f74f916a53f330d77fa68fae473516e79ead34bd078840b.jpg,0ea95e651122de2d4f74f916a53f330d77fa68fae473516e79ead34bd078840b,dev,B
images/0eac9de776441c13aa084f55a77f1e91ecffe3b15a7f977fe0703dc36b6c30ed.jpg,0eac9de776441c13aa084f55a77f1e91ecffe3b15a7f977fe0703dc36b6c30ed,dev,B
images/0eec12d73ad8bfacd99fb2d3cd2297fc78b4d362f3dbcfae9b5a1c659dface66.jpg,0eec12d73ad8bfacd99fb2d3cd2297fc78b4d362f3dbcfae9b5a1c659dface66,dev,E
images/0f26ccff093aefd38a26f21eac86644b71d2c6cf9b229554544fdf7efa0132d5.jpg,0f26ccff093aefd38a26f21eac86644b71d2c6cf9b229554544fdf7efa0132d5,dev,D
images/0f311480cc489367ee38400c1f4479760ef8d63a94c8e4e3c452652a3d0a5285.jpg,0f311480cc489367ee38400c1f4479760ef8d63a94c8e4e3c452652a3d0a5285,dev,B
images/0f40d9249370ecca7ecc37f19f1b6e67d9da1228830488a4e87c584062459898.jpg,0f40d9249370ecca7ecc37f19f1b6e67d9da1228830488a4e87c584062459898,dev,B
images/0f50fa64174c1cebb780bfff02baea50527f64910fb9b8a17a4ffa9584e90f84.jpg,0f50fa64174c1cebb780bfff02baea50527f64910fb9b8a17a4ffa9584e90f84,dev,E
images/0f53c446ffef5233ac0efa2829b483e81b9ffe78e521774d8ff1aff1b8a39342.jpg,0f53c446ffef5233ac0efa2829b483e81b9ffe78e521774d8ff1aff1b8a39342,dev,D
images/0f69654996b8e74702cc4a52a2451eaab7383d4720b7ea7b0256591e7f7a083c.jpg,0f69654996b8e74702cc4a52a2451eaab7383d4720b7ea7b0256591e7f7a083c,dev,C
images/0f97e71545d35118686dc796a9d1ebcf95d26f102dbf579b3419cc16ebee5023.jpg,0f97e71545d35118686dc796a9d1ebcf95d26f102dbf579b3419cc16ebee5023,dev,E
images/0faddb72f2205e2056bc99c523f6998911ac545b1fc71ac7b68d06bfd5e27e8a.jpg,0faddb72f2205e2056bc99c523f6998911ac545b1fc71ac7b68d06bfd5e27e8a,dev,B
images/0fce8971d0c20e46c20f74543e80a8eecb8f2a5d1d6bb8c655b55a7cf5c8471e.jpg,0fce8971d0c20e46c20f74543e80a8eecb8f2a5d1d6bb8c655b55a7cf5c8471e,dev,E
images/0fd6485105b2d7395fcc742c586011687ceb5ceab71d29031b4d0fe32fba9549.jpg,0fd6485105b2d7395fcc742c586011687ceb5ceab71d29031b4d0fe32fba9549,dev,C
images/0ff661026b8b8ae41f5deb75f5346f0707e529f6a36c5c6dd2fb8065ed3a2ac6.jpg,0ff661026b8b8ae41f5deb75f5346f0707e529f6a36c5c6dd2fb8065ed3a2ac6,dev,E
images/0ffaad94fcd49cf5202edfd878e41859f38075c790d71a5552f430af8774d274.jpg,0ffaad94fcd49cf5202edfd878e41859f38075c790d71a5552f430af8774d274,dev,B
images/10077b72fc870672c43c2ed4efb30615f7a932a068b8de7a9837e2edaea6af90.jpg,10077b72fc870672c43c2ed4efb30615f7a932a068b8de7a9837e2edaea6af90,dev,B
images/100a37d1fa6db3966ba380853a4314a200210a357beb84ca54c9013b8d413062.jpg,100a37d1fa6db3966ba380853a4314a200210a357beb84ca54c9013b8d413062,dev,E
images/102b9b641075c40a8720010dd6a9494183df4ff1567759a071d16548efbbea3e.jpg,102b9b641075c40a8720010dd6a9494183df4ff1567759a071d16548efbbea3e,dev,D
images/104eef1dd4a8f3a568cdb082ebc22e99f99de916acfc817c929dc17c22205dc0.jpg,104eef1dd4a8f3a568cdb082ebc22e99f99de916acfc817c929dc17c22205dc0,dev,E
images/1072aebd7e16f0fc5ee8e2a471f3c00accdde7b4ff702c7fefef66d9c2804079.jpg,1072aebd7e16f0fc5ee8e2a471f3c00accdde7b4ff702c7fefef66d9c2804079,dev,E
images/107a0e306234f0c19a458c970168522060782bc26c0e108b43b77a3e479c38ec.jpg,107a0e306234f0c19a458c970168522060782bc26c0e108b43b77a3e479c38ec,dev,E
images/109a18ecc91b7768cde35f48c0e26127e9c539b698cf01bea3ce782cfb559c12.jpg,109a18ecc91b7768cde35f48c0e26127e9c539b698cf01bea3ce782cfb559c12,dev,B
images/10add4734399152e6e80e802f3696530d4e754ec31e2d48318cfdeee06803c7f.jpg,10add4734399152e6e80e802f3696530d4e754ec31e2d48318cfdeee06803c7f,dev,E
images/10bc80b91cd39e2c2b7af84d84d392005844bc9583ef5f04e6efe449b103b3e5.jpg,10bc80b91cd39e2c2b7af84d84d392005844bc9583ef5f04e6efe449b103b3e5,dev,E
images/10bf7192ec9e311db905d39c69bae1dddd6fb8391d1b439185c494adc3c7625c.jpg,10bf7192ec9e311db905d39c69bae1dddd6fb8391d1b439185c494adc3c7625c,dev,B
images/10d61952861dc0872a524b42a8f3b4ba71803bd01e73eaf3e80fdf79dcc74f53.jpg,10d61952861dc0872a524b42a8f3b4ba71803bd01e73eaf3e80fdf79dcc74f53,dev,B
images/10f8896e891533fcad90c0742184ecf90387716b4bc1901a0030669fa0b93952.jpg,10f8896e891533fcad90c0742184ecf90387716b4bc1901a0030669fa0b93952,dev,D
images/111d643814a6ef40c4e58b4fcbc192bace6d02773562ebe60df4bdb8fb0b4a15.jpg,111d643814a6ef40c4e58b4fcbc192bace6d02773562ebe60df4bdb8fb0b4a15,dev,B
images/112aeaadf3702b1aeaef9669f2825e707a3a890b00a8b91490a8bdbb2b1f71de.jpg,112aeaadf3702b1aeaef9669f2825e707a3a890b00a8b91490a8bdbb2b1f71de,dev,B
images/113d4761cfc37e79b25d7340c2e82027c1c9f39e17e159a61f03e701930d550c.jpg,113d4761cfc37e79b25d7340c2e82027c1c9f39e17e159a61f03e701930d550c,dev,B
images/114a1bf9a6f24a36886c5e036404e706392b02533813974ae7a8f9760d51a83b.jpg,114a1bf9a6f24a36886c5e036404e706392b02533813974ae7a8f9760d51a83b,dev,E
images/1153c76dd5ea6578c08d2884cd625303a4ddf7126ae6c28a2610ddaa6e17ad3d.jpg,1153c76dd5ea6578c08d2884cd625303a4ddf7126ae6c28a2610ddaa6e17ad3d,dev,D
images/117590693174547bf8986efdb2cecb59b6258e5e8913813f67851427ac06fd9b.jpg,117590693174547bf8986efdb2cecb59b6258e5e8913813f67851427ac06fd9b,dev,D
images/118c69ce123a94a6f8851dfb10ec59a75d4631c9961dbbd698afb12dd20f83a6.jpg,118c69ce123a94a6f8851dfb10ec59a75d4631c9961dbbd698afb12dd20f83a6,dev,E
images/11ab2d0c65e98fca056f24b993ce1252c71c0d7f53edf68456296a370dda5a0a.jpg,11ab2d0c65e98fca056f24b993ce1252c71c0d7f53edf68456296a370dda5a0a,dev,E
images/11d42311200264bf410d7a4570d15e18a413eddbe28ae3a9594a4a268afd779b.jpg,11d42311200264bf410d7a4570d15e18a413eddbe28ae3a9594a4a268afd779b,dev,B
images/1202aa5e2f24a00e5db95c90742be018d0e8c0b20d3d612993cfb161daee4bd1.jpg,1202aa5e2f24a00e5db95c90742be018d0e8c0b20d3d612993cfb161daee4bd1,dev,B
images/120885bb277e9989bc416db923485c44c55ddde1846bf0e918b0d44e9d117c2c.jpg,120885bb277e9989bc416db923485c44c55ddde1846bf0e918b0d44e9d117c2c,dev,D
images/12139d64835ee978c5364ee07d84062332f25a9185517bc04b31206d390f5929.jpg,12139d64835ee978c5364ee07d84062332f25a9185517bc04b31206d390f5929,dev,B
images/123dd6c92eae90c9157c5bcd209a792b90aaf15b2e0b72b006e18347e0ef53b8.jpg,123dd6c92eae90c9157c5bcd209a792b90aaf15b2e0b72b006e18347e0ef53b8,dev,E
images/1243cc0b429ed8803c18cce58a3140cc280e8153cb416e465187635ab3adbfd0.jpg,1243cc0b429ed8803c18cce58a3140cc280e8153cb416e465187635ab3adbfd0,dev,B
images/12512da0ffcd23bd214e0e9aee2dad38d86fc5974265dd602053f836324ae9b6.jpg,12512da0ffcd23bd214e0e9aee2dad38d86fc5974265dd602053f836324ae9b6,dev,B
images/1256502f6849385c5145c650178fff095d2361201676660f5262cd39879ac037.jpg,1256502f6849385c5145c650178fff095d2361201676660f5262cd39879ac037,dev,C
images/1290c88a1a26b8293ac62afbf15ee68958c6c10d3c00197fd4c9412fa54e4e3e.jpg,1290c88a1a26b8293ac62afbf15ee68958c6c10d3c00197fd4c9412fa54e4e3e,dev,E
images/129e5aeee19abced40f16ba3f32c6784254c350b4145b0d6c9849d8824e1a853.jpg,129e5aeee19abced40f16ba3f32c6784254c350b4145b0d6c9849d8824e1a853,dev,B
images/12a6d4bd4cb8d3be045848228e034f630c348fe50cba0498b759878e06290b9a.jpg,12a6d4bd4cb8d3be045848228e034f630c348fe50cba0498b759878e06290b9a,dev,E
images/12b014d13c6806b9f3c9d6b007533defba46d3e4b98d1ddc93dbadbce97ec029.jpg,12b014d13c6806b9f3c9d6b007533defba46d3e4b98d1ddc93dbadbce97ec029,dev,E
images/12c822b43c4f24ea24c81df1e2362a404ea294115ad9dfc893a72856036d26cb.jpg,12c822b43c4f24ea24c81df1e2362a404ea294115ad9dfc893a72856036d26cb,dev,D
images/12e2bbe98cb29ed9fec5d8a636690cd25e633655d42cbdce49e05e017184d63a.jpg,12e2bbe98cb29ed9fec5d8a636690cd25e633655d42cbdce49e05e017184d63a,dev,E
images/12f54de3ff75f760ee1cae982bdcf35ef9de8e7324897a5622085b494fbfe25f.jpg,12f54de3ff75f760ee1cae982bdcf35ef9de8e7324897a5622085b494fbfe25f,dev,E
images/12fc19b632e79316f1642a81892bf828d8bf0acb37f3061d45154fa6d414aeb1.jpg,12fc19b632e79316f1642a81892bf828d8bf0acb37f3061d45154fa6d414aeb1,dev,E
images/12fd1e32ea033c85425b011e0cb4926177dfc2a7eccb62f057cfae191a499a4c.jpg,12fd1e32ea033c85425b011e0cb4926177dfc2a7eccb62f057cfae191a499a4c,dev,E
images/1301a0d3f79edb583d3f696dd5e890ca13d768803b8e1639e91805c3c79c9055.jpg,1301a0d3f79edb583d3f696dd5e890ca13d768803b8e1639e91805c3c79c9055,dev,B
images/1318e8bec03e1eecd2f4de261d7e92bd6c7c374eb1036ba5e26cea0905f456f0.jpg,1318e8bec03e1eecd2f4de261d7e92bd6c7c374eb1036ba5e26cea0905f456f0,dev,E
images/133d090bfacbe94ad3abfd9d464e8df228e684d4e235e4dee50c26ccc1c5330c.jpg,133d090bfacbe94ad3abfd9d464e8df228e684d4e235e4dee50c26ccc1c5330c,dev,D
images/13588738df3da75fd2632212863ef6bd801f77b45f9d703b89696c03afd67b02.jpg,13588738df3da75fd2632212863ef6bd801f77b45f9d703b89696c03afd67b02,dev,C
images/135f67df6da4a652aa76cdd39492e274d6f11f06cd7ab8b3279fa5926865e2ea.jpg,135f67df6da4a652aa76cdd39492e274d6f11f06cd7ab8b3279fa5926865e2ea,dev,A
images/1373b61996c28f22f8b02afc71f231d1116cf2b59be114b2ad4fade5b28a9f0d.jpg,1373b61996c28f22f8b02afc71f231d1116cf2b59be114b2ad4fade5b28a9f0d,dev,B
images/13a3256e8f35af3a1cfad1007b87063f572f04deaee2902c03fe73b9ffd8ae7b.jpg,13a3256e8f35af3a1cfad1007b87063f572f04deaee2902c03fe73b9ffd8ae7b,dev,E
images/13b040db89311d3583f1561c0420130c6d9c1a122b09239f2c07195bb7757d10.jpg,13b040db89311d3583f1561c0420130c6d9c1a122b09239f2c07195bb7757d10,dev,E
images/13b0b3a6880b893849e8d62c4269a0ca66dd19243825146d5de51e9c1576ba74.jpg,13b0b3a6880b893849e8d62c4269a0ca66dd19243825146d5de51e9c1576ba74,dev,E
images/13d27161bddd105efeb09c48b871fb1d713e1f4c1db02b2d73e07a95cd212384.jpg,13d27161bddd105efeb09c48b871fb1d713e1f4c1db02b2d73e07a95cd212384,dev,D
images/13f005c7e15bc72ba669d5f817a53527c9790d68c46a419e5098e059c5d67f18.jpg,13f005c7e15bc72ba669d5f817a53527c9790d68c46a419e5098e059c5d67f18,dev,D
images/13f3a650cd6cac0728b8e9856c8a72f47b10661d7e88c4c4080f40185b4cfa76.jpg,13f3a650cd6cac0728b8e9856c8a72f47b10661d7e88c4c4080f40185b4cfa76,dev,A
images/13f5faa42b04cc623eefaba76229b41e97618a8663e6be3bfa425e727ff40e2e.jpg,13f5faa42b04cc623eefaba76229b41e97618a8663e6be3bfa425e727ff40e2e,dev,E
images/14093d6ef0227811d68a97b59f02bc5bfa99b78f063d9494df879c01907fbd96.jpg,14093d6ef0227811d68a97b59f02bc5bfa99b78f063d9494df879c01907fbd96,dev,D
images/141a1d9276aa667174eea436cddf042f695cd2ba2625b70fd86b228bdd9dd6f8.jpg,141a1d9276aa667174eea436cddf042f695cd2ba2625b70fd86b228bdd9dd6f8,dev,B
images/141faafacc0f7be330ddd68c6650c2c4a94fbc7f5a52e73560699ebca781b355.jpg,141faafacc0f7be330ddd68c6650c2c4a94fbc7f5a52e73560699ebca781b355,dev,C
images/1430bf48d45db59ec31c4bf73a1f863506c4655b7b30707f480d19122cf8e024.jpg,1430bf48d45db59ec31c4bf73a1f863506c4655b7b30707f480d19122cf8e024,dev,B
images/143d2c9a7b3b21327bb443c9c50b89c7492107bacf71f01ebc3ffe965a8d94d8.jpg,143d2c9a7b3b21327bb443c9c50b89c7492107bacf71f01ebc3ffe965a8d94d8,dev,E
images/148193c575e5f48b5eada4cafb982edc276159b6498b0f363a787daf8e7be78e.jpg,148193c575e5f48b5eada4cafb982edc276159b6498b0f363a787daf8e7be78e,dev,B
images/149fce6310a2e6e0002777a71b85a249d4963c25fcbf8d1489ff221c20eb4717.jpg,149fce6310a2e6e0002777a71b85a249d4963c25fcbf8d1489ff221c20eb4717,dev,D
images/14aea577441613eef815a9098be04548521931d6c81afbbe883504772ceca588.jpg,14aea577441613eef815a9098be04548521931d6c81afbbe883504772ceca588,dev,D
images/14bddcf2c6a22b7a42ee0f1f11b5ef054faa6f5d950e1eb9e159491eeb9a7867.jpg,14bddcf2c6a22b7a42ee0f1f11b5ef054faa6f5d950e1eb9e159491eeb9a7867,dev,C
images/14d74cc8da822730d90045057b30c5bbcf75c6c84ddfa7489e48ca8c1bc361e6.jpg,14d74cc8da822730d90045057b30c5bbcf75c6c84ddfa7489e48ca8c1bc361e6,dev,B
images/14f8976e4e3b8f34fa6f65b2446eeb986fbc17e77f918e931f7f86204746b252.jpg,14f8976e4e3b8f34fa6f65b2446eeb986fbc17e77f918e931f7f86204746b252,dev,B
images/1522ac1cf0bbd965e0f16ea3164a908846378be6774a951adea3449fbaf183ca.jpg,1522ac1cf0bbd965e0f16ea3164a908846378be6774a951adea3449fbaf183ca,dev,E
images/152a9fdd2431f52fe520992bdbbeffc3f595fbee962b2cd90ad1fc32281f653f.jpg,152a9fdd2431f52fe520992bdbbeffc3f595fbee962b2cd90ad1fc32281f653f,dev,B
images/152eb03f107cadafdd982e992c47a6d9fe0dc157a2552b5db6260237a87e7008.jpg,152eb03f107cadafdd982e992c47a6d9fe0dc157a2552b5db6260237a87e7008,dev,B
images/154f86ff2bbeeb30926433fdf960b2696188f67224149218f728a86abf84e100.jpg,154f86ff2bbeeb30926433fdf960b2696188f67224149218f728a86abf84e100,dev,B
images/15ea20d995a9ec305ccd1937dbb6be902cbac35f24f9e93c0b70b795a7d4d5a3.jpg,15ea20d995a9ec305ccd1937dbb6be902cbac35f24f9e93c0b70b795a7d4d5a3,dev,D
images/160e015e6c9b44bbadf17ce3bfab94302015d704f256981f177d64943bc534be.jpg,160e015e6c9b44bbadf17ce3bfab94302015d704f256981f177d64943bc534be,dev,D
images/161aabc83b23b3fe8395dd8943c227c7d921053bbf44d19ff87a8e793f1937f1.jpg,161aabc83b23b3fe8395dd8943c227c7d921053bbf44d19ff87a8e793f1937f1,dev,E
images/1644c678640b08d51fcbcd662d246766f847cf2ee29db9ba7217c81c610d79a0.jpg,1644c678640b08d51fcbcd662d246766f847cf2ee29db9ba7217c81c610d79a0,dev,E
images/1645331390cef307c945b48170ca9459fd612ed37dd9f4a4339ad5da1a037b77.jpg,1645331390cef307c945b48170ca9459fd612ed37dd9f4a4339ad5da1a037b77,dev,B
images/165df8931c953b8213e5328474551cab028706f61df72e768f81d0fbf9cb2ac8.jpg,165df8931c953b8213e5328474551cab028706f61df72e768f81d0fbf9cb2ac8,dev,B
images/169343a9425ba52bdb80762f8b8cb923e5d67e28fea6568cc391dae4691ff981.jpg,169343a9425ba52bdb80762f8b8cb923e5d67e28fea6568cc391dae4691ff981,dev,E
images/16c46a1c29cb7881e4bfc500fcb3d1ce851bb495836ab1f723e626265f6278fd.jpg,16c46a1c29cb7881e4bfc500fcb3d1ce851bb495836ab1f723e626265f6278fd,dev,A
images/16df582b72a6f0c3860c8af96aad064b9d993e1a179b58ea6d6b20705b1f739e.jpg,16df582b72a6f0c3860c8af96aad064b9d993e1a179b58ea6d6b20705b1f739e,dev,E
images/16e13e6398fbac8fe7dae8de630c1412aa9b43e027cb4feafb1fe21f05f430b7.jpg,16e13e6398fbac8fe7dae8de630c1412aa9b43e027cb4feafb1fe21f05f430b7,dev,D
images/16e59f02e4e80dd3b8d9a28822c98c8e0e24242aa001bb2337c3eb37a33df169.jpg,16e59f02e4e80dd3b8d9a28822c98c8e0e24242aa001bb2337c3eb37a33df169,dev,A
images/17098814227d89620d13b7ae3e56832d6913cc0c3eb4a4ef661ca64fa17837e4.jpg,17098814227d89620d13b7ae3e56832d6913cc0c3eb4a4ef661ca64fa17837e4,dev,E
images/171191093e6cce80042edc90ca6a9e1ddf9840b9f7c4dfafaece70eab41b19ea.jpg,171191093e6cce80042edc90ca6a9e1ddf9840b9f7c4dfafaece70eab41b19ea,dev,B
images/17126da1e983dbc6dbb4ddf905ff33fbb3290bea008f67129cede9f1d96c5088.jpg,17126da1e983dbc6dbb4ddf905ff33fbb3290bea008f67129cede9f1d96c5088,dev,E
images/173f0a0ac28bb364ccfff85d2f9976aa1d652e359f8cf7b5a31054064acfbe1e.jpg,173f0a0ac28bb364ccfff85d2f9976aa1d652e359f8cf7b5a31054064acfbe1e,dev,D
images/174d71ebad80a84c74e2ff8d5dfdbfd19c34a13d9f5bef3741c347ac235116ce.jpg,174d71ebad80a84c74e2ff8d5dfdbfd19c34a13d9f5bef3741c347ac235116ce,dev,B
images/1795d322f823a4d437fdc4778ca9abaf74b6b114b18b894d54a1e8dd2398f630.jpg,1795d322f823a4d437fdc4778ca9abaf74b6b114b18b894d54a1e8dd2398f630,dev,C
images/1798fc5a4875ab3b70508d25d83680a289e6afd06e1d3f1a92958581a026a464.jpg,1798fc5a4875ab3b70508d25d83680a289e6afd06e1d3f1a92958581a026a464,dev,E
images/17a34fa3062f7fff25b1b8a40f4f58f4651faa2ec73f53d5dec2d973ebb98297.jpg,17a34fa3062f7fff25b1b8a40f4f58f4651faa2ec73f53d5dec2d973ebb98297,dev,C
images/17d2165214e37f0b2f6e2b1fcfb4287580763952868d767c9fb0bfa7a77a4844.jpg,17d2165214e37f0b2f6e2b1fcfb4287580763952868d767c9fb0bfa7a77a4844,dev,C
images/17d2ceec46534f507bdcc8b4e55bd31d0b205c78150f2228fa42459e091934f0.jpg,17d2ceec46534f507bdcc8b4e55bd31d0b205c78150f2228fa42459e091934f0,dev,B
images/17eb451e24e33423db1566935702ae5ed539517144c3285a5ae513c1dfc9466f.jpg,17eb451e24e33423db1566935702ae5ed539517144c3285a5ae513c1dfc9466f,dev,C
images/1807e3fd449e8d2621a3bc46136e5a672fe862e8fdbb73b8c38d07e7126068b3.jpg,1807e3fd449e8d2621a3bc46136e5a672fe862e8fdbb73b8c38d07e7126068b3,dev,E
images/18239028cb74bf2190ffe1da3a35f067a242b4e317a2e925ce1b385d7cce2ba2.jpg,18239028cb74bf2190ffe1da3a35f067a242b4e317a2e925ce1b385d7cce2ba2,dev,E
images/1840cea72a74c75c2a5d55c362ee58d76daf98aa87a4d947488c0959d31e0bba.jpg,1840cea72a74c75c2a5d55c362ee58d76daf98aa87a4d947488c0959d31e0bba,dev,D
images/186568a52ca3f50ac3127f93136541f5364b76f566957bc9c061554831440053.jpg,186568a52ca3f50ac3127f93136541f5364b76f566957bc9c061554831440053,dev,E
images/187de31e3f018caf9a979ce006c3697232a1536f19857fdce1ee4aef482996c3.jpg,187de31e3f018caf9a979ce006c3697232a1536f19857fdce1ee4aef482996c3,dev,E
images/18b69cc8bd301930bf459879e2f3b8cf9f0e1ff225689a679513d5d86c66ae13.jpg,18b69cc8bd301930bf459879e2f3b8cf9f0e1ff225689a679513d5d86c66ae13,dev,E
images/1938ef4959067fbc821bf831e2ff7c7f8d773565000cf57f0b8adf9941ed2a6e.jpg,1938ef4959067fbc821bf831e2ff7c7f8d773565000cf57f0b8adf9941ed2a6e,dev,B
images/1940ff872a7ae8a5100a93901cf6fea820afbd4750da538b8ecf3a6c487b77e7.jpg,1940ff872a7ae8a5100a93901cf6fea820afbd4750da538b8ecf3a6c487b77e7,dev,B
images/19790c2afb4814c424114a0331f79e012f5366db5e2224e49fafe3e28ad98de5.jpg,19790c2afb4814c424114a0331f79e012f5366db5e2224e49fafe3e28ad98de5,dev,D
images/1a03bf4a192abfe92f9e176fbe29c0a1b97620ffb6007d7e9681baa5157ffee1.jpg,1a03bf4a192abfe92f9e176fbe29c0a1b97620ffb6007d7e9681baa5157ffee1,dev,C
images/1a143e311a9f80182df9b1eeabded8c381c41ff82342e0652532a19901677f90.jpg,1a143e311a9f80182df9b1eeabded8c381c41ff82342e0652532a19901677f90,dev,B
images/1a490833f992992abe9e06a2b8e72595449961aba48fa024a5236f614298d6da.jpg,1a490833f992992abe9e06a2b8e72595449961aba48fa024a5236f614298d6da,dev,E
images/1a73d3546114155048860ed3117234393b707b53cdaa684db2f823ca507e626d.jpg,1a73d3546114155048860ed3117234393b707b53cdaa684db2f823ca507e626d,dev,E
images/1a898bdeb024a05dfd8a64ef6119fee063413eb6b0012284a032fad74324088f.jpg,1a898bdeb024a05dfd8a64ef6119fee063413eb6b0012284a032fad74324088f,dev,C
images/1ab260430d154fed19ebfb5e4d6ccadc0086dd4e8f17e7eec549c1d4e5ea4bf6.jpg,1ab260430d154fed19ebfb5e4d6ccadc0086dd4e8f17e7eec549c1d4e5ea4bf6,dev,E
images/1ab6bb52a13afe8ecb5cd5261e00d0857c3e1ab03f7f433463c39c15a09ae9c2.jpg,1ab6bb52a13afe8ecb5cd5261e00d0857c3e1ab03f7f433463c39c15a09ae9c2,dev,C
images/1abc5d3fc36a5763f9e62fd2e19ad9a23d110621561ed931de3dcc710fed4948.jpg,1abc5d3fc36a5763f9e62fd2e19ad9a23d110621561ed931de3dcc710fed4948,dev,E
images/1ac4ed69f293c80f0acf567dad1501d53478a245df466ef98f45373516ab3b84.jpg,1ac4ed69f293c80f0acf567dad1501d53478a245df466ef98f45373516ab3b84,dev,E
images/1aefdf9d0f10d9131d09b19411a8d5f36061616f1d7ab2471008b299ed0e968a.jpg,1aefdf9d0f10d9131d09b19411a8d5f36061616f1d7ab2471008b299ed0e968a,dev,D
images/1af840ee84414492dd1751f688ff7c586cec7958c29876206e8332c05c442f0c.jpg,1af840ee84414492dd1751f688ff7c586cec7958c29876206e8332c05c442f0c,dev,D
images/1b11d84e7e02c9eeba2767ae0c4dc750237f898a27ca6cb973caaa3220c42c3c.jpg,1b11d84e7e02c9eeba2767ae0c4dc750237f898a27ca6cb973caaa3220c42c3c,dev,E
images/1b18f634dee1010fb34bb945c76896e5243ba131d4c747b592853d9884fb5adb.jpg,1b18f634dee1010fb34bb945c76896e5243ba131d4c747b592853d9884fb5adb,dev,B
images/1b1b64c018633c0c798ebd57e4008d671062740436ac6c85d0c80e96f17f7843.jpg,1b1b64c018633c0c798ebd57e4008d671062740436ac6c85d0c80e96f17f7843,dev,E
images/1b307009fc4c20bb94620d492ce949da93e0f260c5b7556f52e98a945b594690.jpg,1b307009fc4c20bb94620d492ce949da93e0f260c5b7556f52e98a945b594690,dev,C
images/1b32cd10fa31ad93faa015c11e3eb87dde4da655db9a058e02ca380f177dcd93.jpg,1b32cd10fa31ad93faa015c11e3eb87dde4da655db9a058e02ca380f177dcd93,dev,E
images/1b4236004ed9495d34f7980abdc0ed17786730cfeaca52e25fbb239517f1b27c.jpg,1b4236004ed9495d34f7980abdc0ed17786730cfeaca52e25fbb239517f1b27c,dev,B
images/1b4d65b39ea9af6794d6894e301fb22f10b379b1bccd6a91bcada8c7be3cd0a6.jpg,1b4d65b39ea9af6794d6894e301fb22f10b379b1bccd6a91bcada8c7be3cd0a6,dev,D
images/1b53f5caf54e669ade82c4ab1dff817c0b3a8b739edcec8191207c6f8f410548.jpg,1b53f5caf54e669ade82c4ab1dff817c0b3a8b739edcec8191207c6f8f410548,dev,E
images/1b56c9722c0bfc2a340f0b36ba6c38ea4c130b3f743f0144292c3e8aa1fd5ebc.jpg,1b56c9722c0bfc2a340f0b36ba6c38ea4c130b3f743f0144292c3e8aa1fd5ebc,dev,E
images/1b5b7e987e36b70f94687e845ec299b918d1b979cd7220891b451ab739aceaff.jpg,1b5b7e987e36b70f94687e845ec299b918d1b979cd7220891b451ab739aceaff,dev,E
images/1b75af94a1a217a57eb62b5416395f41abac4a7901873669ca15436ed71ff1d4.jpg,1b75af94a1a217a57eb62b5416395f41abac4a7901873669ca15436ed71ff1d4,dev,E
images/1b9fff1d3d7e84bc38d71821864591893ab59222b2fc9a408bfb022fdf250a44.jpg,1b9fff1d3d7e84bc38d71821864591893ab59222b2fc9a408bfb022fdf250a44,dev,E
images/1ba49bc218917b63fef326e77374649142947d23bf5ef35e0bacc14dfc4846e7.jpg,1ba49bc218917b63fef326e77374649142947d23bf5ef35e0bacc14dfc4846e7,dev,D
images/1ba4b35aaa60e1d61a298090439d5228373ef05cc2e54fa5b3ec6678bcb5b9f7.jpg,1ba4b35aaa60e1d61a298090439d5228373ef05cc2e54fa5b3ec6678bcb5b9f7,dev,D
images/1be64df774a8dfb51b61ccf9d8b4847103bcb70083054d974e9f1eb1bda8f39d.jpg,1be64df774a8dfb51b61ccf9d8b4847103bcb70083054d974e9f1eb1bda8f39d,dev,C
images/1bf72b764a35cd16f5673490ba18418971ed1d3fc0ba9cf4af407067d8292edd.jpg,1bf72b764a35cd16f5673490ba18418971ed1d3fc0ba9cf4af407067d8292edd,dev,B
images/1c027d34af8d601fecaa3ec895307ec15858a52e6811f323fc6a99de0a644efd.jpg,1c027d34af8d601fecaa3ec895307ec15858a52e6811f323fc6a99de0a644efd,dev,B
images/1c0864989258bb54d5461f3acb5611721b30cdb7f3053be59b3ecca8ee058e0e.jpg,1c0864989258bb54d5461f3acb5611721b30cdb7f3053be59b3ecca8ee058e0e,dev,B
images/1c12e0bad6c2be2b59508cc29e2c25bb230c856b6d2322fcb8f026cefa5ec097.jpg,1c12e0bad6c2be2b59508cc29e2c25bb230c856b6d2322fcb8f026cefa5ec097,dev,D
images/1c45d2992a968dfea9cdad1247017cf386e872ff8f3a027e70aa69a7d12dd0b0.jpg,1c45d2992a968dfea9cdad1247017cf386e872ff8f3a027e70aa69a7d12dd0b0,dev,E
images/1c4e985e3595f4743b4cf14ca27401671f5b7c454111bc86b895271bbaf3d9c2.jpg,1c4e985e3595f4743b4cf14ca27401671f5b7c454111bc86b895271bbaf3d9c2,dev,B
images/1c5101c35127d2f202034bf088b7ffa9afa14807d40ec6e54bf84ae587b2e30a.jpg,1c5101c35127d2f202034bf088b7ffa9afa14807d40ec6e54bf84ae587b2e30a,dev,E
images/1c525caabf38c58fb3340fd7ff56073a79f404b19ec3e5523f8b814bdbdb568e.jpg,1c525caabf38c58fb3340fd7ff56073a79f404b19ec3e5523f8b814bdbdb568e,dev,E
images/1c84d38284212f645bc7ac3b4003949af3688d3832d3d016c6923726a11fffc2.jpg,1c84d38284212f645bc7ac3b4003949af3688d3832d3d016c6923726a11fffc2,dev,D
images/1c9ddb78640b7ef390f0df5aa0a5b53fc0a82acf6d98551f616611f385f27b7d.jpg,1c9ddb78640b7ef390f0df5aa0a5b53fc0a82acf6d98551f616611f385f27b7d,dev,E
images/1cd84c2ec78ea6f46eaaf8306ab7e9de45294984b78a455a5857e8c08d19897c.jpg,1cd84c2ec78ea6f46eaaf8306ab7e9de45294984b78a455a5857e8c08d19897c,dev,D
images/1cd93e9ffba918ae10ed49454b092c87eac84d97a0a6714b2831e06f03c5ba79.jpg,1cd93e9ffba918ae10ed49454b092c87eac84d97a0a6714b2831e06f03c5ba79,dev,D
images/1ce0ec3501cdb9d5c5ebbb5b3dccda4d24047c2f4c8617f01572610c5b0f76db.jpg,1ce0ec3501cdb9d5c5ebbb5b3dccda4d24047c2f4c8617f01572610c5b0f76db,dev,D
images/1cf095b5a82a08c306ae9e5538cb5ebaad32609cd5df9e1c1ab5b8adafef5216.jpg,1cf095b5a82a08c306ae9e5538cb5ebaad32609cd5df9e1c1ab5b8adafef5216,dev,B
images/1d2b781ee79b231a15faad25f8b7d7a7abcf34331ed1d1af49561f9e3aedcbcb.jpg,1d2b781ee79b231a15faad25f8b7d7a7abcf34331ed1d1af49561f9e3aedcbcb,dev,E
images/1d6393062e89642e90a4842f2f233652560c0661fca143a47cd1d018e67c7213.jpg,1d6393062e89642e90a4842f2f233652560c0661fca143a47cd1d018e67c7213,dev,B
images/1d6e1c8362e7f0562c242c59c5577e1b3c7dffafd40041108809a277e4d0348d.jpg,1d6e1c8362e7f0562c242c59c5577e1b3c7dffafd40041108809a277e4d0348d,dev,E
images/1da114303092040bf3bfab3450c3815ab3ceb0ea8986bfafc834643255b395a9.jpg,1da114303092040bf3bfab3450c3815ab3ceb0ea8986bfafc834643255b395a9,dev,D
images/1db86a721d6fc05d427add130ce48dc253553f7058a776ac2c8063edf4f351de.jpg,1db86a721d6fc05d427add130ce48dc253553f7058a776ac2c8063edf4f351de,dev,B
images/1dc0ff92744d2092461ef884b765da4f9c860dc9193a550a3376ea320e0ea843.jpg,1dc0ff92744d2092461ef884b765da4f9c860dc9193a550a3376ea320e0ea843,dev,E
images/1dc6f6b2609811172b55d77f86090210cfa2480bec98820499269ed976213b71.jpg,1dc6f6b2609811172b55d77f86090210cfa2480bec98820499269ed976213b71,dev,E
images/1dd57b3c2570a4838ecd538cfb268e00ea1131f860f7093829e8f389af9f5c37.jpg,1dd57b3c2570a4838ecd538cfb268e00ea1131f860f7093829e8f389af9f5c37,dev,B
images/1e14010f90ca313b774f1a8d748a249c2b7201b1a1a0c46a36e11bc5f0c94a3e.jpg,1e14010f90ca313b774f1a8d748a249c2b7201b1a1a0c46a36e11bc5f0c94a3e,dev,E
images/1e481213a5439381d86aabb81b2be3081e202d42463861b09de098be3b1e7c53.jpg,1e481213a5439381d86aabb81b2be3081e202d42463861b09de098be3b1e7c53,dev,E
images/1e61b2edf248b8ae730f5405cf0e48cdd4b8a06aa4a99dbeda1acf7fc90b68c6.jpg,1e61b2edf248b8ae730f5405cf0e48cdd4b8a06aa4a99dbeda1acf7fc90b68c6,dev,B
images/1e9a73a48327044dfedfa531299ed2ca85c65d356b317c69effc2d42a34a68e5.jpg,1e9a73a48327044dfedfa531299ed2ca85c65d356b317c69effc2d42a34a68e5,dev,E
images/1ecb00213e1f52cf9de3bf166afd54d48e12336594e03ef94b8ad4f9df775930.jpg,1ecb00213e1f52cf9de3bf166afd54d48e12336594e03ef94b8ad4f9df775930,dev,C
images/1f69984d1ac9a683ad9a35f442dcda87953695a31f16bc292fbf97817751befb.jpg,1f69984d1ac9a683ad9a35f442dcda87953695a31f16bc292fbf97817751befb,dev,E
images/1f74ecb4ba0ac1835a08cc8cd87c9ac136aa80edb1499aa9507be60684f821a8.jpg,1f74ecb4ba0ac1835a08cc8cd87c9ac136aa80edb1499aa9507be60684f821a8,dev,B
images/1f7988ddb54dbb3481ad421238ee07d7cb087d88c71323e63c6357dbd9d7f264.jpg,1f7988ddb54dbb3481ad421238ee07d7cb087d88c71323e63c6357dbd9d7f264,dev,B
images/1f7aa211740bf0e8c35b0d53a48488b089a62a9203a7606e665d51d66e1a41f3.jpg,1f7aa211740bf0e8c35b0d53a48488b089a62a9203a7606e665d51d66e1a41f3,dev,E
images/1f7ec49b0a430caf357be76a491a39306d593b3dee0ba8469272681f693874e1.jpg,1f7ec49b0a430caf357be76a491a39306d593b3dee0ba8469272681f693874e1,dev,B
images/1fa776a395da15003043ff07f13968383734144e62f0da98baac4e937f1dce33.jpg,1fa776a395da15003043ff07f13968383734144e62f0da98baac4e937f1dce33,dev,E
images/1fad4aa8608029ba2038a2e845aedeb1493ce95c54b1d59b7a85cf273bf5fcf5.jpg,1fad4aa8608029ba2038a2e845aedeb1493ce95c54b1d59b7a85cf273bf5fcf5,dev,B
images/1fb647e3cc0eeee91ceed40c4bffac6bde0c0ea8c9a8920c280cb4abfb009241.jpg,1fb647e3cc0eeee91ceed40c4bffac6bde0c0ea8c9a8920c280cb4abfb009241,dev,E
images/1fcfcc97989ced7895ef6c076e403ea6503da14432805bc418b0954774885bb3.jpg,1fcfcc97989ced7895ef6c076e403ea6503da14432805bc418b0954774885bb3,dev,E
images/1ff74980a34b45c0eaed5313aa71c598b199e554a6ad0d777f7e2475094a16db.jpg,1ff74980a34b45c0eaed5313aa71c598b199e554a6ad0d777f7e2475094a16db,dev,D
images/2001297a32a73be3da7d23ba506a0da289ee50d87b0fff539483a9076b50fbaf.jpg,2001297a32a73be3da7d23ba506a0da289ee50d87b0fff539483a9076b50fbaf,dev,B
images/204c656bdae538178135ac647f695d3ad430ca1e6942a5168fbc0a642cb4455e.jpg,204c656bdae538178135ac647f695d3ad430ca1e6942a5168fbc0a642cb4455e,dev,B
images/20516a42f3800f4246eec992a5f24b800738674cc795307fae768acca948b748.jpg,20516a42f3800f4246eec992a5f24b800738674cc795307fae768acca948b748,dev,D
images/207558a3d4cf9648420972773dc4cf45b00a8cb59e0888a27ca9338aad1d85eb.jpg,207558a3d4cf9648420972773dc4cf45b00a8cb59e0888a27ca9338aad1d85eb,dev,B
images/20894700d35e7b58849ab8cb21613ef93a0de6aaf57a23efdcf62882afa6d0eb.jpg,20894700d35e7b58849ab8cb21613ef93a0de6aaf57a23efdcf62882afa6d0eb,dev,D
images/20b40f083eb94cd16d9a4760216e55c1abe40f1df50d2d865f81991527ce83ef.jpg,20b40f083eb94cd16d9a4760216e55c1abe40f1df50d2d865f81991527ce83ef,dev,D
images/211c828be823f227b5446d66d01f09ca721411b8e14c4ea405bd38cec5218550.jpg,211c828be823f227b5446d66d01f09ca721411b8e14c4ea405bd38cec5218550,dev,E
images/213126d9a703d7a819a2d10dd343c7ef80422d9514853a8076dbb355d3e3efdf.jpg,213126d9a703d7a819a2d10dd343c7ef80422d9514853a8076dbb355d3e3efdf,dev,D
images/213d9144acd0d396c86a2f907dc9a688fabd4a717fa8571e11123349956eb35a.jpg,213d9144acd0d396c86a2f907dc9a688fabd4a717fa8571e11123349956eb35a,dev,B
images/214cc987b130f3188f2660bdf5d0b0f73056b28b527bcf1336fad9af9832c672.jpg,214cc987b130f3188f2660bdf5d0b0f73056b28b527bcf1336fad9af9832c672,dev,B
images/215a1f6cc052b05c3d782025998e468967d496431b710f889217223a94d2c17d.jpg,215a1f6cc052b05c3d782025998e468967d496431b710f889217223a94d2c17d,dev,B
images/21639b2e7cd472ef8c116bc2deddf867f75f8d11f16a8684022a9e3058887816.jpg,21639b2e7cd472ef8c116bc2deddf867f75f8d11f16a8684022a9e3058887816,dev,E
images/21b5a4ff69fb27bb4619afcc6f3f7caccb479944c30a29625fc6c6bc621badc0.jpg,21b5a4ff69fb27bb4619afcc6f3f7caccb479944c30a29625fc6c6bc621badc0,dev,E
images/21ba514bcabb4c3a962cee9c3ae38f5c5e9fa4b948bc4ce34181aee9b9a0774f.jpg,21ba514bcabb4c3a962cee9c3ae38f5c5e9fa4b948bc4ce34181aee9b9a0774f,dev,B
images/21ca220030973abd5750d2a5fde85aec6b10f085f1b53c9e0f0d1d4b3ecfef4d.jpg,21ca220030973abd5750d2a5fde85aec6b10f085f1b53c9e0f0d1d4b3ecfef4d,dev,D
images/21e842cf0b124fea01d5a914fc7c33b545fedabddcd7767413331d96c32cd0ba.jpg,21e842cf0b124fea01d5a914fc7c33b545fedabddcd7767413331d96c32cd0ba,dev,E
images/21ead9a95bc0a849c4c004d21e85ebcb80919d64abdb829422829a3d935d2717.jpg,21ead9a95bc0a849c4c004d21e85ebcb80919d64abdb829422829a3d935d2717,dev,D
images/21ee5ddf07df74d1f4cd7e1d9a24dfa0d292989f5d69a638479e0614b6913ccb.jpg,21ee5ddf07df74d1f4cd7e1d9a24dfa0d292989f5d69a638479e0614b6913ccb,dev,E
images/222e6b673e5e4dd24f8c8050de8bb5a50ab9df72c12b93b2604c1de8e078edc9.jpg,222e6b673e5e4dd24f8c8050de8bb5a50ab9df72c12b93b2604c1de8e078edc9,dev,E
images/2231d8634847fa864a2242839d28c16cd50718b797d37b57cd16d6b97733339f.jpg,2231d8634847fa864a2242839d28c16cd50718b797d37b57cd16d6b97733339f,dev,D
images/2242e90041732a0137323588e1d56a49435b9b6ec9e7727b354fe7c242eb42f2.jpg,2242e90041732a0137323588e1d56a49435b9b6ec9e7727b354fe7c242eb42f2,dev,B
images/22a394724833e248a7a68faca7aed20b601779f91ce82285e1d3dc7385299245.jpg,22a394724833e248a7a68faca7aed20b601779f91ce82285e1d3dc7385299245,dev,B
images/22a9461874d093d4d6b60b60b1649cf4b6356d513fa7ebb6e41ee08209d3a045.jpg,22a9461874d093d4d6b60b60b1649cf4b6356d513fa7ebb6e41ee08209d3a045,dev,D
images/22c8655fd939966903c5b68ecd33e481339745b0dc649ba88b495261e5b0c5ed.jpg,22c8655fd939966903c5b68ecd33e481339745b0dc649ba88b495261e5b0c5ed,dev,E
images/2300a0da1b97476651dbf7b052196961a15d287c7636740f2fd9f1d6bc3fba8f.jpg,2300a0da1b97476651dbf7b052196961a15d287c7636740f2fd9f1d6bc3fba8f,dev,D
images/2325e339e2e454b9c1614e2d920e37c7ffc958251041153ba35a8bf90905c101.jpg,2325e339e2e454b9c1614e2d920e37c7ffc958251041153ba35a8bf90905c101,dev,B
images/23689c54a823eedebc0bb8c38c314b2b68d9bc67a4da6f08a92573a66b98fec2.jpg,23689c54a823eedebc0bb8c38c314b2b68d9bc67a4da6f08a92573a66b98fec2,dev,B
images/236e77cbcf03b20b39647a9ec7ea072e136d5b74a63b27770fa580bc272ac25e.jpg,236e77cbcf03b20b39647a9ec7ea072e136d5b74a63b27770fa580bc272ac25e,dev,B
images/239474b0f9ffda07956ee87d6d7b4447437042120bb75244b695f78b3aa7f003.jpg,239474b0f9ffda07956ee87d6d7b4447437042120bb75244b695f78b3aa7f003,dev,A
images/23d471f148a9257e41f5ed0fe94b59350ab4f9e86a6e7c1a038a9dabb9305f7a.jpg,23d471f148a9257e41f5ed0fe94b59350ab4f9e86a6e7c1a038a9dabb9305f7a,dev,E
images/24044ce8e2e48e58111bbd96d3efabaaa37abd23dbdd0f86d436092bd911b193.jpg,24044ce8e2e48e58111bbd96d3efabaaa37abd23dbdd0f86d436092bd911b193,dev,B
images/24299e6f86888f5cbc6d3da0dc5884b5a39cb89864d1ca0edc0a827f96aa5b1a.jpg,24299e6f86888f5cbc6d3da0dc5884b5a39cb89864d1ca0edc0a827f96aa5b1a,dev,B
images/24729f27697b79abddb3f6b787c1c6105da54aa916746e90d536575231f57fdc.jpg,24729f27697b79abddb3f6b787c1c6105da54aa916746e90d536575231f57fdc,dev,E
images/247d08dcf2a5b55b88750348fde9558d3f2003690af55f963ba57e8fa9ca9783.jpg,247d08dcf2a5b55b88750348fde9558d3f2003690af55f963ba57e8fa9ca9783,dev,D
images/24d489e0b3e0e879bdca521816d0e7a8eda84fd557d5a5226ab78c80e6d5f32b.jpg,24d489e0b3e0e879bdca521816d0e7a8eda84fd557d5a5226ab78c80e6d5f32b,dev,B
images/25013c73ae97890a451e23645f26a49efd4a57509cbb6da9d763d9202ca7bbf7.jpg,25013c73ae97890a451e23645f26a49efd4a57509cbb6da9d763d9202ca7bbf7,dev,D
images/2513aeca531a4471478e6bedd8fe51b59af375d8419ba0941b1128cc883aaca0.jpg,2513aeca531a4471478e6bedd8fe51b59af375d8419ba0941b1128cc883aaca0,dev,B
images/25197a03f7f2ce6405310f3f0c562900750050b1c406504f3243177ae9e0c66d.jpg,25197a03f7f2ce6405310f3f0c562900750050b1c406504f3243177ae9e0c66d,dev,E
images/254ab014e24534378680dee800775af5c45ce794ff6afc0f9845a7c9933426c8.jpg,254ab014e24534378680dee800775af5c45ce794ff6afc0f9845a7c9933426c8,dev,E
images/255ccc0c4d40a7fce07f895888256cec2bbd780db28a1ad2b8b1458e862540a6.jpg,255ccc0c4d40a7fce07f895888256cec2bbd780db28a1ad2b8b1458e862540a6,dev,D
images/2578b15c98b8855bdb2a84ea750889df20653108e2dcfe6727b1c9a9c4d6aadd.jpg,2578b15c98b8855bdb2a84ea750889df20653108e2dcfe6727b1c9a9c4d6aadd,dev,C
images/257c3992500ae6f2dadad55c1368ba139da72569f4fe32659c50ff52a3766ce1.jpg,257c3992500ae6f2dadad55c1368ba139da72569f4fe32659c50ff52a3766ce1,dev,C
images/258d8a6660a37208704c25ea20cc98545c0755fcf04c198c9bd9b7abf8b4abd7.jpg,258d8a6660a37208704c25ea20cc98545c0755fcf04c198c9bd9b7abf8b4abd7,dev,E
images/25e97db2b85022569ed8b78aea4d8bb941d1efc236a37027b58622d97e45e09b.jpg,25e97db2b85022569ed8b78aea4d8bb941d1efc236a37027b58622d97e45e09b,dev,C
images/263a31dd83fefe2c867d66ec9230e61847d8b7c073334ab6b1a562f9940a2c85.jpg,263a31dd83fefe2c867d66ec9230e61847d8b7c073334ab6b1a562f9940a2c85,dev,B
images/2678bbb3a8b503a0ad95678cce867d30e0875a34e545ad19c1ab26af6c201989.jpg,2678bbb3a8b503a0ad95678cce867d30e0875a34e545ad19c1ab26af6c201989,dev,B
images/2680186bb70149991899ee0e22e1fc4087dca5eb8b4d1049fd5b248c579673c8.jpg,2680186bb70149991899ee0e22e1fc4087dca5eb8b4d1049fd5b248c579673c8,dev,E
images/2686506f58381447592f32bda5832b1bcb678a093431bef6b5545f0ad374f5c8.jpg,2686506f58381447592f32bda5832b1bcb678a093431bef6b5545f0ad374f5c8,dev,E
images/2690fe0477514d4ce4565f2c72a6e54510258643f8fc273cc2a94d421f7c3cb8.jpg,2690fe0477514d4ce4565f2c72a6e54510258643f8fc273cc2a94d421f7c3cb8,dev,C
images/269ed9bc781f18c3217692a00c9312d46a77b416582c3d90404939ddd97453a8.jpg,269ed9bc781f18c3217692a00c9312d46a77b416582c3d90404939ddd97453a8,dev,B
images/26accf2cbbfebf0a26781a1090fefd621cbfffff651fe7bfcb01d4656c4bfe36.jpg,26accf2cbbfebf0a26781a1090fefd621cbfffff651fe7bfcb01d4656c4bfe36,dev,E
images/26d3c349b36275032f4a43b386c13d022aaf3d09bfde3798982980e3759b1132.jpg,26d3c349b36275032f4a43b386c13d022aaf3d09bfde3798982980e3759b1132,dev,C
images/26f04791b884d17e0115053503d42a3796ce34b51318713521523d52eaa8f401.jpg,26f04791b884d17e0115053503d42a3796ce34b51318713521523d52eaa8f401,dev,D
images/27760d53505be5f75b088aab0ce16c6c44cea770479caf8dff867bd5914df2b7.jpg,27760d53505be5f75b088aab0ce16c6c44cea770479caf8dff867bd5914df2b7,dev,D
images/277c521954a2f439fe1cbe18148b54cd5fa8d2b154947d4532960abbc17b1925.jpg,277c521954a2f439fe1cbe18148b54cd5fa8d2b154947d4532960abbc17b1925,dev,B
images/2820503948470fa49d423754dd2d2309d92c799f4343d9b09c97e8518614a6a8.jpg,2820503948470fa49d423754dd2d2309d92c799f4343d9b09c97e8518614a6a8,dev,E
images/2839428a231240bd53d22036814ca2adaa4773a5445d5a776385eaca48b87c2a.jpg,2839428a231240bd53d22036814ca2adaa4773a5445d5a776385eaca48b87c2a,dev,D
images/284a36f43a93d5fb4484c21b7b457e5c090a8ac699829da0f97cb775cfabc015.jpg,284a36f43a93d5fb4484c21b7b457e5c090a8ac699829da0f97cb775cfabc015,dev,B
images/286feb98a464ea3b2119cec8a8a37b8641ed3de1da81baefb69b7160041e688f.jpg,286feb98a464ea3b2119cec8a8a37b8641ed3de1da81baefb69b7160041e688f,dev,A
images/28917c3f23b1e612fdbe0c08e65913b3a2f78ea909dc62f35e6968ee27da6cbb.jpg,28917c3f23b1e612fdbe0c08e65913b3a2f78ea909dc62f35e6968ee27da6cbb,dev,B
images/28a36d5ccf69d8b9c5b189a6a3bd193f066c30805305b9c81b65e6cb6f505445.jpg,28a36d5ccf69d8b9c5b189a6a3bd193f066c30805305b9c81b65e6cb6f505445,dev,E
images/28b3a469780004fffca0c145c580951601c6d0b700c216330e9183c9d95bec44.jpg,28b3a469780004fffca0c145c580951601c6d0b700c216330e9183c9d95bec44,dev,E
images/28b8b78022ff4f79e0b87109e24b241b1129c33075cd70e2fe2693535460342c.jpg,28b8b78022ff4f79e0b87109e24b241b1129c33075cd70e2fe2693535460342c,dev,B
images/28cc8ff0662f318cffa13548e2924afb7a366f568a9d33ff6477db861fe22ac2.jpg,28cc8ff0662f318cffa13548e2924afb7a366f568a9d33ff6477db861fe22ac2,dev,B
images/28fd975fa038922dfc8763f049c8b915a3952c8ed0ec2a13fbe249b3ee313c5a.jpg,28fd975fa038922dfc8763f049c8b915a3952c8ed0ec2a13fbe249b3ee313c5a,dev,D
images/2992ae128984dd3de109efaca8194cd33ab639176978f08fe228087cc3e7df87.jpg,2992ae128984dd3de109efaca8194cd33ab639176978f08fe228087cc3e7df87,dev,E
images/2999ebd8d96d6371a69ce1005fea177222a5c870845c9fd6e53d185f70130489.jpg,2999ebd8d96d6371a69ce1005fea177222a5c870845c9fd6e53d185f70130489,dev,B
images/299c6451239125dacb9a0c2fd07f17ae71105964965375a32129e91d0d3142ec.jpg,299c6451239125dacb9a0c2fd07f17ae71105964965375a32129e91d0d3142ec,dev,C
images/29aff254792185fd341b07a0ad33a6021457ff5471f71f7ebb702f601bb939ab.jpg,29aff254792185fd341b07a0ad33a6021457ff5471f71f7ebb702f601bb939ab,dev,B
images/29b0db5db91d38324754089a9cbb0d8a23819f010c77dca6fafbcc802985539c.jpg,29b0db5db91d38324754089a9cbb0d8a23819f010c77dca6fafbcc802985539c,dev,B
images/2a2c1c55ef60e14b2d65454036136a4514bb3f3072066edbda7de0527f4a8f83.jpg,2a2c1c55ef60e14b2d65454036136a4514bb3f3072066edbda7de0527f4a8f83,dev,B
images/2a2e949b788f144ff3d59da2d8691eb8a9e5dac98715efb5eb74179dbec8e09c.jpg,2a2e949b788f144ff3d59da2d8691eb8a9e5dac98715efb5eb74179dbec8e09c,dev,B
images/2a5f0fd855b76057a0c25d9b977e7e0f72f2cacf9245107c4435c32e49ef95b4.jpg,2a5f0fd855b76057a0c25d9b977e7e0f72f2cacf9245107c4435c32e49ef95b4,dev,E
images/2a8df477b2cb32173d1c4ece3038fe29ba13cccf5a9bfc017701793ec6c04b53.jpg,2a8df477b2cb32173d1c4ece3038fe29ba13cccf5a9bfc017701793ec6c04b53,dev,D
images/2ac3891b3cf7b2d810baa301916197d20df3ddf68abe9561d94e81035edb3c1e.jpg,2ac3891b3cf7b2d810baa301916197d20df3ddf68abe9561d94e81035edb3c1e,dev,B
images/2af0c024488320f6aa7d17afe26c4d972148284980e9cf38907687738f68d282.jpg,2af0c024488320f6aa7d17afe26c4d972148284980e9cf38907687738f68d282,dev,D
images/2af8f603b7b1dc7b8c168ed9902d90621ce35e0aa31f1b3a735f926a4eea0ddb.jpg,2af8f603b7b1dc7b8c168ed9902d90621ce35e0aa31f1b3a735f926a4eea0ddb,dev,E
images/2b4dd603d8ce8373853d970780d5d91d0dc2885b4a37500e1c92b1340bafa594.jpg,2b4dd603d8ce8373853d970780d5d91d0dc2885b4a37500e1c92b1340bafa594,dev,C
images/2b660428ee8ca63828e1d8950619ffdd345addeedc91728a170c207b30c35bbc.jpg,2b660428ee8ca63828e1d8950619ffdd345addeedc91728a170c207b30c35bbc,dev,B
images/2b6e42ac15193bc6e732692314ae6f1689a9f2e094f7164ec34ef185a87b9820.jpg,2b6e42ac15193bc6e732692314ae6f1689a9f2e094f7164ec34ef185a87b9820,dev,C
images/2bb41f0a585ffe6a9b3bb3d7d8c7b7d4eb8c0dc5a076e79d1fc061941fa58e8f.jpg,2bb41f0a585ffe6a9b3bb3d7d8c7b7d4eb8c0dc5a076e79d1fc061941fa58e8f,dev,B
images/2be40168038ae2246af390422b2c9d20863dfe0f81e7b0ee01acaf4109b60b77.jpg,2be40168038ae2246af390422b2c9d20863dfe0f81e7b0ee01acaf4109b60b77,dev,D
images/2c13396fe11bfdabaa908bade8c5f32dddba2641b61e5899bbe48dc30dc49b33.jpg,2c13396fe11bfdabaa908bade8c5f32dddba2641b61e5899bbe48dc30dc49b33,dev,B
images/2c288375f22ae7ae79a542ad30772981652a8ef19b241050f4dead4ae36cd5b7.jpg,2c288375f22ae7ae79a542ad30772981652a8ef19b241050f4dead4ae36cd5b7,dev,D
images/2c2da64e1b4729fd4bce1f0837409ee8b48a8954a2d50fb77847434f5fbfd5d4.jpg,2c2da64e1b4729fd4bce1f0837409ee8b48a8954a2d50fb77847434f5fbfd5d4,dev,E
images/2c3700c23c2ddc2219362e59083eda798da25d8956ad3c57d033106aef45229c.jpg,2c3700c23c2ddc2219362e59083eda798da25d8956ad3c57d033106aef45229c,dev,D
images/2c575d5c345a139a584f087dbf4ab9d9b7e2bdb2a26a8820661c201d17d81e82.jpg,2c575d5c345a139a584f087dbf4ab9d9b7e2bdb2a26a8820661c201d17d81e82,dev,E
images/2c6b6cbdbda19786c32462a0d5f61215112960b09954d931febc591999ca119a.jpg,2c6b6cbdbda19786c32462a0d5f61215112960b09954d931febc591999ca119a,dev,D
images/2c7a40c48b89c60b172efa4127ae433d786c4295358e1a05aac8f8b8c76e55e0.jpg,2c7a40c48b89c60b172efa4127ae433d786c4295358e1a05aac8f8b8c76e55e0,dev,B
images/2ca406bd057c78f3f3dea0e3aec7a1326069821d549ec5eab755d88bdad9cfb7.jpg,2ca406bd057c78f3f3dea0e3aec7a1326069821d549ec5eab755d88bdad9cfb7,test,E
images/2cd2786d4912d8a5f20eda2f422b0ce4db50c733ebcac64ef7e0a1e114e66b9c.jpg,2cd2786d4912d8a5f20eda2f422b0ce4db50c733ebcac64ef7e0a1e114e66b9c,test,E
images/2d39471642f5831b31bd9eda416a9213b735f3f61988e211a89ba8a5ec8f6a39.jpg,2d39471642f5831b31bd9eda416a9213b735f3f61988e211a89ba8a5ec8f6a39,dev,D
images/2d618a56d64e0e530aebbc820ffecbcf148d41aa8b0b8b8e5fec1b720c0c2bfa.jpg,2d618a56d64e0e530aebbc820ffecbcf148d41aa8b0b8b8e5fec1b720c0c2bfa,dev,B
images/2d7fed491e6e0b55b21d06fc0ea54412e42d07be3a84b7cee35c9edeee4ffa59.jpg,2d7fed491e6e0b55b21d06fc0ea54412e42d07be3a84b7cee35c9edeee4ffa59,dev,D
images/2d96ba11eca1210ae3eeec52980c8ecd8a6f879ef92323e03d2e2e517f821edf.jpg,2d96ba11eca1210ae3eeec52980c8ecd8a6f879ef92323e03d2e2e517f821edf,dev,B
images/2e30742ab64ffcaebc8d0cbb8fc812bc9590d1d2e591b0607d1c4b05cbff8f39.jpg,2e30742ab64ffcaebc8d0cbb8fc812bc9590d1d2e591b0607d1c4b05cbff8f39,dev,B
images/2e3abb1418aa9cb46b6247df617b11ccb91d11abbf0c3ba8b93551d891cbebf1.jpg,2e3abb1418aa9cb46b6247df617b11ccb91d11abbf0c3ba8b93551d891cbebf1,test,E
images/2e6980160068b6fc21f3393a750e65cfaae2cfc8cfac6690480166a9155c83ee.jpg,2e6980160068b6fc21f3393a750e65cfaae2cfc8cfac6690480166a9155c83ee,dev,B
images/2e6c376d86e0f68277eadabdd76bf71bd816430024043bf994c88e703e6b0158.jpg,2e6c376d86e0f68277eadabdd76bf71bd816430024043bf994c88e703e6b0158,dev,B
images/2e7b2a8b4e420e015e1204459bf5518c47511c40b3484dfb38f474607b486222.jpg,2e7b2a8b4e420e015e1204459bf5518c47511c40b3484dfb38f474607b486222,dev,B
images/2e9f6f7e266e692f12105fae72c20b1d86f9b37f79701ca64c533788e570ce1d.jpg,2e9f6f7e266e692f12105fae72c20b1d86f9b37f79701ca64c533788e570ce1d,test,E
images/2eb74316f2d54da8ca87d662580d6dd178d9c2ffa2f50c20bfd075894c3cc38b.jpg,2eb74316f2d54da8ca87d662580d6dd178d9c2ffa2f50c20bfd075894c3cc38b,dev,B
images/2eece0a2784205d58244d9001f19c307c4845eb78a9ab6c7c878172b5b6579d0.jpg,2eece0a2784205d58244d9001f19c307c4845eb78a9ab6c7c878172b5b6579d0,dev,D
images/2f36c470b75cda310380f7f9bccb377222646e1f09d9f5c5a617aa335f8c1f55.jpg,2f36c470b75cda310380f7f9bccb377222646e1f09d9f5c5a617aa335f8c1f55,test,E
images/2f5032d01af87f66c7dce423d72964ccb313ab1016b6d7f7aca9be79b833a109.jpg,2f5032d01af87f66c7dce423d72964ccb313ab1016b6d7f7aca9be79b833a109,dev,B
images/2f6094706593af6a6d4eba4cc1b1c7535a9bbb2f87552088df7c7d4facea9b02.jpg,2f6094706593af6a6d4eba4cc1b1c7535a9bbb2f87552088df7c7d4facea9b02,dev,D
images/2faf4d7860fe15ce4490f556fa9cd6ad98ac3d668eb3564b3fa3daea0468577d.jpg,2faf4d7860fe15ce4490f556fa9cd6ad98ac3d668eb3564b3fa3daea0468577d,dev,B
images/2ffb44865375dbbe06e7bd37458e031b447cd4aafe6455d02d39fa94f5bf1887.jpg,2ffb44865375dbbe06e7bd37458e031b447cd4aafe6455d02d39fa94f5bf1887,dev,D
images/300c187c004e18aea41703d4c25a8b1507717d7e7f18931911f0b17028d8491b.jpg,300c187c004e18aea41703d4c25a8b1507717d7e7f18931911f0b17028d8491b,dev,B
images/3012d7455d03dbbe94b3aaab4efb6dcfcd5a425e3a2247f32aafef2ececac57a.jpg,3012d7455d03dbbe94b3aaab4efb6dcfcd5a425e3a2247f32aafef2ececac57a,test,E
images/3031cb20cde869a58711a7b03467a9268f826784d61aedb129c94cfcc61a09c8.jpg,3031cb20cde869a58711a7b03467a9268f826784d61aedb129c94cfcc61a09c8,dev,C
images/304d3bd126bf7fb3109c882ddf525b042ec5c36794907f5d49286dfc6ea81915.jpg,304d3bd126bf7fb3109c882ddf525b042ec5c36794907f5d49286dfc6ea81915,test,E
images/309c936f66045d8d22e629eaa5525d97f9cc5025e051474e2570720a83bd3b9f.jpg,309c936f66045d8d22e629eaa5525d97f9cc5025e051474e2570720a83bd3b9f,dev,B
images/30b63afb7dc5fc013d78bd18a7a1e416b84e33c4200f7e754bbc7097011231df.jpg,30b63afb7dc5fc013d78bd18a7a1e416b84e33c4200f7e754bbc7097011231df,dev,B
images/3136943a0e730aa3a1728dd7a04aaee2ecd7d46898b4cb28c6c4762e29d7757d.jpg,3136943a0e730aa3a1728dd7a04aaee2ecd7d46898b4cb28c6c4762e29d7757d,test,E
images/314a4c8414cb54f6a5c1a5b8251b026259b1e15867c93a1de5f9b7f71be9eead.jpg,314a4c8414cb54f6a5c1a5b8251b026259b1e15867c93a1de5f9b7f71be9eead,test,E
images/31b3010d99973c340052ff14251cef536350345cd293ad1c72b02e8de3f25dfa.jpg,31b3010d99973c340052ff14251cef536350345cd293ad1c72b02e8de3f25dfa,dev,C
images/31e97c4c229fe96305b2f6d259023e1a12ef27418f7b3a681e31fe1d20954102.jpg,31e97c4c229fe96305b2f6d259023e1a12ef27418f7b3a681e31fe1d20954102,dev,C
images/31f7ebb8239b6f389b4fa6e65446a4b23ab02756debb427aff561a51aaa45626.jpg,31f7ebb8239b6f389b4fa6e65446a4b23ab02756debb427aff561a51aaa45626,dev,D
images/3205927b80d5b10d5beb6238da918b5238cb2cfd02be026a626599d63c9daf76.jpg,3205927b80d5b10d5beb6238da918b5238cb2cfd02be026a626599d63c9daf76,dev,D
images/32237caab710524ad8d2d267eb24e516190d2a1f95314e32cb74ea1a4c01ba88.jpg,32237caab710524ad8d2d267eb24e516190d2a1f95314e32cb74ea1a4c01ba88,dev,D
images/32240e241df408ade45a020d51702745648ced65a0ab7e702c095cc219acfae5.jpg,32240e241df408ade45a020d51702745648ced65a0ab7e702c095cc219acfae5,dev,B
images/324ea47cc4a4847ecf4db19b36a682153efa8e980960928ba9bc001b3f1d356e.jpg,324ea47cc4a4847ecf4db19b36a682153efa8e980960928ba9bc001b3f1d356e,test,E
images/3267374a108b437a031e4c48ec86947780959adf76a247417cde4b0a4cbe3f96.jpg,3267374a108b437a031e4c48ec86947780959adf76a247417cde4b0a4cbe3f96,dev,B
images/326bae4c8661009d36b63b5cd3fd2e8ab26f490a2e872110eb7e43406f56b5b5.jpg,326bae4c8661009d36b63b5cd3fd2e8ab26f490a2e872110eb7e43406f56b5b5,dev,B
images/328565b6526b23f967ce1800fa27bbaf47b5493ecc2f785a62869cee1b888ca2.jpg,328565b6526b23f967ce1800fa27bbaf47b5493ecc2f785a62869cee1b888ca2,dev,B
images/32994d823dbf080282725d6821300429bb79560e10ecca2c60d4b75d981edf2a.jpg,32994d823dbf080282725d6821300429bb79560e10ecca2c60d4b75d981edf2a,test,E
images/32b699491809178d233d187b97ac4eebae67e804c11de25d5c292712705e23bb.jpg,32b699491809178d233d187b97ac4eebae67e804c11de25d5c292712705e23bb,dev,C
images/32e52216d35f6a0c072b6e4133deebfd180dc36d68c85a422895f9d402080399.jpg,32e52216d35f6a0c072b6e4133deebfd180dc36d68c85a422895f9d402080399,dev,B
images/3351f07fe564d03cbca1d7557c73d31ca6ff181b937a68f80369fcb26e869cc4.jpg,3351f07fe564d03cbca1d7557c73d31ca6ff181b937a68f80369fcb26e869cc4,test,E
images/33823b1a9a4a9ff9c3adbacb0ecfe59b26c85742c7ad664f3cc65980f814b500.jpg,33823b1a9a4a9ff9c3adbacb0ecfe59b26c85742c7ad664f3cc65980f814b500,dev,D
images/33cb66c0849fc87cb35436664193980fc6ffae0627af99961266c3cc555f2441.jpg,33cb66c0849fc87cb35436664193980fc6ffae0627af99961266c3cc555f2441,dev,B
images/33fe5c1befef08aa7cbe93b4b414fc5e44c27fa51b665b73664549727c87e631.jpg,33fe5c1befef08aa7cbe93b4b414fc5e44c27fa51b665b73664549727c87e631,dev,C
images/3432bffa537e5c8c07e2ae0acd5692bbd8b7ed64b814370748b71196ef7440b3.jpg,3432bffa537e5c8c07e2ae0acd5692bbd8b7ed64b814370748b71196ef7440b3,test,E
images/34548a2212e967899ad83fcfc224c802b66521717f1584a11fa7c643be0c19a7.jpg,34548a2212e967899ad83fcfc224c802b66521717f1584a11fa7c643be0c19a7,dev,B
images/34b6dbaf5aae05116e023b510b7f8b6e0a60b7a53d1b9a7fde3cbefb6eacdc4b.jpg,34b6dbaf5aae05116e023b510b7f8b6e0a60b7a53d1b9a7fde3cbefb6eacdc4b,test,E
images/34c04a268ce8c040779e044e11a6434942e1e5dbf5418aff6421269d016d8355.jpg,34c04a268ce8c040779e044e11a6434942e1e5dbf5418aff6421269d016d8355,test,E
images/34c38252256baacb87731fe1059040377efbebcd0597cc24a6310d820fa027a6.jpg,34c38252256baacb87731fe1059040377efbebcd0597cc24a6310d820fa027a6,dev,B
images/34dc35acd7bb77d952b8104c444693b15b60fb343ce29986482918d70bdc2856.jpg,34dc35acd7bb77d952b8104c444693b15b60fb343ce29986482918d70bdc2856,dev,C
images/34fda8881a96f7d615b510e1d98c12754cd5d20e7d870e4287a92329dbb2ed85.jpg,34fda8881a96f7d615b510e1d98c12754cd5d20e7d870e4287a92329dbb2ed85,test,E
images/3511d297bab3df69d5be9e331cf0c49fecc11f065f76af0347600236f1d769ce.jpg,3511d297bab3df69d5be9e331cf0c49fecc11f065f76af0347600236f1d769ce,dev,B
images/35345d0cd42953d26933b61cb019aa72de7ef3c2a0ea7cd3a9b0f574da4ada6d.jpg,35345d0cd42953d26933b61cb019aa72de7ef3c2a0ea7cd3a9b0f574da4ada6d,dev,B
images/353712929ea9ebcda1bf9eb4e1fbce70ccab44cefd196e12d373be990502f7d8.jpg,353712929ea9ebcda1bf9eb4e1fbce70ccab44cefd196e12d373be990502f7d8,test,E
images/363aabc053b86c8cd30829d6e9a1b745a1ce749423ce5772fc56f44f6b40df54.jpg,363aabc053b86c8cd30829d6e9a1b745a1ce749423ce5772fc56f44f6b40df54,test,E
images/36554bfe290aa122ba1e3e14e0a48d0a3a7dc4e3e3efbfa06419c8bc70660fb0.jpg,36554bfe290aa122ba1e3e14e0a48d0a3a7dc4e3e3efbfa06419c8bc70660fb0,dev,D
images/3682ae47ca33d72f12a088ee560fa20152fb802a91e9865579400636c6d7693b.jpg,3682ae47ca33d72f12a088ee560fa20152fb802a91e9865579400636c6d7693b,dev,D
images/3685aebe67c3a08eac3617c39ca0c4036561bb7d428b5c32d2448c17e9c99332.jpg,3685aebe67c3a08eac3617c39ca0c4036561bb7d428b5c32d2448c17e9c99332,dev,D
images/36b24435c46e4d5807d34ea83db07f87251f023fdbe55bb4ea9c0efb90357ae2.jpg,36b24435c46e4d5807d34ea83db07f87251f023fdbe55bb4ea9c0efb90357ae2,dev,C
images/36d2aad2b30c5a41f19a26a6c4877ad625df24836871cbc5d266ae820d97229c.jpg,36d2aad2b30c5a41f19a26a6c4877ad625df24836871cbc5d266ae820d97229c,dev,B
images/370b08d1571c06f422f06921dcdbd4e8d2d47e6ec781a67e76519d0feb1a5a32.jpg,370b08d1571c06f422f06921dcdbd4e8d2d47e6ec781a67e76519d0feb1a5a32,dev,B
images/370d55f68496498bcd62c94b4ed1fb1d8729a209515e5d33e2124fcd661e9d23.jpg,370d55f68496498bcd62c94b4ed1fb1d8729a209515e5d33e2124fcd661e9d23,dev,C
images/3768273dce96bd28f6ceb39b7dd878e6c1354e675a0f8ca72c4880c0eeffdf39.jpg,3768273dce96bd28f6ceb39b7dd878e6c1354e675a0f8ca72c4880c0eeffdf39,test,E
images/377d57550d81ca4b036d363c93284b944a7143a7e8e86b04f8955be572fd2aac.jpg,377d57550d81ca4b036d363c93284b944a7143a7e8e86b04f8955be572fd2aac,dev,D
images/379269e61637ccee0998ae0bbdbba1caebc504e36f0c6ea7de08e216b7681dc0.jpg,379269e61637ccee0998ae0bbdbba1caebc504e36f0c6ea7de08e216b7681dc0,dev,D
images/37d85105282ad59c46e2cfb9a4d017e5dbad1c2d290b8bb0e42a3385b3e1a256.jpg,37d85105282ad59c46e2cfb9a4d017e5dbad1c2d290b8bb0e42a3385b3e1a256,dev,B
images/37f4337d2a7e311d01bee56e88a29c536566c963ed9fdbab58746fb899967074.jpg,37f4337d2a7e311d01bee56e88a29c536566c963ed9fdbab58746fb899967074,dev,D
images/38086502ca13e621cd6b06d21d723c433aac2248275eafb7740e40f04a226e70.jpg,38086502ca13e621cd6b06d21d723c433aac2248275eafb7740e40f04a226e70,dev,C
images/382010e85c9ae3f841144451dd928966f312e187bc585e5ff79b6d9803ef0004.jpg,382010e85c9ae3f841144451dd928966f312e187bc585e5ff79b6d9803ef0004,dev,D
images/384961441406c5a0b6897fae6d7af0945f0a8e2730583b49b97ab1766e1395e9.jpg,384961441406c5a0b6897fae6d7af0945f0a8e2730583b49b97ab1766e1395e9,test,E
images/38bff6eeac48410b23832b178e1025a45bb66e668581655c1a44868de03aa8d1.jpg,38bff6eeac48410b23832b178e1025a45bb66e668581655c1a44868de03aa8d1,test,E
images/38d747ee5b45359d8809f04aacded096df11d4867bcd193742537da6a3464849.jpg,38d747ee5b45359d8809f04aacded096df11d4867bcd193742537da6a3464849,dev,B
images/38f8dacc66004ce722a9cd39cb6b7f6e5c2498d84dac575d2b00875a133cff0f.jpg,38f8dacc66004ce722a9cd39cb6b7f6e5c2498d84dac575d2b00875a133cff0f,dev,D
images/3916280606e72a576fa1ee14944379172bdbf014c6b037f39e6e92a593cf27d9.jpg,3916280606e72a576fa1ee14944379172bdbf014c6b037f39e6e92a593cf27d9,dev,B
images/393b13b0c2a29d9d7032c0a7f7ecc0a39fb627ed71d652d341b9b778834473fb.jpg,393b13b0c2a29d9d7032c0a7f7ecc0a39fb627ed71d652d341b9b778834473fb,dev,B
images/394172ad5157df60563e12084f7fbbd1115e43780898169ac527063f532ef446.jpg,394172ad5157df60563e12084f7fbbd1115e43780898169ac527063f532ef446,dev,D
images/3946110733e9abf532baed20c9a3a3fe3bef810cb818584c5d57aa98fea24f24.jpg,3946110733e9abf532baed20c9a3a3fe3bef810cb818584c5d57aa98fea24f24,dev,D
images/396ed834b02f20995406857c459dcd516a3a0bedb3fa04c9d8d06b9a48f8e367.jpg,396ed834b02f20995406857c459dcd516a3a0bedb3fa04c9d8d06b9a48f8e367,dev,D
images/3a67e10c0d46a516fa1b7ce12f75afb28ab83dd51a7a8ea5f6b7285c333a9dbd.jpg,3a67e10c0d46a516fa1b7ce12f75afb28ab83dd51a7a8ea5f6b7285c333a9dbd,dev,C
images/3ac50940de182ef5a533555de14aed7935bfce5f5d8637530f3a17e19718744c.jpg,3ac50940de182ef5a533555de14aed7935bfce5f5d8637530f3a17e19718744c,test,E
images/3afd27debf02f7b965ccfe5d7954ae24cc768e6fa0a0814b7705fe8153937ccf.jpg,3afd27debf02f7b965ccfe5d7954ae24cc768e6fa0a0814b7705fe8153937ccf,dev,B
images/3b10fc1e087223dae457253bba7d0d23b73c287f309d873763c736fd69835ce5.jpg,3b10fc1e087223dae457253bba7d0d23b73c287f309d873763c736fd69835ce5,test,E
images/3b5e4fbfcb3f3540ae7b7a15195b333bdc58c18f38debe3e32741dee50a71fe4.jpg,3b5e4fbfcb3f3540ae7b7a15195b333bdc58c18f38debe3e32741dee50a71fe4,test,E
images/3b6494676496e89ce80701d7a9a4afa1f5bba703de676dbe3458ba66c5153a88.jpg,3b6494676496e89ce80701d7a9a4afa1f5bba703de676dbe3458ba66c5153a88,test,D
images/3b65d2248819ab7c34ebee18140c844d77086da95de273e54a48d0044a109e86.jpg,3b65d2248819ab7c34ebee18140c844d77086da95de273e54a48d0044a109e86,dev,B
images/3b75339e8b7e033dcadb0ee2705a0831b23ee5cdcd3b8eddcfe3d9f475164bb1.jpg,3b75339e8b7e033dcadb0ee2705a0831b23ee5cdcd3b8eddcfe3d9f475164bb1,dev,C
images/3b77fdc0040f220c98885b840b6d1e45df06abf93cf19f22f5df84c02f5f8203.jpg,3b77fdc0040f220c98885b840b6d1e45df06abf93cf19f22f5df84c02f5f8203,dev,B
images/3bce8dda8cde95dfe0b5b5a9a4da165820c5602acc008fc09503fa555684e383.jpg,3bce8dda8cde95dfe0b5b5a9a4da165820c5602acc008fc09503fa555684e383,dev,C
images/3bfeafe75b1825a976fe60249e95253c0ac5deb4f764a01dd45969fd2b919345.jpg,3bfeafe75b1825a976fe60249e95253c0ac5deb4f764a01dd45969fd2b919345,dev,A
images/3bff3c98d2cfd5cef65f611ed5a7fcf3af0757cfb880193542dd96d319179f1f.jpg,3bff3c98d2cfd5cef65f611ed5a7fcf3af0757cfb880193542dd96d319179f1f,dev,B
images/3c0e4fe46561e4b692cbef4c9d555f6064d0cb53cdc451dfb214f345e077745b.jpg,3c0e4fe46561e4b692cbef4c9d555f6064d0cb53cdc451dfb214f345e077745b,test,E
images/3c6bb521b74643d896be8682df015523c80bbb8ee5632becca0a68171bb1c3c5.jpg,3c6bb521b74643d896be8682df015523c80bbb8ee5632becca0a68171bb1c3c5,dev,B
images/3c7d0ef3805743ee1947925ad04032bc313aa0513f7337e4e834e84b79612032.jpg,3c7d0ef3805743ee1947925ad04032bc313aa0513f7337e4e834e84b79612032,test,E
images/3cb5ad22f5ddf6c2297b3eda011e1b9dda47f9269f573dddaa0d05b6c829009c.jpg,3cb5ad22f5ddf6c2297b3eda011e1b9dda47f9269f573dddaa0d05b6c829009c,dev,C
images/3cdbf39cca2793a0c7317b233f6fc9b9ae937bbe22d53a64d5d59621d3b8e98d.jpg,3cdbf39cca2793a0c7317b233f6fc9b9ae937bbe22d53a64d5d59621d3b8e98d,dev,B
images/3cf632c8606f15b8214287422d86e927b2aad8e9f012f3123d73e28eb4379518.jpg,3cf632c8606f15b8214287422d86e927b2aad8e9f012f3123d73e28eb4379518,test,E
images/3cf6e58abbdc3548cb534dce3eb7748af536575f789c90e6ea7f9e9f025af1b2.jpg,3cf6e58abbdc3548cb534dce3eb7748af536575f789c90e6ea7f9e9f025af1b2,test,E
images/3d57bb479ec83c5ac991b04f97cb548b190b8d1539ef09e4bdf3cc35050cc055.jpg,3d57bb479ec83c5ac991b04f97cb548b190b8d1539ef09e4bdf3cc35050cc055,test,D
images/3d5b48b35580981bdbac53462647c2140b585fbfcd2714d9ba4834275583ed59.jpg,3d5b48b35580981bdbac53462647c2140b585fbfcd2714d9ba4834275583ed59,test,D
images/3d9e7d33bf0ba29842cfffedfc9b2110cd26d37429e330157430b88903cc7edf.jpg,3d9e7d33bf0ba29842cfffedfc9b2110cd26d37429e330157430b88903cc7edf,dev,B
images/3dfa80626ee235b61528ccc0bd7425bcde25521641b4432c6c9b4dfa348dd63c.jpg,3dfa80626ee235b61528ccc0bd7425bcde25521641b4432c6c9b4dfa348dd63c,test,E
images/3e8c20c43bac47d01fb4dd88282622a1e073f136ff6ed5ae7c088691561b78df.jpg,3e8c20c43bac47d01fb4dd88282622a1e073f136ff6ed5ae7c088691561b78df,dev,B
images/3eea640f2dc62c3231d60d3aba0ee5031fa55e83678cbe07c65339b00c26f779.jpg,3eea640f2dc62c3231d60d3aba0ee5031fa55e83678cbe07c65339b00c26f779,test,D
images/3ef522b013c47739f9fc0c75a410f284ed461d9180875356b741dbf4ae09ad65.jpg,3ef522b013c47739f9fc0c75a410f284ed461d9180875356b741dbf4ae09ad65,dev,B
images/3efc94f60415961af4726230927723bb7804597603e0f699f91d42463138de64.jpg,3efc94f60415961af4726230927723bb7804597603e0f699f91d42463138de64,test,E
images/3f19af53644a77a07018e5a0f78566406196160ce1c43dee9ee38d36060c388e.jpg,3f19af53644a77a07018e5a0f78566406196160ce1c43dee9ee38d36060c388e,test,E
images/3f4a6f1d5a10b77669ef187b8c66420c2a46e9558a135d40e385f2f84db97985.jpg,3f4a6f1d5a10b77669ef187b8c66420c2a46e9558a135d40e385f2f84db97985,dev,B
images/3f4d8fb1970e828210d536e2e8549ccb2a3431b43798af70dc15d3430b7ff8c8.jpg,3f4d8fb1970e828210d536e2e8549ccb2a3431b43798af70dc15d3430b7ff8c8,dev,B
images/3f52d42f0654e4f67aa1e338dce0e680ebb8a8585f6a3e87a8bad7c06046bf0c.jpg,3f52d42f0654e4f67aa1e338dce0e680ebb8a8585f6a3e87a8bad7c06046bf0c,test,E
images/40616ecec4e277577b425f572a332b5e27c3eb0e53de1e0b11fc4bc51f3f515d.jpg,40616ecec4e277577b425f572a332b5e27c3eb0e53de1e0b11fc4bc51f3f515d,test,E
images/408df871764b439c36a5dc366229abb7eae63d73e9fedfda13c59158c633344a.jpg,408df871764b439c36a5dc366229abb7eae63d73e9fedfda13c59158c633344a,test,E
images/40ac613f6c27bc670c876e07b9b14e09117ca7d19eef733ac0127f3326ece453.jpg,40ac613f6c27bc670c876e07b9b14e09117ca7d19eef733ac0127f3326ece453,dev,B
images/40cb3b57731c7a674c70d1658f346ce0bba58c133515cac33a80be44a1eff543.jpg,40cb3b57731c7a674c70d1658f346ce0bba58c133515cac33a80be44a1eff543,test,E
images/411d37ca5cea9bc16bf02b54233a813361d4696ce77f0f60af9454e73b5396f5.jpg,411d37ca5cea9bc16bf02b54233a813361d4696ce77f0f60af9454e73b5396f5,dev,C
images/4181d6a16edecfbd346d061faf70c0d5481a48ff60054bb9b1e520afb587a652.jpg,4181d6a16edecfbd346d061faf70c0d5481a48ff60054bb9b1e520afb587a652,test,D
images/41c2a00dc60b46b34c589d8eab63dbb8adb0f0f8a08e980572f7c74f2a382c71.jpg,41c2a00dc60b46b34c589d8eab63dbb8adb0f0f8a08e980572f7c74f2a382c71,test,E
images/41d58c1a6e0aeb796f95f231f57a53178be216619f2a3799720ba4cbf4bd36a8.jpg,41d58c1a6e0aeb796f95f231f57a53178be216619f2a3799720ba4cbf4bd36a8,test,D
images/41eb4f88bc699ab6e260c865eb81ca4301ec7d86e221661b6c38c2cc1cfd6666.jpg,41eb4f88bc699ab6e260c865eb81ca4301ec7d86e221661b6c38c2cc1cfd6666,test,E
images/42015b04eb374f8e7f42c2003b8582bdca2cf24a7334127e92d9ff524fa36eaf.jpg,42015b04eb374f8e7f42c2003b8582bdca2cf24a7334127e92d9ff524fa36eaf,dev,B
images/422365ee506116db3fc05bec65ef09b8edb332178fdacc52534847fd1769173e.jpg,422365ee506116db3fc05bec65ef09b8edb332178fdacc52534847fd1769173e,test,C
images/42b2319d938bc98ef83bdd858cb6940acb928d58c2af94f8fb9a988fa8b77f21.jpg,42b2319d938bc98ef83bdd858cb6940acb928d58c2af94f8fb9a988fa8b77f21,dev,B
images/42c52c16ca09b3c46a0753b8a27ecf1f467a4f45b17c98e99065faf51635321a.jpg,42c52c16ca09b3c46a0753b8a27ecf1f467a4f45b17c98e99065faf51635321a,test,E
images/42e2251f220ca9befccf0527dfefee48a1fbe21ccda69527f43946281659fad9.jpg,42e2251f220ca9befccf0527dfefee48a1fbe21ccda69527f43946281659fad9,test,E
images/42ee210a65882dc48d974c724e45109e4ea438aab7eb16e69231a09095f333c9.jpg,42ee210a65882dc48d974c724e45109e4ea438aab7eb16e69231a09095f333c9,dev,B
images/4341374e5647259c12045eb83e7095ff2f9d797c1b7a0eeea4de99d4f20bccef.jpg,4341374e5647259c12045eb83e7095ff2f9d797c1b7a0eeea4de99d4f20bccef,test,C
images/43aa03f844ad3d52eda62d15956e876df597e98b1a08bbbc8150fe916c8886f7.jpg,43aa03f844ad3d52eda62d15956e876df597e98b1a08bbbc8150fe916c8886f7,test,E
images/4457f2f4910f8020ec2f81b38273a8dd729ebccf03f3c6e1a277fdc8384c30dc.jpg,4457f2f4910f8020ec2f81b38273a8dd729ebccf03f3c6e1a277fdc8384c30dc,test,C
images/4459a4ee09d2bbceb5f14dd82121d637f74157da09b76098ad42098136ea13a2.jpg,4459a4ee09d2bbceb5f14dd82121d637f74157da09b76098ad42098136ea13a2,dev,B
images/44699213788433b1af8192e9747ac527f262837efc8504d170b7e8fe9a20af08.jpg,44699213788433b1af8192e9747ac527f262837efc8504d170b7e8fe9a20af08,test,D
images/4557ab9c54c213a17b00e7b9e6beaf44904e3997c31ac688c28fd3d82744b212.jpg,4557ab9c54c213a17b00e7b9e6beaf44904e3997c31ac688c28fd3d82744b212,test,D
images/45ac0e757c95a204ea807095b266b07960881f2b9b6d636eb7e489632be1d9e5.jpg,45ac0e757c95a204ea807095b266b07960881f2b9b6d636eb7e489632be1d9e5,test,D
images/45c0e68cbc3ccd8e203dac290e390fc0db8a3f9c59145f8243377f7af5a841f5.jpg,45c0e68cbc3ccd8e203dac290e390fc0db8a3f9c59145f8243377f7af5a841f5,dev,B
images/461b923b3ad0973819898cb444794d5437970f9f00c80fe51077485ec8f18f3e.jpg,461b923b3ad0973819898cb444794d5437970f9f00c80fe51077485ec8f18f3e,dev,B
images/469f54376f6dfd5732e38b8444ed8a7f10095d2ea2551883fba8861079e763a7.jpg,469f54376f6dfd5732e38b8444ed8a7f10095d2ea2551883fba8861079e763a7,test,E
images/4757fed2e1402ad3f2f899cbef0f3563f7deefdd546514463a26f8554ee220b6.jpg,4757fed2e1402ad3f2f899cbef0f3563f7deefdd546514463a26f8554ee220b6,test,D
images/47e7bacd6fc74299504ac9f15c5146a91459594335b3b05de52b812a0a2a2057.jpg,47e7bacd6fc74299504ac9f15c5146a91459594335b3b05de52b812a0a2a2057,dev,B
images/48693130186c7d3d8b53b033a3dd4db5a5131aacd212565cdb27f66d855d087c.jpg,48693130186c7d3d8b53b033a3dd4db5a5131aacd212565cdb27f66d855d087c,dev,B
images/487e23b2772d8854c8b914bd9611c3730d97e3d15f62182abe1fc7e061f6c5cb.jpg,487e23b2772d8854c8b914bd9611c3730d97e3d15f62182abe1fc7e061f6c5cb,test,E
images/488076f0fc90a264bc42286de21cd3e151b09ff2d7f7d6ec0685d20842dd06dd.jpg,488076f0fc90a264bc42286de21cd3e151b09ff2d7f7d6ec0685d20842dd06dd,test,E
images/48b9f3a8a29998977122540d40499c5f81d83224d7ee78f40ae33ea27940bafa.jpg,48b9f3a8a29998977122540d40499c5f81d83224d7ee78f40ae33ea27940bafa,dev,B
images/49d788985cf154a0fc777bce6da05ef90bb0d1a2508b46a7cc4ecc5b48f436ed.jpg,49d788985cf154a0fc777bce6da05ef90bb0d1a2508b46a7cc4ecc5b48f436ed,test,C
images/49ec4032476026fb68362703040fe445945b7a3993589e11a7596888c1d7986d.jpg,49ec4032476026fb68362703040fe445945b7a3993589e11a7596888c1d7986d,dev,B
images/4b6f65feae51789927b1a0d5275d031f04d4c9bf0a8dafcd988abd344d0ac55a.jpg,4b6f65feae51789927b1a0d5275d031f04d4c9bf0a8dafcd988abd344d0ac55a,test,D
images/4b82036db6f12e49d42e731dd9b54725e601d8f0bf91e2842c1d493b75c278d0.jpg,4b82036db6f12e49d42e731dd9b54725e601d8f0bf91e2842c1d493b75c278d0,dev,B
images/4b97bd4bc3b6bb32a46fab29ef0f053a791f4d79b930a6ad4e780ef69ba1fbf0.jpg,4b97bd4bc3b6bb32a46fab29ef0f053a791f4d79b930a6ad4e780ef69ba1fbf0,dev,B
images/4bee6aa3f1a303670b193e543e80856e48352df579a64543741ba62d88c89565.jpg,4bee6aa3f1a303670b193e543e80856e48352df579a64543741ba62d88c89565,dev,B
images/4c0da50bd595a8df9536d19dc2bfbc18393dc540f7debee553f6e38f5b9654b4.jpg,4c0da50bd595a8df9536d19dc2bfbc18393dc540f7debee553f6e38f5b9654b4,test,C
images/4caa035daaff67ab9105befcabcdeea305433de811858871032a4b917b5901cc.jpg,4caa035daaff67ab9105befcabcdeea305433de811858871032a4b917b5901cc,test,E
images/4d578f78448076da1dba33fa7f4d42e47d62abcf09b31bc137c21129a4dbace0.jpg,4d578f78448076da1dba33fa7f4d42e47d62abcf09b31bc137c21129a4dbace0,test,E
images/4db8be3d2a157881d206a9304e2ce1d9267814ee6b66d3e38f66381998773d2a.jpg,4db8be3d2a157881d206a9304e2ce1d9267814ee6b66d3e38f66381998773d2a,test,C
images/4dbeed04267e8b01943b97b133360c55b41cf8ad1d6fac19190affb445e1eed6.jpg,4dbeed04267e8b01943b97b133360c55b41cf8ad1d6fac19190affb445e1eed6,dev,B
images/4dc6a3d05f60d0b0541a864a4a8cc77f8ab7524a2bff04ef9657e454ae61acc6.jpg,4dc6a3d05f60d0b0541a864a4a8cc77f8ab7524a2bff04ef9657e454ae61acc6,dev,B
images/4dc915f60a97cf59cfff9f3e4e55843210e063d54640b726c6f64ffb57842174.jpg,4dc915f60a97cf59cfff9f3e4e55843210e063d54640b726c6f64ffb57842174,dev,B
images/4e275507d1a09e978aacc4ee0c6458484f4448c2ce8ad038cbd9bd2a1fa8dac5.jpg,4e275507d1a09e978aacc4ee0c6458484f4448c2ce8ad038cbd9bd2a1fa8dac5,test,E
images/4e57105443173fc9b07a538aa94c90b49c0bfb5d4fd1428e9e189ac0d3d4b9ba.jpg,4e57105443173fc9b07a538aa94c90b49c0bfb5d4fd1428e9e189ac0d3d4b9ba,test,E
images/4ed5bfaed9082ecf9f9ba07aef91116eb64bacde9d770378f38eb8205841e180.jpg,4ed5bfaed9082ecf9f9ba07aef91116eb64bacde9d770378f38eb8205841e180,dev,B
images/4eeff2b432e57a420aa209e66fe28141ab4e75a1a4cd65cda0bf189ba44c0369.jpg,4eeff2b432e57a420aa209e66fe28141ab4e75a1a4cd65cda0bf189ba44c0369,dev,B
images/4f02552dbf9aa03f0050f95319f6faa81292fd5d29830485f68ca27781f71c42.jpg,4f02552dbf9aa03f0050f95319f6faa81292fd5d29830485f68ca27781f71c42,test,E
images/4f365498e540c9bbd9d72d8256a62f7891bff687d387ee6eb5cd267201612a19.jpg,4f365498e540c9bbd9d72d8256a62f7891bff687d387ee6eb5cd267201612a19,test,E
images/4f7869b5914871451e8618804e533e75ab31b2d1592a430a257f641e11ba73bb.jpg,4f7869b5914871451e8618804e533e75ab31b2d1592a430a257f641e11ba73bb,dev,B
images/4f90afb0d3fbe5d52c7b4508020c109604bb422f4f0e043a22db97612758d193.jpg,4f90afb0d3fbe5d52c7b4508020c109604bb422f4f0e043a22db97612758d193,test,D
images/4fdbbc63c5974122a31ee88d1636d00baac1a824bb1ca3218560b1ede2280063.jpg,4fdbbc63c5974122a31ee88d1636d00baac1a824bb1ca3218560b1ede2280063,test,D
images/5032a4600ea5e52698285210df02634d2f8ecc13a190c52d82b5b41b96dd93c8.jpg,5032a4600ea5e52698285210df02634d2f8ecc13a190c52d82b5b41b96dd93c8,test,C
images/505c648612253e6ba792f346b6f8dad76d62707308e02ae0d7700063f799f298.jpg,505c648612253e6ba792f346b6f8dad76d62707308e02ae0d7700063f799f298,dev,B
images/505c9494f849f62a366ae8c8eb71619853fcc821a735b6e17aa68a7a5f4fca04.jpg,505c9494f849f62a366ae8c8eb71619853fcc821a735b6e17aa68a7a5f4fca04,test,D
images/5064e67aefd9f50690a1f98d06fc38741e28d8f98e887309eec54d14cf16113b.jpg,5064e67aefd9f50690a1f98d06fc38741e28d8f98e887309eec54d14cf16113b,dev,B
images/506ba405ae0e89438a6b2c5dec05d88e662719c8a957c018b8f125664a05110e.jpg,506ba405ae0e89438a6b2c5dec05d88e662719c8a957c018b8f125664a05110e,test,C
images/509a7830c3525cdb74e1868a626d947dab4b35c98d63c516fa6da303d2337637.jpg,509a7830c3525cdb74e1868a626d947dab4b35c98d63c516fa6da303d2337637,test,C
images/50e1fde8e4a463bec773f38f25810223eeb138713063b830085f592e450ebe1f.jpg,50e1fde8e4a463bec773f38f25810223eeb138713063b830085f592e450ebe1f,test,E
images/51179884061d6f7620ae5ca911dda5658f10ce97c11a1f8fd835699b86a4ced1.jpg,51179884061d6f7620ae5ca911dda5658f10ce97c11a1f8fd835699b86a4ced1,dev,B
images/5134b773d7f5097024682c11819dc35fd55fc5e29d512f47ac96c0b252af6ba8.jpg,5134b773d7f5097024682c11819dc35fd55fc5e29d512f47ac96c0b252af6ba8,test,D
images/516b7d7b0b496add78e45fe47e3ae54074a8cec75775598581d7a0eb107f9a68.jpg,516b7d7b0b496add78e45fe47e3ae54074a8cec75775598581d7a0eb107f9a68,test,E
images/51ad8bc1d321f4a33d9818fd76819b8390eeaa713d6722b58c45fc626f0829ca.jpg,51ad8bc1d321f4a33d9818fd76819b8390eeaa713d6722b58c45fc626f0829ca,test,D
images/520eead06d3bdadb177a4ab0a00a3784a8bbc6c238cd4e0e5ff242cb1ad5e8dc.jpg,520eead06d3bdadb177a4ab0a00a3784a8bbc6c238cd4e0e5ff242cb1ad5e8dc,dev,B
images/5248d8d7b0e28bd99f20fbb5c2bc357999d038864d34757ded75c66e8e712d40.jpg,5248d8d7b0e28bd99f20fbb5c2bc357999d038864d34757ded75c66e8e712d40,test,E
images/52a818df71af3b8a11c5d1b397f3083b64a2a1492dcbd843e5fa647cde3dd8ef.jpg,52a818df71af3b8a11c5d1b397f3083b64a2a1492dcbd843e5fa647cde3dd8ef,dev,B
images/52be7a394880d6fcfd31a8bfad9b5a223222791105f70f206a8bd727d018c6e6.jpg,52be7a394880d6fcfd31a8bfad9b5a223222791105f70f206a8bd727d018c6e6,dev,B
images/5377d53fdb4344e436a2c471456e462fdabfc6a3384ff1a45a7267456e3fa4c9.jpg,5377d53fdb4344e436a2c471456e462fdabfc6a3384ff1a45a7267456e3fa4c9,dev,B
images/53b96a370365e726fe5166838ce675962837a20a63db115aa80e7ca1f3cff2d5.jpg,53b96a370365e726fe5166838ce675962837a20a63db115aa80e7ca1f3cff2d5,dev,B
images/53d0124d9fe4f4cb6296475c1fa7076ba50927bb4bd5d257ba090adf32ac22d3.jpg,53d0124d9fe4f4cb6296475c1fa7076ba50927bb4bd5d257ba090adf32ac22d3,test,E
images/54018614c956f6fc1a7f7ba8c37c49f3dc85a28bb567b1123dcce568507e238a.jpg,54018614c956f6fc1a7f7ba8c37c49f3dc85a28bb567b1123dcce568507e238a,dev,B
images/5436bba8a063850cc676709ba9fa25c9ac367f6a17faaa26fe148ce32ae57ea7.jpg,5436bba8a063850cc676709ba9fa25c9ac367f6a17faaa26fe148ce32ae57ea7,test,E
images/54a6183da7b4a4a8248f9ac1f148c3c4d609323d4c3053e23cbd6ccb2deec08d.jpg,54a6183da7b4a4a8248f9ac1f148c3c4d609323d4c3053e23cbd6ccb2deec08d,test,E
images/552f7be4b7fcb0ad6710a1fd9d4024d0a31da21c68b757c675ac997f6968b2e7.jpg,552f7be4b7fcb0ad6710a1fd9d4024d0a31da21c68b757c675ac997f6968b2e7,dev,B
images/5577d9a2a9899b5c3912ae7446e456a26fde95ce96785da6053a87f089d1989a.jpg,5577d9a2a9899b5c3912ae7446e456a26fde95ce96785da6053a87f089d1989a,dev,B
images/5579e9b6c884bcafc29b45204810eb92b7e7ea8b5718320cb530590b0d7bcd90.jpg,5579e9b6c884bcafc29b45204810eb92b7e7ea8b5718320cb530590b0d7bcd90,test,E
images/557dafbad7b2adf267919e92a18e14660de0b391ca4d7c0e9dbcfd5c29ca3f54.jpg,557dafbad7b2adf267919e92a18e14660de0b391ca4d7c0e9dbcfd5c29ca3f54,dev,B
images/55d4c26baa8a34e8ab2cd26b0738f2ed52b6b3140d4038c23ff6ffedde5aaa87.jpg,55d4c26baa8a34e8ab2cd26b0738f2ed52b6b3140d4038c23ff6ffedde5aaa87,dev,B
images/55dd5eba787b0a2005ef0707e6da0cbf12fecd6edbce39e94c274bf79b5e7147.jpg,55dd5eba787b0a2005ef0707e6da0cbf12fecd6edbce39e94c274bf79b5e7147,test,C
images/5615042775f06fe140c0fcdf944f8a026fec5b05997291bdb931da193c7818ba.jpg,5615042775f06fe140c0fcdf944f8a026fec5b05997291bdb931da193c7818ba,test,E
images/56c80ecfd951cc7308d92fbc8e6e5b5ae31d17d052e57fb49ac0459685e0e9cc.jpg,56c80ecfd951cc7308d92fbc8e6e5b5ae31d17d052e57fb49ac0459685e0e9cc,dev,B
images/56d69b219e5fead9cf84de75ab7eefddc98ee1d6e227e5616f3c5b2374bb8bbe.jpg,56d69b219e5fead9cf84de75ab7eefddc98ee1d6e227e5616f3c5b2374bb8bbe,dev,B
images/56f8dbe97ab5a5235775943819a67b14c7c1b26d1c96f00d92734cf28639fe95.jpg,56f8dbe97ab5a5235775943819a67b14c7c1b26d1c96f00d92734cf28639fe95,test,D
images/56fa45bf228042ed8c5054c8f823e9f3783e7b85c05266ce6eecdbc855d7ec74.jpg,56fa45bf228042ed8c5054c8f823e9f3783e7b85c05266ce6eecdbc855d7ec74,dev,B
images/5715bad9d3c6b69eed5c1c33e0d1a77f4467eeafeac121d6da8d2075d4f2d1e6.jpg,5715bad9d3c6b69eed5c1c33e0d1a77f4467eeafeac121d6da8d2075d4f2d1e6,dev,B
images/578db8525c8d835acab9313a53d10e224f9ca5ce5f2680b496349d603dd66a6d.jpg,578db8525c8d835acab9313a53d10e224f9ca5ce5f2680b496349d603dd66a6d,dev,B
images/57f73e38f1df2ccd82484d5bc0316eb1a8f52e6af5067a870974893de85f0ffd.jpg,57f73e38f1df2ccd82484d5bc0316eb1a8f52e6af5067a870974893de85f0ffd,dev,B
images/5816b4cf7e0cd5adf7d93687a5a86ae5fc9723a0020a8036ea9c70080126bffc.jpg,5816b4cf7e0cd5adf7d93687a5a86ae5fc9723a0020a8036ea9c70080126bffc,dev,B
images/583ce333848b7f28640bbd3013d0d4c5847cbf3ac27e1773745dec7952e0063b.jpg,583ce333848b7f28640bbd3013d0d4c5847cbf3ac27e1773745dec7952e0063b,test,D
images/587d854959776e95c578f0f17bf30449de155e508486e310084c722bbc94112d.jpg,587d854959776e95c578f0f17bf30449de155e508486e310084c722bbc94112d,test,D
images/592cc7c3b45f3064f870e156c984caa90ee4767a61a9d8d8a5e7e3a5657ca0dd.jpg,592cc7c3b45f3064f870e156c984caa90ee4767a61a9d8d8a5e7e3a5657ca0dd,test,E
images/5a6405e05e669e601138116fe7d612a0eb5f1f992f046a807de731dcd92d6a4d.jpg,5a6405e05e669e601138116fe7d612a0eb5f1f992f046a807de731dcd92d6a4d,dev,B
images/5aaf5775a07562b7d04ba7f2070a9edda59e488d51151d9772bd2b2589a5bbca.jpg,5aaf5775a07562b7d04ba7f2070a9edda59e488d51151d9772bd2b2589a5bbca,test,D
images/5ae7c393dca735a0fd445611c7c3ce901fa9f869ef440ee696654e478b2ab0e1.jpg,5ae7c393dca735a0fd445611c7c3ce901fa9f869ef440ee696654e478b2ab0e1,dev,B
images/5b8985f6db32a15d3583f8efbdec7fcd7a78cbf2a3f16c4d9720786d839c54b9.jpg,5b8985f6db32a15d3583f8efbdec7fcd7a78cbf2a3f16c4d9720786d839c54b9,test,D
images/5c21db649c2b514b0781340a97e9ba8869cebf73752aefcc8594e05975859bbb.jpg,5c21db649c2b514b0781340a97e9ba8869cebf73752aefcc8594e05975859bbb,dev,B
images/5c649a04fa16f019e677ef7c2bec62f1898fc708ac74d3726fd9d089a2559bb3.jpg,5c649a04fa16f019e677ef7c2bec62f1898fc708ac74d3726fd9d089a2559bb3,dev,B
images/5c760cf16461fbfcb239d67036b7376db8be55c8edab11662f19c8bc868606a5.jpg,5c760cf16461fbfcb239d67036b7376db8be55c8edab11662f19c8bc868606a5,test,D
images/5cb27e08cff79acf38805f1fd62b34cb14ee841e01cfeffe0d15cc9cc6f3181f.jpg,5cb27e08cff79acf38805f1fd62b34cb14ee841e01cfeffe0d15cc9cc6f3181f,test,E
images/5d1c056ff8505013357dc8d43f8b8f2157bc68730cbc3379e22c3c4ebe66153d.jpg,5d1c056ff8505013357dc8d43f8b8f2157bc68730cbc3379e22c3c4ebe66153d,test,D
images/5d428df59ca61e41c8c3bbe0174d4c69a4e76e910d5ca948d5fa5b82a0ddc7f1.jpg,5d428df59ca61e41c8c3bbe0174d4c69a4e76e910d5ca948d5fa5b82a0ddc7f1,test,E
images/5d755d692c3ac552252e22e668184738b35412fa0f798bfeb26600ee0bf88c78.jpg,5d755d692c3ac552252e22e668184738b35412fa0f798bfeb26600ee0bf88c78,dev,B
images/5e218cd8e5bc8b71592aaacc71e511baa75a198b20e0e8602c65a97f23794142.jpg,5e218cd8e5bc8b71592aaacc71e511baa75a198b20e0e8602c65a97f23794142,dev,B
images/5e34dcc61e4de5fcca9aebd629d1d7e9b29ffd347a9506a7839e185cf19052fc.jpg,5e34dcc61e4de5fcca9aebd629d1d7e9b29ffd347a9506a7839e185cf19052fc,dev,B
images/5eb1b7619b988677cf3551212d0b3980e1bc1079dd1c66da3b6f1e8fc5261dab.jpg,5eb1b7619b988677cf3551212d0b3980e1bc1079dd1c66da3b6f1e8fc5261dab,test,B
images/5ef83fd98c443cd1c764a0788c732b8e9d325dd781520b224c1f30c8ece440e4.jpg,5ef83fd98c443cd1c764a0788c732b8e9d325dd781520b224c1f30c8ece440e4,test,D
images/5f6b0ee63ce7be899f311eae70874bf5b42e4fb38ee974392f868a287145c014.jpg,5f6b0ee63ce7be899f311eae70874bf5b42e4fb38ee974392f868a287145c014,test,B
images/5fcbfea6e615c3b74271b979a6346fd4463e31fa36f98ec5cf7c271fbd46650e.jpg,5fcbfea6e615c3b74271b979a6346fd4463e31fa36f98ec5cf7c271fbd46650e,test,E
images/60740983ff3dd4d10fb77847c86dd41dfda555313df6c571e111f10fb567fb92.jpg,60740983ff3dd4d10fb77847c86dd41dfda555313df6c571e111f10fb567fb92,test,D
images/60f9186fa5b825637e5dce9727e451dfbb95e8545d3821196b68a13b9b8b18f5.jpg,60f9186fa5b825637e5dce9727e451dfbb95e8545d3821196b68a13b9b8b18f5,test,D
images/61063ea31d7076716ac66dabcd140c7650209702d8a58152e11993be68900bd8.jpg,61063ea31d7076716ac66dabcd140c7650209702d8a58152e11993be68900bd8,test,E
images/6118a4c25980593712e9c9b0715712a128d66ba77dbf70c71525183c41d3a85c.jpg,6118a4c25980593712e9c9b0715712a128d66ba77dbf70c71525183c41d3a85c,test,D
images/61580dd38ceeb200fd523eaf478e8b7df03e185e709d790e23f6a641c6ac26f6.jpg,61580dd38ceeb200fd523eaf478e8b7df03e185e709d790e23f6a641c6ac26f6,test,D
images/619a3d3efb1b7c489256e3d5e23332afa0df31900b4989f93f02033052ffaa6c.jpg,619a3d3efb1b7c489256e3d5e23332afa0df31900b4989f93f02033052ffaa6c,test,B
images/621a5810abaa291cee5261bf831631e2916d64ff07885c9cf08991babbb187be.jpg,621a5810abaa291cee5261bf831631e2916d64ff07885c9cf08991babbb187be,test,D
images/62b9e3b36c081ad4f77a19af728b5bb9369ee55e6c3e9afc76137a9c63f6dd48.jpg,62b9e3b36c081ad4f77a19af728b5bb9369ee55e6c3e9afc76137a9c63f6dd48,test,B
images/62bc91cb4cac40b5045a262ea9caa3550cf0bc30eb0667b3418be479e3278775.jpg,62bc91cb4cac40b5045a262ea9caa3550cf0bc30eb0667b3418be479e3278775,test,C
images/635dac2ff55caae1205f2f204e642919f79e3db8ee2348227971265c5a13f87d.jpg,635dac2ff55caae1205f2f204e642919f79e3db8ee2348227971265c5a13f87d,test,E
images/649161f67f3226c7b14e1611dccbeda0e96cc196d4a74a01b7b2b18732a2ec22.jpg,649161f67f3226c7b14e1611dccbeda0e96cc196d4a74a01b7b2b18732a2ec22,test,E
images/64988f9c75fcea2a4d44a1ebc83b8805c34c2e77607be86ee4e898d2d53ae390.jpg,64988f9c75fcea2a4d44a1ebc83b8805c34c2e77607be86ee4e898d2d53ae390,test,D
images/653c02eb5fad428e7673a282f9f26250322a4c9747aee0d7db3280829ccd09c3.jpg,653c02eb5fad428e7673a282f9f26250322a4c9747aee0d7db3280829ccd09c3,test,A
images/65c86f170fc7a15dfa28ff971892d48bcdcb2706f484ccf2e9d6a51a5e98bd5d.jpg,65c86f170fc7a15dfa28ff971892d48bcdcb2706f484ccf2e9d6a51a5e98bd5d,test,B
images/6727581b9b68f26fc190c9c65fd5667be14c4fcc7495e7bbfb531c1e39b32087.jpg,6727581b9b68f26fc190c9c65fd5667be14c4fcc7495e7bbfb531c1e39b32087,test,D
images/673d0f209c86dc0efcfd114939f567984e6a06a4f37d405c78315fbb8ad49cbf.jpg,673d0f209c86dc0efcfd114939f567984e6a06a4f37d405c78315fbb8ad49cbf,test,E
images/67688b73de76c2ac9150085db54db2ed1ce4687f831e3a92a8c1b22bb046809f.jpg,67688b73de76c2ac9150085db54db2ed1ce4687f831e3a92a8c1b22bb046809f,test,A
images/67ab3a5dd0d2656a53f54ad09a01d4a3e86f793bc842734fd758c6684b573c5d.jpg,67ab3a5dd0d2656a53f54ad09a01d4a3e86f793bc842734fd758c6684b573c5d,test,E
images/6832cfeb45df225bb74ae0ea600ce802452de1dcbad1c19b33aa3dc5bd98540f.jpg,6832cfeb45df225bb74ae0ea600ce802452de1dcbad1c19b33aa3dc5bd98540f,test,D
images/687ff531da8fceac4f75e1b346809a7dedd69585373375249b24d0555a4048ad.jpg,687ff531da8fceac4f75e1b346809a7dedd69585373375249b24d0555a4048ad,test,B
images/68a089d5639a6b9ea30ffeef0c7fc2c07144ea8bd3b792c760ac509027301d98.jpg,68a089d5639a6b9ea30ffeef0c7fc2c07144ea8bd3b792c760ac509027301d98,test,E
images/68bcd65563962b86856310d4160777b28d8559c63854217832f2c143836083ef.jpg,68bcd65563962b86856310d4160777b28d8559c63854217832f2c143836083ef,test,B
images/68d600205a513b16a364c566665c7f0b3eed73c25807e750745852cb599a02fd.jpg,68d600205a513b16a364c566665c7f0b3eed73c25807e750745852cb599a02fd,test,D
images/68ebd7f6e00720113816aaab43dafe74faba46ac51d959e837941083623c1515.jpg,68ebd7f6e00720113816aaab43dafe74faba46ac51d959e837941083623c1515,test,B
images/68f70493d03a57a4a1db109c57b8ea3c1d58845642e03ce5c25dca228246819d.jpg,68f70493d03a57a4a1db109c57b8ea3c1d58845642e03ce5c25dca228246819d,test,B
images/694cef2fac1d00a05cde9a916b140a73ed58523b9e90ea6d584b397a2795e363.jpg,694cef2fac1d00a05cde9a916b140a73ed58523b9e90ea6d584b397a2795e363,test,D
images/696162ad46b1110f0249ca82e617a92bb4ef96b683b33cf7e4f4bb6dceb3e133.jpg,696162ad46b1110f0249ca82e617a92bb4ef96b683b33cf7e4f4bb6dceb3e133,test,A
images/69fd0bdd06974e67fa82bcf45ca5f241133a3a2cf084e67508b5e9e3c4271953.jpg,69fd0bdd06974e67fa82bcf45ca5f241133a3a2cf084e67508b5e9e3c4271953,test,D
images/6a670ad240b9958a38ff238a552b4b5ae7e50bbe66f70f23e2b7cdea13f80d68.jpg,6a670ad240b9958a38ff238a552b4b5ae7e50bbe66f70f23e2b7cdea13f80d68,test,E
images/6ba9a46e128f25f42719dc98a14b94969e2299d44eedea8c1e8628595c80434a.jpg,6ba9a46e128f25f42719dc98a14b94969e2299d44eedea8c1e8628595c80434a,test,C
images/6bf4263b432283f75280986db30be23becc53419f2322335a70976c69440505b.jpg,6bf4263b432283f75280986db30be23becc53419f2322335a70976c69440505b,test,B
images/6c44220af6ccc14925f35da5b83f242b7cb7cd531a2796a4dcd4a83e79ed9bdc.jpg,6c44220af6ccc14925f35da5b83f242b7cb7cd531a2796a4dcd4a83e79ed9bdc,test,B
images/6cb4637b48fe12d9c08580e9a7b0aa5f2f1c3895eed81dba4a35e6dfaa83e9b9.jpg,6cb4637b48fe12d9c08580e9a7b0aa5f2f1c3895eed81dba4a35e6dfaa83e9b9,test,B
images/6cbbf233610137cfcdb727a4a44de4099ce30022ec10f174ce137c5e0856f425.jpg,6cbbf233610137cfcdb727a4a44de4099ce30022ec10f174ce137c5e0856f425,test,C
images/6d826a97f23cbf37966b94e39abfe017db5158ef945b1d3afd9fe33f3fcfd3e3.jpg,6d826a97f23cbf37966b94e39abfe017db5158ef945b1d3afd9fe33f3fcfd3e3,test,B
images/6e4241932538740421066531c0d221241935b477ef1dfae8096533aa003ace7f.jpg,6e4241932538740421066531c0d221241935b477ef1dfae8096533aa003ace7f,test,D
images/6e497609acbc9869da86be580304539dd09dcfbad1933c61baf30a77c6a941ed.jpg,6e497609acbc9869da86be580304539dd09dcfbad1933c61baf30a77c6a941ed,test,B
images/6e9dcffa6e034698463418f023293ab1d0277c4ca5e7d7088d68ab93fa113eb9.jpg,6e9dcffa6e034698463418f023293ab1d0277c4ca5e7d7088d68ab93fa113eb9,test,C
images/6e9f68be00acff3d985ceafabc7c1215d259814b9b52c4d5923f9a93c0fa9958.jpg,6e9f68be00acff3d985ceafabc7c1215d259814b9b52c4d5923f9a93c0fa9958,test,B
images/6eb9e060e58d49de56c5392a31b3e72023a1221da7398c0820599ad5c3bd7f6b.jpg,6eb9e060e58d49de56c5392a31b3e72023a1221da7398c0820599ad5c3bd7f6b,test,B
images/6ef85871ea889d75d42938b1bb2cfe2413cb023968e4bbabd3b43c6fccb935a7.jpg,6ef85871ea889d75d42938b1bb2cfe2413cb023968e4bbabd3b43c6fccb935a7,test,C
images/6f3fe72ee3df4d063e7d2354df55f8cd622487c255ea35e0495d30725455f490.jpg,6f3fe72ee3df4d063e7d2354df55f8cd622487c255ea35e0495d30725455f490,test,E
images/6f9d525bb2394f4c1e70bfe8bb2f8305b62b7867483c25d5de2ab0512f912dc2.jpg,6f9d525bb2394f4c1e70bfe8bb2f8305b62b7867483c25d5de2ab0512f912dc2,test,C
images/71fe49b6490499d10b16df5e70463d8209cf4d318cf34f268896361abc2d532f.jpg,71fe49b6490499d10b16df5e70463d8209cf4d318cf34f268896361abc2d532f,test,B
images/72f510a5d2a6f692e953118fce70e0b11620e03f680b82095de6afcdf387f361.jpg,72f510a5d2a6f692e953118fce70e0b11620e03f680b82095de6afcdf387f361,test,B
images/73f6031bf879b1def4da60651086b7401a763c7e714939c09b535ce38d199871.jpg,73f6031bf879b1def4da60651086b7401a763c7e714939c09b535ce38d199871,test,D
images/748bf2e8fab6b0ec0c44c2a00d01b71d2c8f5333e25b68feb88f60add8692292.jpg,748bf2e8fab6b0ec0c44c2a00d01b71d2c8f5333e25b68feb88f60add8692292,test,B
images/76ae31a65ddf045f832b5143fc6125bbf0fb82a4f452fc731c4ccdf2e1fa533a.jpg,76ae31a65ddf045f832b5143fc6125bbf0fb82a4f452fc731c4ccdf2e1fa533a,test,B
images/77d227ebef81934d82916f5e758aba22ccd51557944b34c433d0142da698744f.jpg,77d227ebef81934d82916f5e758aba22ccd51557944b34c433d0142da698744f,test,C
images/79eb42f3eee3e9750453ab29597d641ae9b6dd3d199c15813de04d5b1238111e.jpg,79eb42f3eee3e9750453ab29597d641ae9b6dd3d199c15813de04d5b1238111e,test,E
images/79f0476c84d23eefcf072ec97287e3089d795d5c6bab3bc5068790707f7c017c.jpg,79f0476c84d23eefcf072ec97287e3089d795d5c6bab3bc5068790707f7c017c,test,E
images/7a8761bbc353a018822c60312b054ee6fbbfcd78cba35a187e2f3471bc9b53e2.jpg,7a8761bbc353a018822c60312b054ee6fbbfcd78cba35a187e2f3471bc9b53e2,test,D
images/7b08453dc29d4ee16acb08874e12d3c391c722a17d47204fc0ed249893185930.jpg,7b08453dc29d4ee16acb08874e12d3c391c722a17d47204fc0ed249893185930,test,D
images/7c3e10594acbec62c168640225269428b92f3e4f2815e46a538f3bcdd7eb9193.jpg,7c3e10594acbec62c168640225269428b92f3e4f2815e46a538f3bcdd7eb9193,test,E
images/7c8c2a0f5c37070e8a37dc88456dc0cb109348b9e9773e030deb79eb46b93277.jpg,7c8c2a0f5c37070e8a37dc88456dc0cb109348b9e9773e030deb79eb46b93277,test,B
images/7cdea69fd1fc4c8de912a9638422d413042ce885f2d1e86b7b100410b7109bdd.jpg,7cdea69fd1fc4c8de912a9638422d413042ce885f2d1e86b7b100410b7109bdd,test,B
images/7da51d7af0d4abf03d4c40c07a9d812bc02a40a56b92deb76c963b21ee21189d.jpg,7da51d7af0d4abf03d4c40c07a9d812bc02a40a56b92deb76c963b21ee21189d,test,B
images/7dcc8b92c1a3305cf737bb950204e011b55212dbef9ce9a9369bbc59cc5be796.jpg,7dcc8b92c1a3305cf737bb950204e011b55212dbef9ce9a9369bbc59cc5be796,test,D
images/7f10f84bd9f2104f9a8676118c9b9cb1e0fc753d61a8581296d518d0c941bc44.jpg,7f10f84bd9f2104f9a8676118c9b9cb1e0fc753d61a8581296d518d0c941bc44,test,B
images/7f388f5cca6f7da869bfb9ea7da2b199d99f78426ba7057724c5216bdc075cc9.jpg,7f388f5cca6f7da869bfb9ea7da2b199d99f78426ba7057724c5216bdc075cc9,test,E
images/7f5e3d9cf5f15c74346c13cbbd23b054bc39af56bb8b3acd5b54b47d660ab721.jpg,7f5e3d9cf5f15c74346c13cbbd23b054bc39af56bb8b3acd5b54b47d660ab721,test,B
images/7f92595c4132bec34b8495530b59d8819d2cb7a8cdd35c7147bbce2532fdce97.jpg,7f92595c4132bec34b8495530b59d8819d2cb7a8cdd35c7147bbce2532fdce97,test,B
images/7fac0db6a60e2891ddec9db88842731ecf3d6b011d106254e8aa5fbbf934dd00.jpg,7fac0db6a60e2891ddec9db88842731ecf3d6b011d106254e8aa5fbbf934dd00,test,D
images/7ff80c714cc4380184009ac8049535d03025187dccdb0c6ba53b14fd756c5b97.jpg,7ff80c714cc4380184009ac8049535d03025187dccdb0c6ba53b14fd756c5b97,test,D
images/807e76e5eb6563d3277c7f55c138eb72d8b5e8ac433a41fadad7d558b737766b.jpg,807e76e5eb6563d3277c7f55c138eb72d8b5e8ac433a41fadad7d558b737766b,test,B
images/823fc9aaea4af6e4b079e7ddf894bf4129ac9ee8ffea9bd477902466bacbbb96.jpg,823fc9aaea4af6e4b079e7ddf894bf4129ac9ee8ffea9bd477902466bacbbb96,test,B
images/826264ed26cf08d22e95cb823a4fea7b9e801f85986383d81e5810cab6fb028c.jpg,826264ed26cf08d22e95cb823a4fea7b9e801f85986383d81e5810cab6fb028c,test,B
images/82b7bce6e45af953f43b03717916082e99b1d324288e697fa3349b52d7ab9ff1.jpg,82b7bce6e45af953f43b03717916082e99b1d324288e697fa3349b52d7ab9ff1,test,C
images/82f7da8cb6539144e403d797c35449f9b4533a9e0ec17562830690d45eb76fd9.jpg,82f7da8cb6539144e403d797c35449f9b4533a9e0ec17562830690d45eb76fd9,test,B
images/832686aa77824f722b0d838350fd2b02f9d33ff223d0ce30176b2a051be6561a.jpg,832686aa77824f722b0d838350fd2b02f9d33ff223d0ce30176b2a051be6561a,test,B
images/83ffad04077380482d736d5df81fbe74275d19069953c76da54942d080c7829b.jpg,83ffad04077380482d736d5df81fbe74275d19069953c76da54942d080c7829b,test,D
images/846efc243405237247d42c65fd8ecfd198be4207c2f15fc7070954eb9e3dabde.jpg,846efc243405237247d42c65fd8ecfd198be4207c2f15fc7070954eb9e3dabde,test,B
images/8663bbe75a66e27bb3757cae41d531583115f49dbe49018d5e6839698e1489b7.jpg,8663bbe75a66e27bb3757cae41d531583115f49dbe49018d5e6839698e1489b7,test,B
images/89494959230aa22d93c1648c41b778e35a34315b5bd12e633235c098683e770d.jpg,89494959230aa22d93c1648c41b778e35a34315b5bd12e633235c098683e770d,test,B
images/89afa010fa1e0435d9140cf5a8fcdf99f70c979f7521033a7371d0bdd4259b38.jpg,89afa010fa1e0435d9140cf5a8fcdf99f70c979f7521033a7371d0bdd4259b38,test,E
images/8a71134ae9b768bcc3759c0b83012117a4530627c08b34b18c958e08b6f9a176.jpg,8a71134ae9b768bcc3759c0b83012117a4530627c08b34b18c958e08b6f9a176,test,B
images/8a762b314cd919b423975b00e943f2e4380dc7c876a28990075c6caee95146a6.jpg,8a762b314cd919b423975b00e943f2e4380dc7c876a28990075c6caee95146a6,test,B
images/8bea6f9e05a6f86986bfa1e2f44b00ee129569a65f35866d24ddb833388fa2c6.jpg,8bea6f9e05a6f86986bfa1e2f44b00ee129569a65f35866d24ddb833388fa2c6,test,B
images/8ca37a4faefbb5666f55baedb0a8511bb3b53a46801f83d35cce45db9ab17f5b.jpg,8ca37a4faefbb5666f55baedb0a8511bb3b53a46801f83d35cce45db9ab17f5b,test,E
images/8db52ff626a26f8c4b9c7db746d9a91405df73daf067d6d6e118275c47a65510.jpg,8db52ff626a26f8c4b9c7db746d9a91405df73daf067d6d6e118275c47a65510,test,C
images/8ed199d668dcbb15c7d09eb587ef081382350b82a6dbf2c3b7580c0040db9186.jpg,8ed199d668dcbb15c7d09eb587ef081382350b82a6dbf2c3b7580c0040db9186,test,B
images/903c74e8d69fedc19dfe44ab6678f3b010ca82b0c6405c2df2c31afa38757a5c.jpg,903c74e8d69fedc19dfe44ab6678f3b010ca82b0c6405c2df2c31afa38757a5c,test,B
images/90f36807a80cf3a4626f11264524ddea475509cb340d891d90e9882e32a4fbd2.jpg,90f36807a80cf3a4626f11264524ddea475509cb340d891d90e9882e32a4fbd2,test,B
images/920639984a6cc22827b1d60ad898f0ba34d3ea6f226b23426542450f84469e98.jpg,920639984a6cc22827b1d60ad898f0ba34d3ea6f226b23426542450f84469e98,test,C
images/92c40a5a4ef8b21d6a2f20a1880ae51c39f9bf7ebc82bdf8799894eb926bddb3.jpg,92c40a5a4ef8b21d6a2f20a1880ae51c39f9bf7ebc82bdf8799894eb926bddb3,test,B
images/932131d077928930a3e8646b5e7ddabce0881c98db046bb10342e2554884b6e2.jpg,932131d077928930a3e8646b5e7ddabce0881c98db046bb10342e2554884b6e2,test,B
images/935e724398681b02c37fbae11f54dbb48264b1cea2e689a36bdf3b03f8603a32.jpg,935e724398681b02c37fbae11f54dbb48264b1cea2e689a36bdf3b03f8603a32,test,B
images/93a4192f1e0533f5ecf9dca7f1f707cc6de4ea40dd4a8c0c5ff226250eb4aeb0.jpg,93a4192f1e0533f5ecf9dca7f1f707cc6de4ea40dd4a8c0c5ff226250eb4aeb0,test,B
images/954eed86adcb57cd8383104ae86f12c6069e523a5f32cc95a2d0ecbe1c8a5ff7.jpg,954eed86adcb57cd8383104ae86f12c6069e523a5f32cc95a2d0ecbe1c8a5ff7,test,B
images/965367d1868dbcc8497ce9fc8953188975d11bef51b899b393c3926130fe8151.jpg,965367d1868dbcc8497ce9fc8953188975d11bef51b899b393c3926130fe8151,test,B
images/96817aad7d254625315e56b13e5a9b1a4687f7545aee6740de8086da27a61076.jpg,96817aad7d254625315e56b13e5a9b1a4687f7545aee6740de8086da27a61076,test,B
images/96f24429621150a8e21ae428fe4529f4567a2cea5fad5431a039c319d4db4e56.jpg,96f24429621150a8e21ae428fe4529f4567a2cea5fad5431a039c319d4db4e56,test,B
images/98260b5b46b1853038db2e650de4472ed59229ff5009351e7eb699353ed003ed.jpg,98260b5b46b1853038db2e650de4472ed59229ff5009351e7eb699353ed003ed,test,B
images/9ac230baa44879d30b49e816c475b9b081b6a8e36e9eeb45dc8b12831b565155.jpg,9ac230baa44879d30b49e816c475b9b081b6a8e36e9eeb45dc8b12831b565155,test,B
images/9b8503d227fd61bd182be02922e074fdb9c7f28473f10a6904a39ad9036b21c6.jpg,9b8503d227fd61bd182be02922e074fdb9c7f28473f10a6904a39ad9036b21c6,test,B
images/9c955b39736316e52c36775da31546258971b15fb3ba2bdcc3275d9c1fd7844b.jpg,9c955b39736316e52c36775da31546258971b15fb3ba2bdcc3275d9c1fd7844b,test,B
images/9d82525fea14c86ad339a4ad55bf3a32ee8180be177ed09ef7df741a5758eed3.jpg,9d82525fea14c86ad339a4ad55bf3a32ee8180be177ed09ef7df741a5758eed3,test,B
images/9dc6d20f267092792314e338ae118b9d8341f3fbb97cddd4e7094269506e54ae.jpg,9dc6d20f267092792314e338ae118b9d8341f3fbb97cddd4e7094269506e54ae,test,B
images/9e0f7f551d38fcbb11acc6021481fb837cc668407dd55e615c7a52a6d6c5553b.jpg,9e0f7f551d38fcbb11acc6021481fb837cc668407dd55e615c7a52a6d6c5553b,test,B
images/a0406b324ce350d121cb55723342ecf4d7b6476f488ca2a0b93de31ef021c960.jpg,a0406b324ce350d121cb55723342ecf4d7b6476f488ca2a0b93de31ef021c960,test,B
images/a140011377510f0a0583fb5a5389b8f4db7278d2ccbe8e9bf243385d18d1fc82.jpg,a140011377510f0a0583fb5a5389b8f4db7278d2ccbe8e9bf243385d18d1fc82,test,B
images/a4256e087aecd99eb1f18d3cdcec3c01bdef0fd94f61ab6d476ce75a63a5606d.jpg,a4256e087aecd99eb1f18d3cdcec3c01bdef0fd94f61ab6d476ce75a63a5606d,test,B
images/a68db83797a4fb1fbbf26840598707b20689f3c3b33676ad0c7e6148866ee38a.jpg,a68db83797a4fb1fbbf26840598707b20689f3c3b33676ad0c7e6148866ee38a,test,B
images/a7238d91b3104f4223bd90acfeafd275035d73266a0212a2e5438ca7c99b92e9.jpg,a7238d91b3104f4223bd90acfeafd275035d73266a0212a2e5438ca7c99b92e9,test,B
images/a82619a904cb2b8bd4ca5fd1e91c4c836a39b76f182770249303fc5ea3ab11f7.jpg,a82619a904cb2b8bd4ca5fd1e91c4c836a39b76f182770249303fc5ea3ab11f7,test,E
images/a926ad8903197801d903717c7a07693e7ea32118404bc4ab81c659ca3300286d.jpg,a926ad8903197801d903717c7a07693e7ea32118404bc4ab81c659ca3300286d,test,B
images/a9b2065aa1f56735685c340fd1a6411ba585a184fcaa6e2c5d2f3cc475f6bcb1.jpg,a9b2065aa1f56735685c340fd1a6411ba585a184fcaa6e2c5d2f3cc475f6bcb1,test,B
images/a9d9502bc0f24a987fdaf4510da033cf3b20c8bc5434df3a5ded1e63480a16c0.jpg,a9d9502bc0f24a987fdaf4510da033cf3b20c8bc5434df3a5ded1e63480a16c0,test,C
images/aaf32d7e2aec9b27abdac992467db78334aeffeecd689c679942b0c8012223c6.jpg,aaf32d7e2aec9b27abdac992467db78334aeffeecd689c679942b0c8012223c6,test,D
images/ab07067ce120e4d0a28578843683eb918287cc36499a8b88a7666f0714ccb8b6.jpg,ab07067ce120e4d0a28578843683eb918287cc36499a8b88a7666f0714ccb8b6,test,D
images/abc03f9b79c3246a9c449e5a00079caf1a64951614f9201aaf25d97e7ab87373.jpg,abc03f9b79c3246a9c449e5a00079caf1a64951614f9201aaf25d97e7ab87373,test,B
images/acb04d1ed709850b8eebba8090dfc7935b97862b3afb5fb77fc229a4934e8056.jpg,acb04d1ed709850b8eebba8090dfc7935b97862b3afb5fb77fc229a4934e8056,test,B
images/b2c085861a511453372b1f1d905eca83a35cf0f61631a7dc767d23c2711d9c6b.jpg,b2c085861a511453372b1f1d905eca83a35cf0f61631a7dc767d23c2711d9c6b,test,B
images/b424e407b814498d3c52e2d1d1287529f07c1b3579f63d5586a3430c94828b9e.jpg,b424e407b814498d3c52e2d1d1287529f07c1b3579f63d5586a3430c94828b9e,test,B
images/b507db033d1e13ec1fc2d94cd5e82aa60902e05828da24ecbd32c3122146cfba.jpg,b507db033d1e13ec1fc2d94cd5e82aa60902e05828da24ecbd32c3122146cfba,test,B
images/b5375c401a8ae1ec9e0a81aa10c246ba5ae6c124e50eba2655e8af3a2710eb79.jpg,b5375c401a8ae1ec9e0a81aa10c246ba5ae6c124e50eba2655e8af3a2710eb79,test,B
images/b6604164575302a21519dad2da74071cb0a8ae0355700ac990dff0201ba20848.jpg,b6604164575302a21519dad2da74071cb0a8ae0355700ac990dff0201ba20848,test,B
images/bb5c5eae9ea7b416f030561c588a1717487765c236bc0d590431399f883988ed.jpg,bb5c5eae9ea7b416f030561c588a1717487765c236bc0d590431399f883988ed,test,B
images/bccd77630afd4e1d4b890de142c2aa3c5a6cb098334d5293205c0d758ef9d4b0.jpg,bccd77630afd4e1d4b890de142c2aa3c5a6cb098334d5293205c0d758ef9d4b0,test,B
images/bcf6639632bfa67a2c7396f044fca50202a0790a0a445c3fabaa839f3a3f44a3.jpg,bcf6639632bfa67a2c7396f044fca50202a0790a0a445c3fabaa839f3a3f44a3,test,D
images/bd97a46a396245a82e556851db1719fa17421e43ab3d2db9bc104c88d35d687c.jpg,bd97a46a396245a82e556851db1719fa17421e43ab3d2db9bc104c88d35d687c,test,B
images/bea4f5bac2ff5688c25c00e4fd360145aaa13a1e90e78373dc0a2cdd4b3cf75b.jpg,bea4f5bac2ff5688c25c00e4fd360145aaa13a1e90e78373dc0a2cdd4b3cf75b,test,B
images/c2501521a723e8729f65b86652950eae5cfed615e0de6a95415fc06ccad66a99.jpg,c2501521a723e8729f65b86652950eae5cfed615e0de6a95415fc06ccad66a99,test,B
images/c405fd0587910e324b66a013ff86f8d7cfa7fb11f38831b40d503d668b6d15c6.jpg,c405fd0587910e324b66a013ff86f8d7cfa7fb11f38831b40d503d668b6d15c6,test,B
images/c6845405d960625c185399129f3117f57fb2576de606821147ba3c7a3fd13a0d.jpg,c6845405d960625c185399129f3117f57fb2576de606821147ba3c7a3fd13a0d,test,B
images/c6b5ef88aeba8dec8f9441d68e6d94198687303c52f77f2df67e2046748cdb22.jpg,c6b5ef88aeba8dec8f9441d68e6d94198687303c52f77f2df67e2046748cdb22,test,B
images/c7771a3acfbef83d83ffc4765d81337c730f75402d8341743383439abbfb3422.jpg,c7771a3acfbef83d83ffc4765d81337c730f75402d8341743383439abbfb3422,test,E
images/c95067ec83ca727e9729c23ca41a50189ae755fa5590820dddcfae425e1cbbcd.jpg,c95067ec83ca727e9729c23ca41a50189ae755fa5590820dddcfae425e1cbbcd,test,B
images/cbf022429c3548eefce2058cccb7d798f5cb6bd1bb104c5724dae820477a2381.jpg,cbf022429c3548eefce2058cccb7d798f5cb6bd1bb104c5724dae820477a2381,test,B
images/cbfede47151e6c6426d4cb31696d0e42677690247449d8aca85e87a464b1b354.jpg,cbfede47151e6c6426d4cb31696d0e42677690247449d8aca85e87a464b1b354,test,B
images/cd1d29cd2f8f8175463264f3598e4bc40ded0f5624ed4a49e342c17e81ce0589.jpg,cd1d29cd2f8f8175463264f3598e4bc40ded0f5624ed4a49e342c17e81ce0589,test,B
images/cd92fe504b69e26fe98c41967c2cbae74376a443b4957d57274874820f7c16aa.jpg,cd92fe504b69e26fe98c41967c2cbae74376a443b4957d57274874820f7c16aa,test,B
images/cdf3e4ba607bdae2f4ad8913453c91180f30c4da567df5ddc6c27779e2ab9148.jpg,cdf3e4ba607bdae2f4ad8913453c91180f30c4da567df5ddc6c27779e2ab9148,test,B
images/d12701bb7f48d461b28d8edf939a49082aed8a7a20943f840742c679b07266ec.jpg,d12701bb7f48d461b28d8edf939a49082aed8a7a20943f840742c679b07266ec,test,C
images/d22a10700103865b34e55a437794ae20cc39f922219ace1749397f113ba50d76.jpg,d22a10700103865b34e55a437794ae20cc39f922219ace1749397f113ba50d76,test,B
images/d3c54612208be67450c9bebc189adf0cd90411f19c01dc13d2973c443d7dd369.jpg,d3c54612208be67450c9bebc189adf0cd90411f19c01dc13d2973c443d7dd369,test,B
images/de5ff8b70eb08578310136596086ca941440824563be8be5f0887956d2ea88da.jpg,de5ff8b70eb08578310136596086ca941440824563be8be5f0887956d2ea88da,test,B
images/de801685ab4f2752f88f3128d361df1d66e0ea74f2b7c8f353dae804a8c2ffdb.jpg,de801685ab4f2752f88f3128d361df1d66e0ea74f2b7c8f353dae804a8c2ffdb,test,B
images/df3ba693ffe03a4cc2b2b508065dce39660bd69332a9e30c74d28ea7635e1fec.jpg,df3ba693ffe03a4cc2b2b508065dce39660bd69332a9e30c74d28ea7635e1fec,test,B
images/e2e94e10e723e32cbb5c6fbb6e2f1df4acfaa0d3870a1936942fa03b56015797.jpg,e2e94e10e723e32cbb5c6fbb6e2f1df4acfaa0d3870a1936942fa03b56015797,test,B
images/e513205af326b5528ffaea06c1e1887733f6fa8d35fb23cd210b19427536a4ec.jpg,e513205af326b5528ffaea06c1e1887733f6fa8d35fb23cd210b19427536a4ec,test,B
images/eacce118fca07c828ad0a0e7f78ffda06cd77a032200d2dfd85400f9de2716b1.jpg,eacce118fca07c828ad0a0e7f78ffda06cd77a032200d2dfd85400f9de2716b1,test,B
images/ed19b8412b517774e3e0a942eac08dfd4818aca690acaa70acef0d50be543367.jpg,ed19b8412b517774e3e0a942eac08dfd4818aca690acaa70acef0d50be543367,test,D
