path,sha256,split,label_letter
Healthy/1 (1).jpg,07f8c4bfd8a24b91016b059adbf593895510700f98eb91c6e6f195106a4f165e,test,A
Healthy/1 (4167).jpg,135f67df6da4a652aa76cdd39492e274d6f11f06cd7ab8b3279fa5926865e2ea,test,A
Healthy/1 (3812).jpg,13f3a650cd6cac0728b8e9856c8a72f47b10661d7e88c4c4080f40185b4cfa76,test,A
Healthy/1 (3809).jpg,16c46a1c29cb7881e4bfc500fcb3d1ce851bb495836ab1f723e626265f6278fd,test,A
Healthy/1 (365).jpg,16e59f02e4e80dd3b8d9a28822c98c8e0e24242aa001bb2337c3eb37a33df169,test,A
Healthy/1 (104).jpg,18af99be88bb35246f267ea32bea55b4c988d18e0eba3e3e1becc9599a6f5244,test,A
Healthy/1 (2858).jpg,1d43268014251923f17f274a758dc277d281c841b4b3e5885dbda5586be210f3,test,A
Healthy/1 (2859).jpg,239474b0f9ffda07956ee87d6d7b4447437042120bb75244b695f78b3aa7f003,test,A
Healthy/1 (1007).jpg,26d892af7dd613bd628d2c0cc8911a852f2ba10bdd76dd6c1d5b8719570893c1,test,A
Healthy/1 (2861).jpg,286feb98a464ea3b2119cec8a8a37b8641ed3de1da81baefb69b7160041e688f,test,A
Healthy/1 (4171).jpg,2efa173429175c2cc25d655ed109f961744d0751ca51e447dad5a7dbb3ee6fa4,test,A
Healthy/1 (1320).jpg,2ffd3a9beb35237e31c5c7c1318446511e844534b52b849bd17d532fd228b8b7,test,A
Healthy/1 (2268).jpg,33aada271dca8f663695c21843fe9465996c11f9d27a72aecfc322e995aab2ee,test,A
Healthy/1 (1324).jpg,389c17a4bab9d2ceade3fe366e748c5e3c3cd92f8a09333fdff0f8bd3314f9bd,test,A
Healthy/1 (2862).jpg,3bfeafe75b1825a976fe60249e95253c0ac5deb4f764a01dd45969fd2b919345,test,A
Healthy/1 (5).jpg,3daae6c0c12b6ce81266fac4a5d559f627ce6fb4a8e43fbaa98dddf18e9fc767,test,A
Healthy/1 (4166).jpg,47ed776b3135f72a789404295d23b219314d6c087a5b90644300a995f93fe457,test,A
Healthy/1 (1909).jpg,5448162cdc4ce94f5adce41f1a2b55efa90b74046472c353f128b6f586892f9a,test,A
Healthy/1 (3810).jpg,57419bcb288ea54db98b068110ab4cefbbda1e3e193cd1b99660968ed7dccde5,test,A
Healthy/1 (3807).jpg,62bda677abab05c9800f9eca6909d727db1ba2e9c9aeb8d0955d3ddbbfa0211b,test,A
Healthy/1 (364).jpg,653c02eb5fad428e7673a282f9f26250322a4c9747aee0d7db3280829ccd09c3,test,A
Healthy/1 (4169).jpg,67688b73de76c2ac9150085db54db2ed1ce4687f831e3a92a8c1b22bb046809f,test,A
Healthy/1 (103).jpg,6926ec7cea719b3ce8ae717a409aab4e9b2ce8e7c3be798046af37c3f844ecf3,test,A
Healthy/1 (2270).jpg,696162ad46b1110f0249ca82e617a92bb4ef96b683b33cf7e4f4bb6dceb3e133,test,A
Healthy/1 (2269).jpg,703fbdcc44f9a8515d5e54518959e540fde83cf5462d95b235a680bccb6d120e,test,A
Healthy/1 (2271).jpg,7d7e7ecffa248e2691db31e0370ff5022348d04df72d00a67b645b6526b1feeb,test,A
Healthy/1 (1321).jpg,8816025c9fb66af764edfc7375f76b1bcade6488349e2a5f62520dd4f6b77326,test,A
Healthy/1 (1322).jpg,96c26e31028862559cd437a9677e19ada8348af400d59885bcc942f68cea75d1,test,A
Healthy/2 (2).jpg,976a547e82be8070dc2a10d2d8418c742c2a39032f4a14e3a875f31233927191,test,A
Healthy/1 (1913).jpg,9de257448ef7165315afc3e0068e819c5ff42d4962df272be356946f8261d3ec,test,A
Healthy/1 (3218).jpg,9f4d4bcdbd7b416540ad65ed6936d71e774531dd0fd417682e3c057676e3d1de,test,A
Healthy/1 (1000).jpg,9f6bcd15b6be6aca37b0260fda8b9a7e00407bea0b7123f2754b628b2dc845c8,test,A
Healthy/1 (2860).jpg,a43c9eb66e439d2eb8298481c15c870359f91be1c40f59b990cf81a8a45a33cc,test,A
Healthy/1 (1323).jpg,a574e2a29ac594dde3c2ed84e9ac2ffa33ababcde081fc2a0024953a73c518f7,test,A
Healthy/1 (4170).jpg,ae469457d2c496d4f9116486ccf000313faf338e7dc1969689433252813d9c8e,test,A
Healthy/1 (2863).jpg,b04bc58a1ba0ca3b68fecce89beffdbf4c9c5625fb17a76d954500c58553cafe,test,A
Healthy/1 (3221).jpg,b0fb413dc4fc5b647e2514e0866c0f5bb61b7f9dd8616e8b249ad45887670aa0,test,A
Healthy/1 (3808).jpg,b68184c892d026445e166162b6296dfca32a05ce23dafe03163ce7088e4837c9,test,A
Healthy/1 (1004).jpg,b7331fb5b056bec44c01526139a7ae4b3ce2b0fd9918f558fa15d96782d11418,test,A
Healthy/1 (3217).jpg,b737b9ab3f98ac809d7e2c86073d8ff622e8e905ddf5812614a3093c39c6833e,test,A
Healthy/1 (1911).jpg,b7ce796914a33a7e1a2e983193c42607ffcd239b7262191db46527f23562ea04,test,A
Healthy/1 (102).jpg,b97074be34a62a3556ccf04f3b3f714eef8caf3c7b3b3e762950a12d2682fa57,test,A
Healthy/1 (3219).jpg,b9af0cf3609231bb0b98b94c0fed8d6f67bf3039bf1afa65eeefd033cb8bd32e,test,A
Healthy/1 (1001).jpg,ba9633a28f24ea408c608a87d8b991ae9e39e0505297a43c6d925668305d09e4,test,A
Healthy/1 (2273).jpg,bac19d3dc850f499164a24fb38b09af7f173df9d4874428b0f9da9833058dccd,test,A
Healthy/1 (3222).jpg,be6c300c42cc18ad749ddd771e9f6c3ff4b8f11c8236a0f98cbdcf07e6f03694,test,A
Healthy/1 (1319).jpg,c01d07100277fe92735b29158c1b45ce1948a32fa0d220ecfe225dcb6a72fdc4,test,A
Healthy/1 (4168).jpg,c55ba3db5a7cbd5009b45eecdc0a210f06705bd96667d55b5b09eba937fbe173,test,A
Healthy/1 (361).jpg,c698e4bc1ba0b97f0d5f8a1e48e36351ba531da095696e0fc4b5696b831aafe4,test,A
Healthy/1 (100).jpg,c738691347992f296a77328fa7a7f174718aa3f0ed6b0837d7d7a3d04b4eee29,test,A
Healthy/1 (3811).jpg,c9a11807e17670f4d919ded8a13eaafd2442c3e267476764c761c7bc9bbf095d,test,A
Healthy/1 (1912).jpg,cabbad23f135a5091220c3c4e38113c8073937258dfd346784948766726f74d7,test,A
Healthy/1 (1910).jpg,cf18c56b2fcdaa9681a729b6706a6b18aa681fb670a53d46f9bdd73606731d2d,test,A
Healthy/1 (3220).jpg,d01e303f4c6171c3300d18b19a7793b35806487720dba4907808ca996cc1f958,test,A
Healthy/1 (2272).jpg,d380958fc87646201cc4ad52a9343262169be25870ecc5aba9e32e13569b0528,test,A
Healthy/1 (1002).jpg,d8ba6e689587dd4dd66135906b23db3116e8e7843e4fce093bc2dbe1186bd7a5,test,A
Healthy/1 (362).jpg,e0a340dbbc946993d92383e2f72ae63c6f6fcf1517079f083b101d01c765c8ae,test,A
Healthy/1 (10).jpg,f21f95459910178873e00265285e7bccf57513db13568ec82ce7c249edcbbe9c,test,A
Healthy/1 (363).jpg,f22acf1941390cf01780b8607e298c686c3c18a40db2f3df15620c9aa7bec780,test,A
Healthy/1 (1003).jpg,f5a2d03de634a20fbb51c5e7c69e7de33c864690d5e145dd4907cd3fe670ae43,test,A
Healthy/1 (360).jpg,f9100742bfe4aa5e559186d8d843061b0ac85af5a1a5936b9107dc6f958a6595,test,A
Healthy/1 (1914).jpg,fcc0b62d2473b0ba1cd930257aab02e39b8cbf423eefd580439ed8c9605de1f9,test,A
Leaf rust/1 (31).jpg,004f48f4b13f88f873c5fa064eea94ef8686dbbf6da2da1f868a4918c158822c,test,B
Leaf rust/2 (621).jpg,00a21ce3ae247128d95e563252c5b8a8633ac0327f114a2b393a0cbf032b315a,test,B
Leaf rust/2 (586).jpg,00bed8cc7621fa3dda526093fe88769914d8fce5060d89c3ed135eac975ca0d2,test,B
Leaf rust/1 (345).jpg,00e246c03b35c839a77f450b84c70a718770e936b4608851c86e3830326f8d86,test,B
Leaf rust/2 (725).jpg,00fdd118cde69ce56602d5dde4f52ab707f6964ec12f0648f04b5bfeba6a5d96,test,B
Leaf rust/2 (761).jpg,01062411f797cfc244f3425896f19f3369866deadc2d73439d06d729f251a3cd,test,B
Leaf rust/2 (894).jpg,013582b6181759542aa0594d048913b12f5cd8deef70bd3d8d2347dedbc7070c,test,B
Leaf rust/1 (138).jpg,015aaa3d487f7ff8ee437ea39b9bcf3f5fdbedd6d4bdec70483c10c7d2933642,test,B
Leaf rust/2 (544).jpg,0168f32fe7c41f6443a899fd4b5940c44f911c3d24192b38cf166d9aaccceb50,test,B
Leaf rust/2 (873).jpg,01f6ccb1bcbd8fe12c02b620cbf5ef3586f3d609bcf303685646286cbaa9c918,test,B
Leaf rust/2 (703).jpg,020df42c6ed2a3f6a48c6665e4eb5efad86689d6f371b6421b130d9fe17f25a4,test,B
Leaf rust/1 (254).jpg,0245fcb617eb13e2eb714d7b78025ce79441be76dc0b4d8e3a1cc438bd71bfca,test,B
Leaf rust/2 (679).jpg,02485824d4d0dad1cdf62213e63081f0476e97160aaf017ef08671a49ab39521,test,B
Leaf rust/2 (1001).jpg,0259f968679b533b0c2c67adf44bc79022902b772556d1b8d1f9c2b7d12e4490,test,B
Leaf rust/2 (993).jpg,0261e5ed8c650c015f97e2cde3cc099a4551fc30669cc39a2234f5cc80374c48,test,B
Leaf rust/1 (123).jpg,027a30a2c29d32ef3d059ed8a5fb62b332813dcdc48a06b5dbb46597d0164414,test,B
Leaf rust/1 (320).jpg,03592d91cf71898b8902e7dfccd576e2b75457ad3fb08c8fa667aba1517a110a,test,B
Leaf rust/1 (192).jpg,041c8686810423ea3dfbeb0aaf645044710635772f1a81c25d054f47a9b4c035,test,B
Leaf rust/2 (614).jpg,042f9d8218c2ec7449c1e4a55cec4367043b707098e6c24d16865482c6c9029e,test,B
Leaf rust/1 (403).jpg,04a6b556b3bc558b99e120a5fa954a4743fdf63c16de4490adf2a484de2daf20,test,B
Leaf rust/1 (271).jpg,04b125f2f675233695f128fc47da856f37f9bd59b7c9b31cacd5fba6bb0c7672,test,B
Leaf rust/1 (371).jpg,04bb8d90e8711b8def75c72cdff133c953bc37f9d3870e93b4d8f3eefd7ddee4,test,B
Leaf rust/1 (129).jpg,05026e4378eb307cd10ddf3d8a8998a72b9227590186e4c7041a0521e91cfd11,test,B
Leaf rust/1 (231).jpg,053b995bc9880587e4814898bc763214c9c8f01e3d81f3abdf52652c00737e54,test,B
Leaf rust/2 (542).jpg,0575798f54b77908ec97dbaa38a7d1dbf3165b78a66ec16d6fc8bdc479f053dc,test,B
Leaf rust/1 (506).jpg,05d6c14254de7d47b590bef6f31a29a4bcfc1a79cc2eecfe1be473a6107a0fbe,test,B
Leaf rust/2 (903).jpg,0610d2d545f29ae177b8b78932712099c39d89d327bc9acb1d3bdd1c5f24e9b9,test,B
Leaf rust/1 (89).jpg,0661fe5c17abff375fb738b6855606295a8ef0998a7963e9e3c5f5149e5938d6,test,B
Leaf rust/1 (335).jpg,07079dd38430feeda774ab0c6e0e7865ed79614a814a9b4a7f695965a4c9e7b9,test,B
Leaf rust/1 (73).jpg,0732484ff296f283c82a9abafd4cf21a5e7f231d4b9b7540453b2e6df8abecba,test,B
Leaf rust/2 (618).jpg,07be1c48aceb48a12ae58442be79dc8c303f6d7f26a3675f6ec17bb491ec9c83,test,B
Leaf rust/1 (259).jpg,0891b2187ed49c9c89fc4d4a5837fadb56ff1f35958591d56d272c0ea64e20af,test,B
Leaf rust/1 (163).jpg,08df4ea52fc06890e2845403237f79ec993932d456902ad4711e97813c0d4cdb,test,B
Leaf rust/1 (40).jpg,092d302fcef8af65be58a1868755ead020c2f9cdd95b3e13ea91515b8048c439,test,B
Leaf rust/1 (499).jpg,09b474f0e9222f28d059f02d80765d1d53c6d0cf697620a87f82674ea241fce7,test,B
Leaf rust/2 (809).jpg,0a610d9f5516c615877c38182d2f058c48d48e72e40af155a3f3862977a22275,test,B
Leaf rust/2 (893).jpg,0a69bfd876baae72387a963f9f0337c666e9fb626c5d18532a7d8621b767b57d,test,B
Leaf rust/2 (937).jpg,0a7ec12f98b6a3fcdfeb7d4fa47977f2fa0953cd1429c4dcc15c29f055f38b68,test,B
Leaf rust/2 (626).jpg,0aa4b0a76fb7b3223c9ec6e69be4aeb6ca98399dc0645fcb0f4abecd0744ac9d,test,B
Leaf rust/2 (722).jpg,0bbb47181d503c2cfe755e368171281b181e597ccc75a9427ee88d50bdaf3d25,test,B
Leaf rust/2 (1021).jpg,0c0bdeabde603bfae9717a533f37b7e1aef19acd8b34f28c7dac336428f4c42f,test,B
Leaf rust/1 (395).jpg,0c121930ee5cc574282b8fe216b06145939d43b07e9caf259e1066f59c7375b3,test,B
Leaf rust/1 (507).jpg,0c9e0cfe16abe508f66fa22e09d042821706f49da64e46e4bb73bab46118f718,test,B
Leaf rust/1 (365).jpg,0ccd95f734cfbeb75c2a50f384cb36defa9dede6b690949035e798f5025d6fb5,test,B
Leaf rust/1 (341).jpg,0dfffd1361c8287d82241864f72088143fd400c34a05506990590e8dee96ec12,test,B
Leaf rust/1 (493).jpg,0e1b8fb0f93332ddc58ba624593248b3e5d45c304be9a59b3138adfc7bd16beb,test,B
Leaf rust/2 (532).jpg,0e214c27dc74f29534e32398063a036fe957d8f85d3797a0b7b4f89ed3c32faf,test,B
Leaf rust/1 (2).jpg,0e25a3646e24339d701eed8442f6bc07a030acea6b09d8c95c26d33cd6561a6a,test,B
Leaf rust/1 (6).jpeg,0e82e426f1b6482edd2ad1f7c44536f69fbeca95d1be7c7b247f9b1ad1b643e3,test,B
Leaf rust/2 (996).jpg,0ea95e651122de2d4f74f916a53f330d77fa68fae473516e79ead34bd078840b,test,B
Leaf rust/1 (456).jpg,0eac9de776441c13aa084f55a77f1e91ecffe3b15a7f977fe0703dc36b6c30ed,test,B
Leaf rust/1 (99).jpg,0eaed847b212557453296c38ea53ae5d6d540c705466763033788d7d2b61b644,test,B
Leaf rust/1 (358).jpg,0f311480cc489367ee38400c1f4479760ef8d63a94c8e4e3c452652a3d0a5285,test,B
Leaf rust/1 (494).jpg,0f40d9249370ecca7ecc37f19f1b6e67d9da1228830488a4e87c584062459898,test,B
Leaf rust/1 (84).jpg,0faddb72f2205e2056bc99c523f6998911ac545b1fc71ac7b68d06bfd5e27e8a,test,B
Leaf rust/1 (258).jpg,0fb6b989884bebc92287b1f2271c29b7b952a6740937bafb2c08cb6f62c54605,test,B
Leaf rust/1 (300).jpg,0ff2ba7e65cddba650816fa6d776eaca4a3f346c5a98023fa21caa5a240a1a57,test,B
Leaf rust/1 (107).jpg,0ffaad94fcd49cf5202edfd878e41859f38075c790d71a5552f430af8774d274,test,B
Leaf rust/2 (11).jpeg,10077b72fc870672c43c2ed4efb30615f7a932a068b8de7a9837e2edaea6af90,test,B
Leaf rust/2 (759).jpg,103294c6af88e2c4221423ce67fb2435ac8d1376177be373873ec9e8660dde57,test,B
Leaf rust/2 (1020).jpg,109a18ecc91b7768cde35f48c0e26127e9c539b698cf01bea3ce782cfb559c12,test,B
Leaf rust/2 (962).jpg,10bf7192ec9e311db905d39c69bae1dddd6fb8391d1b439185c494adc3c7625c,test,B
Leaf rust/2 (865).jpg,10d61952861dc0872a524b42a8f3b4ba71803bd01e73eaf3e80fdf79dcc74f53,test,B
Leaf rust/1 (55).jpg,10ee537da87d0d6d14b48c0a2e32674ca1541fc5ffb729aa72fbd5709b392a5e,test,B
Leaf rust/2 (692).jpg,110ae75e8fffc3436e5cf9e5c166bbdf66922c4c60c65e942a3d2c282d597033,test,B
Leaf rust/1 (402).jpg,111d643814a6ef40c4e58b4fcbc192bace6d02773562ebe60df4bdb8fb0b4a15,test,B
Leaf rust/2 (941).jpg,112aeaadf3702b1aeaef9669f2825e707a3a890b00a8b91490a8bdbb2b1f71de,test,B
Leaf rust/2 (816).jpg,113d4761cfc37e79b25d7340c2e82027c1c9f39e17e159a61f03e701930d550c,test,B
Leaf rust/1 (98).jpg,11d42311200264bf410d7a4570d15e18a413eddbe28ae3a9594a4a268afd779b,test,B
Leaf rust/1 (3).jpeg,1202aa5e2f24a00e5db95c90742be018d0e8c0b20d3d612993cfb161daee4bd1,test,B
Leaf rust/2 (991).jpg,12139d64835ee978c5364ee07d84062332f25a9185517bc04b31206d390f5929,test,B
Leaf rust/2 (755).jpg,1243cc0b429ed8803c18cce58a3140cc280e8153cb416e465187635ab3adbfd0,test,B
Leaf rust/1 (483).jpg,12512da0ffcd23bd214e0e9aee2dad38d86fc5974265dd602053f836324ae9b6,test,B
Leaf rust/2 (835).jpg,1278260cf9968f388d7c5aea88517b6a78ae5291d52ca6863231ac63607a8d3a,test,B
Leaf rust/2 (592).jpg,129e5aeee19abced40f16ba3f32c6784254c350b4145b0d6c9849d8824e1a853,test,B
Leaf rust/1 (37).jpg,12c504b46a0c3aea14d8ff298f447fc1d14f42b3a0fc9e4181d5550f02407ecc,test,B
Leaf rust/1 (496).jpg,1301a0d3f79edb583d3f696dd5e890ca13d768803b8e1639e91805c3c79c9055,test,B
Leaf rust/1 (471).jpg,1373b61996c28f22f8b02afc71f231d1116cf2b59be114b2ad4fade5b28a9f0d,test,B
Leaf rust/2 (933).jpg,141a1d9276aa667174eea436cddf042f695cd2ba2625b70fd86b228bdd9dd6f8,test,B
Leaf rust/2 (1007).jpg,1430bf48d45db59ec31c4bf73a1f863506c4655b7b30707f480d19122cf8e024,test,B
Leaf rust/2 (563).jpg,147b60015558fe5df0c55fe332cdd9c5557a74f4ca1a05e697889285487f7cb0,test,B
Leaf rust/1 (103).jpg,148193c575e5f48b5eada4cafb982edc276159b6498b0f363a787daf8e7be78e,test,B
Leaf rust/2 (883).jpg,14c1c33ada195963ed8692cdd240b09ff748a46fc67c2ff2b73b26e237959614,test,B
Leaf rust/2 (516).jpg,14c2b0f15c4665b0d777207fe7e6a4e50ce72b30ca3cce8c7edd4c8461cb2c27,test,B
Leaf rust/1 (424).jpg,14d74cc8da822730d90045057b30c5bbcf75c6c84ddfa7489e48ca8c1bc361e6,test,B
Leaf rust/2 (905).jpg,14f8976e4e3b8f34fa6f65b2446eeb986fbc17e77f918e931f7f86204746b252,test,B
Leaf rust/1 (407).jpg,152a9fdd2431f52fe520992bdbbeffc3f595fbee962b2cd90ad1fc32281f653f,test,B
Leaf rust/1 (390).jpg,152eb03f107cadafdd982e992c47a6d9fe0dc157a2552b5db6260237a87e7008,test,B
Leaf rust/1 (406).jpg,154f86ff2bbeeb30926433fdf960b2696188f67224149218f728a86abf84e100,test,B
Leaf rust/1 (2).jpeg,15b89ff49901199552a383aa653151201942f657f26a9de365ffe45504108791,test,B
Leaf rust/1 (109).jpg,161649d26d6d1273754242eaec4bf51604c55ac0179fab2d8b85f577bbffb071,test,B
Leaf rust/1 (309).jpg,1645331390cef307c945b48170ca9459fd612ed37dd9f4a4339ad5da1a037b77,test,B
Leaf rust/2 (975).jpg,165df8931c953b8213e5328474551cab028706f61df72e768f81d0fbf9cb2ac8,test,B
Leaf rust/2 (612).jpg,1680e863b703ac34ee4ab23492aa2b4976f90cc424cdabf7554a839461e3442e,test,B
Leaf rust/1 (49).jpg,16925ee473d8468549f866e9e98d89ea225a9cbcb0f99a0d545595fdb2357a39,test,B
Leaf rust/2 (639).jpg,171191093e6cce80042edc90ca6a9e1ddf9840b9f7c4dfafaece70eab41b19ea,test,B
Leaf rust/1 (17).jpg,17165f46e1e03110349a5621b46f37ba13af8245b1b9d205b41264d46632c90a,test,B
Leaf rust/2 (562).jpg,174d71ebad80a84c74e2ff8d5dfdbfd19c34a13d9f5bef3741c347ac235116ce,test,B
Leaf rust/2 (760).jpg,17ab099d9a0bd9e1ac124023417ef142ca90653459bd517e77696b2925ca27d7,test,B
Leaf rust/2 (611).jpg,17b7d13214bf9b5c8ac882a15d8b851b11145cf6809faff851aef20b543aeb15,test,B
Leaf rust/1 (197).jpg,17d2ceec46534f507bdcc8b4e55bd31d0b205c78150f2228fa42459e091934f0,test,B
Leaf rust/1 (9).jpg,1843d75d15c43d35d3faa017b6d42c50645e4e8ac3b1ecf36252b423d619ab03,test,B
Leaf rust/2 (1008).jpg,187bf5be529a44089d2783b303b09f5647a243440c87758e3dcab05632571f01,test,B
Leaf rust/1 (375).jpg,1938ef4959067fbc821bf831e2ff7c7f8d773565000cf57f0b8adf9941ed2a6e,test,B
Leaf rust/2 (953).jpg,1940ff872a7ae8a5100a93901cf6fea820afbd4750da538b8ecf3a6c487b77e7,test,B
Leaf rust/1 (29).jpg,1993b813fd02beb1be251e4df04c890041c546d0b2f2ea1bfd5845c859aa27df,test,B
Leaf rust/1 (9).jpeg,1a143e311a9f80182df9b1eeabded8c381c41ff82342e0652532a19901677f90,test,B
Leaf rust/2 (858).jpg,1b18f634dee1010fb34bb945c76896e5243ba131d4c747b592853d9884fb5adb,test,B
Leaf rust/2 (954).jpg,1b4236004ed9495d34f7980abdc0ed17786730cfeaca52e25fbb239517f1b27c,test,B
Leaf rust/2 (663).jpg,1bf72b764a35cd16f5673490ba18418971ed1d3fc0ba9cf4af407067d8292edd,test,B
Leaf rust/1 (488).jpg,1c027d34af8d601fecaa3ec895307ec15858a52e6811f323fc6a99de0a644efd,test,B
Leaf rust/2 (861).jpg,1c0864989258bb54d5461f3acb5611721b30cdb7f3053be59b3ecca8ee058e0e,test,B
Leaf rust/2 (699).jpg,1c4e985e3595f4743b4cf14ca27401671f5b7c454111bc86b895271bbaf3d9c2,test,B
Leaf rust/1 (140).jpg,1c64e0ce62e1be2f77bf4b0853b3e27cce98dd18d8706b8ad69801af2bffddb4,test,B
Leaf rust/2 (832).jpg,1cb2a7f844571932bc7e1decd5818f2b379b51c32511129729e6d8734ac71990,test,B
Leaf rust/1 (278).jpg,1cf095b5a82a08c306ae9e5538cb5ebaad32609cd5df9e1c1ab5b8adafef5216,test,B
Leaf rust/2 (970).jpg,1d6393062e89642e90a4842f2f233652560c0661fca143a47cd1d018e67c7213,test,B
Leaf rust/1 (296).jpg,1da20cb9a99642405f215cb7d15008a509c779d1c572135c6ccc3439e0947ce9,test,B
Leaf rust/2 (881).jpg,1db86a721d6fc05d427add130ce48dc253553f7058a776ac2c8063edf4f351de,test,B
Leaf rust/2 (796).jpg,1dd57b3c2570a4838ecd538cfb268e00ea1131f860f7093829e8f389af9f5c37,test,B
Leaf rust/1 (280).jpg,1e2a655ef486efa94a176effe7ece3dfd0b3113c450389199bd4010bfbdbcc96,test,B
Leaf rust/2 (520).jpg,1e35140b9c20456b24dcdda79b80e453a4114f996d1c49b204e86ce72d6ccbc1,test,B
Leaf rust/2 (590).jpg,1e522e8a9a9634753f112639cc0f8e459b79d28d116d1c5cbdcce5cdeefd00d5,test,B
Leaf rust/2 (723).jpg,1e61b2edf248b8ae730f5405cf0e48cdd4b8a06aa4a99dbeda1acf7fc90b68c6,test,B
Leaf rust/2 (936).jpg,1f3b79be6aa4af9869ac03e9e3be05fdf6ba384d681fff00cb5c815f0de08ed1,test,B
Leaf rust/1 (7).jpeg,1f74ecb4ba0ac1835a08cc8cd87c9ac136aa80edb1499aa9507be60684f821a8,test,B
Leaf rust/1 (71).jpg,1f7988ddb54dbb3481ad421238ee07d7cb087d88c71323e63c6357dbd9d7f264,test,B
Leaf rust/1 (438).jpg,1f7ec49b0a430caf357be76a491a39306d593b3dee0ba8469272681f693874e1,test,B
Leaf rust/2 (1010).jpg,1fad4aa8608029ba2038a2e845aedeb1493ce95c54b1d59b7a85cf273bf5fcf5,test,B
Leaf rust/2 (983).jpg,1fb2ed3138cdfe608f27fe00b9449e02028f0bd502f63c44b0951fab98bf2567,test,B
Leaf rust/2 (657).jpg,2001297a32a73be3da7d23ba506a0da289ee50d87b0fff539483a9076b50fbaf,test,B
Leaf rust/2 (919).jpg,200f0a43bae5023f4792ea6bc47ec8c8d7e7199576b3f55fd6cc81d04cb96202,test,B
Leaf rust/1 (386).jpg,204c656bdae538178135ac647f695d3ad430ca1e6942a5168fbc0a642cb4455e,test,B
Leaf rust/2 (960).jpg,207558a3d4cf9648420972773dc4cf45b00a8cb59e0888a27ca9338aad1d85eb,test,B
Leaf rust/1 (13).jpg,20bbce226ae6000685c5225277519d50236e94c2d57aa412827f00ceeefe4933,test,B
Leaf rust/2 (794).jpg,213d9144acd0d396c86a2f907dc9a688fabd4a717fa8571e11123349956eb35a,test,B
Leaf rust/2 (791).jpg,214cc987b130f3188f2660bdf5d0b0f73056b28b527bcf1336fad9af9832c672,test,B
Leaf rust/2 (876).jpg,215a1f6cc052b05c3d782025998e468967d496431b710f889217223a94d2c17d,test,B
Leaf rust/1 (379).jpg,2194ccfcae1b5f028b42e171c327ed44892d6aa696f3cfd20ce965c519f273a7,test,B
Leaf rust/2 (901).jpg,21ba514bcabb4c3a962cee9c3ae38f5c5e9fa4b948bc4ce34181aee9b9a0774f,test,B
Leaf rust/1 (429).jpg,21bd9f02de448de79452808f748f2b698c1f351216152d0d46a9b04b86615c3f,test,B
Leaf rust/2 (763).jpg,222527ac4df95631eeef8cc74e6ee8fe18080de6530e8795f49a4bfca3c68775,test,B
Leaf rust/1 (88).jpg,22420a77e2f45864a0a5142aa889728c0cb8c398d4dc5878a942fbfba334753f,test,B
Leaf rust/2 (717).jpg,2242e90041732a0137323588e1d56a49435b9b6ec9e7727b354fe7c242eb42f2,test,B
Leaf rust/2 (929).jpg,22a394724833e248a7a68faca7aed20b601779f91ce82285e1d3dc7385299245,test,B
Leaf rust/2 (896).jpg,230262b506eec705cee1c480885b371f9ca9a2cfec56c5bffb0702d5ac4725c5,test,B
Leaf rust/2 (674).jpg,230acdfe1a4c77765a46336d10d806bc75b574220c63afbdee7292e35f9d59fe,test,B
Leaf rust/1 (60).jpg,2325e339e2e454b9c1614e2d920e37c7ffc958251041153ba35a8bf90905c101,test,B
Leaf rust/1 (145).jpg,2362f46c4d5b4d0c32e5054cdeea6a6e03298ec78040e56be025c26bc46bcb93,test,B
Leaf rust/1 (244).jpg,23689c54a823eedebc0bb8c38c314b2b68d9bc67a4da6f08a92573a66b98fec2,test,B
Leaf rust/2 (726).jpg,236e77cbcf03b20b39647a9ec7ea072e136d5b74a63b27770fa580bc272ac25e,test,B
Leaf rust/1 (50).jpg,238aca5b102855be094ad66b340b587b0ca6fe16c9edc263e8b18d5a9177216e,test,B
Leaf rust/2 (596).jpg,23a47a036ae8fa31631ac789296e1b92d2ab0dbca75806ce4995cb9c78bf3adc,test,B
Leaf rust/1 (413).jpg,23b67db85ffd69e01c18e27f95728ecfdf3085aec04ddaafac70aa96f35336b6,test,B
Leaf rust/1 (187).jpg,23fbea58ab0bd7760c41c7d70ed356a3aba5db2f2e873c31ec7599ea5c8c6309,test,B
Leaf rust/2 (659).jpg,24044ce8e2e48e58111bbd96d3efabaaa37abd23dbdd0f86d436092bd911b193,test,B
Leaf rust/1 (470).jpg,24299e6f86888f5cbc6d3da0dc5884b5a39cb89864d1ca0edc0a827f96aa5b1a,test,B
Leaf rust/1 (272).jpg,24d489e0b3e0e879bdca521816d0e7a8eda84fd557d5a5226ab78c80e6d5f32b,test,B
Leaf rust/2 (1023).jpg,2513aeca531a4471478e6bedd8fe51b59af375d8419ba0941b1128cc883aaca0,test,B
Leaf rust/2 (785).jpg,263a31dd83fefe2c867d66ec9230e61847d8b7c073334ab6b1a562f9940a2c85,test,B
Leaf rust/1 (328).jpg,265c859957077276cfb5ad653d162c78b7d35431460d4543d143f7bc0c337acb,test,B
Leaf rust/1 (322).jpg,266be75f81372c2f82bb67ae32ee7c098bcae9a02369512cb0c878f88ff5ac02,test,B
Leaf rust/2 (733).jpg,2678bbb3a8b503a0ad95678cce867d30e0875a34e545ad19c1ab26af6c201989,test,B
Leaf rust/2 (1024).jpg,269ed9bc781f18c3217692a00c9312d46a77b416582c3d90404939ddd97453a8,test,B
Leaf rust/1 (303).jpg,26b86e31f480ea7af40a95cc94f70546865259822db56dcca15ee71328080486,test,B
Leaf rust/1 (290).jpg,27021756e8fc9a44e6cca6e61090d6b68f8c07c8861e423d07561216fe39c20e,test,B
Leaf rust/2 (789).jpg,2742227926347906eea0b17e07adc90ca0c956fdf3f43ba6a4051a0236d009d6,test,B
Leaf rust/1 (337).jpg,2750ea112ca185bea0ddc7dcdd47b702092d5b4374f8b37d8ec32bdb3c6a5aed,test,B
Leaf rust/2 (632).jpg,277c521954a2f439fe1cbe18148b54cd5fa8d2b154947d4532960abbc17b1925,test,B
Leaf rust/2 (762).jpg,27b13826e77f313f43d0f16a8381bc4897b8d6c47016c63f7ebdcfde5c13100e,test,B
Leaf rust/2 (714).jpg,284a36f43a93d5fb4484c21b7b457e5c090a8ac699829da0f97cb775cfabc015,test,B
Leaf rust/1 (4).jpeg,28917c3f23b1e612fdbe0c08e65913b3a2f78ea909dc62f35e6968ee27da6cbb,test,B
Leaf rust/2 (984).jpg,28b8b78022ff4f79e0b87109e24b241b1129c33075cd70e2fe2693535460342c,test,B
Leaf rust/1 (299).jpg,28c582533384654eb703d37f72f2f99ef87b0b98ff97d625d772d424a6848773,test,B
Leaf rust/2 (1004).jpg,28cc8ff0662f318cffa13548e2924afb7a366f568a9d33ff6477db861fe22ac2,test,B
Leaf rust/1 (166).jpg,2999ebd8d96d6371a69ce1005fea177222a5c870845c9fd6e53d185f70130489,test,B
Leaf rust/1 (184).jpg,29aff254792185fd341b07a0ad33a6021457ff5471f71f7ebb702f601bb939ab,test,B
Leaf rust/1 (439).jpg,29b0db5db91d38324754089a9cbb0d8a23819f010c77dca6fafbcc802985539c,test,B
Leaf rust/2 (773).jpg,2a2c1c55ef60e14b2d65454036136a4514bb3f3072066edbda7de0527f4a8f83,test,B
Leaf rust/1 (266).jpg,2a2e949b788f144ff3d59da2d8691eb8a9e5dac98715efb5eb74179dbec8e09c,test,B
Leaf rust/1 (77).jpg,2a4ba483c315df7d9949c7cf3604b4f57d2574cce80adbbdea3a3b7d8ef20f10,test,B
Leaf rust/2 (749).jpg,2ac3891b3cf7b2d810baa301916197d20df3ddf68abe9561d94e81035edb3c1e,test,B
Leaf rust/1 (458).jpg,2b254da22327380c11d0a0b82c67d880ac83eef493d5e22b407394522b37b82b,test,B
Leaf rust/1 (46).jpg,2b660428ee8ca63828e1d8950619ffdd345addeedc91728a170c207b30c35bbc,test,B
Leaf rust/1 (3).jpg,2b83ba305b833a3737d500ff6c66725486ea8de59d2238f189abda649b835055,test,B
Leaf rust/2 (680).jpg,2bb41f0a585ffe6a9b3bb3d7d8c7b7d4eb8c0dc5a076e79d1fc061941fa58e8f,test,B
Leaf rust/2 (545).jpg,2bfd5fb95483b6218765f070ef225e2cf140c2f1b6ccfee845d22aead004bd41,test,B
Leaf rust/1 (268).jpg,2c13396fe11bfdabaa908bade8c5f32dddba2641b61e5899bbe48dc30dc49b33,test,B
Leaf rust/1 (317).jpg,2c42e54f9694d666c35612918e4aa2943b5eafda3e7217ba442988d739325884,test,B
Leaf rust/2 (660).jpg,2c7a40c48b89c60b172efa4127ae433d786c4295358e1a05aac8f8b8c76e55e0,test,B
Leaf rust/2 (862).jpg,2d474ed52bba4c604dce3333ad08fd40d32bc531686c6431e94c0d93f564e954,test,B
Leaf rust/1 (185).jpg,2d4c4dfdb5d5baf74599d0aa31d011bff4ca599d9f0de84b9aca5aa5f8e6b719,test,B
Leaf rust/2 (580).jpg,2d618a56d64e0e530aebbc820ffecbcf148d41aa8b0b8b8e5fec1b720c0c2bfa,test,B
Leaf rust/1 (267).jpg,2d96ba11eca1210ae3eeec52980c8ecd8a6f879ef92323e03d2e2e517f821edf,test,B
Leaf rust/2 (670).jpg,2dff10dfb5c23c7562690743f65368ab419f43ff99db4c265a8bbe31fd94e41a,test,B
Leaf rust/1 (45).jpg,2e30742ab64ffcaebc8d0cbb8fc812bc9590d1d2e591b0607d1c4b05cbff8f39,test,B
Leaf rust/2 (546).jpg,2e6980160068b6fc21f3393a750e65cfaae2cfc8cfac6690480166a9155c83ee,test,B
Leaf rust/1 (198).jpg,2e6c376d86e0f68277eadabdd76bf71bd816430024043bf994c88e703e6b0158,test,B
Leaf rust/1 (22).jpg,2e74c99192bbdc5fe99e37630de301c9badb0e674d66d3c01bc1e7ce7724f8c8,test,B
Leaf rust/1 (474).jpg,2e7b2a8b4e420e015e1204459bf5518c47511c40b3484dfb38f474607b486222,test,B
Leaf rust/1 (142).jpg,2eb74316f2d54da8ca87d662580d6dd178d9c2ffa2f50c20bfd075894c3cc38b,test,B
Leaf rust/1 (18).jpg,2ebab97ca3fcd72480dbfb9a5582c6609d0dad7c243dbc4f6cc3e8f19a203b8e,test,B
Leaf rust/1 (339).jpg,2ed9525d711b9a14c26b1f3a6971ff898697912b058a0e0e62d092394bf315f1,test,B
Leaf rust/2 (972).jpg,2f5032d01af87f66c7dce423d72964ccb313ab1016b6d7f7aca9be79b833a109,test,B
Leaf rust/2 (549).jpg,2fade60c3d90ec9bcf0155caf9152c62e1830a16e0315784381dfa35ab88de0b,test,B
Leaf rust/2 (766).jpg,2faedd538bb2fdcbe43863ea7547c14d971bc4d961a9e52a380a7f4db54b9ed1,test,B
Leaf rust/2 (947).jpg,2faf4d7860fe15ce4490f556fa9cd6ad98ac3d668eb3564b3fa3daea0468577d,test,B
Leaf rust/2 (1022).jpg,300c187c004e18aea41703d4c25a8b1507717d7e7f18931911f0b17028d8491b,test,B
Leaf rust/1 (410).jpg,309c936f66045d8d22e629eaa5525d97f9cc5025e051474e2570720a83bd3b9f,test,B
Leaf rust/1 (137).jpg,30a27553bcff0e73b091e54b0dfb2bbb769e46c8c28a495be5ee9568094b2532,test,B
Leaf rust/2 (671).jpg,30a6189baf19c1b22e7a0821d41bef2d5aaeb2b874c730c9249f2a24d943fed7,test,B
Leaf rust/2 (575).jpg,30b63afb7dc5fc013d78bd18a7a1e416b84e33c4200f7e754bbc7097011231df,test,B
Leaf rust/1 (270).jpg,30f2545fbecb623ed0c61b506d79bc15d6ce76e0c9563f426934db6f6286a10f,test,B
Leaf rust/2 (768).jpg,313cf9741bc3b88d7dc0319e9ed94023d367eb5aafac307198243ac318b638e8,test,B
Leaf rust/1 (250).jpg,31b74f7c81020e5abfea13f5792eae2c64b494040666222e9fb4923fce770c88,test,B
Leaf rust/1 (81).jpg,320878d0f85e7106d12d184dd24ad03a5c35da1cd9edb3c65963ddc41b093b25,test,B
Leaf rust/1 (279).jpg,3215c328e360d387fdf2d73b4fd5ccfd468e4ff1daf00a6fde3acb49bc480018,test,B
Leaf rust/1 (226).jpg,32240e241df408ade45a020d51702745648ced65a0ab7e702c095cc219acfae5,test,B
Leaf rust/1 (28).jpg,3247769739685bd10ab9b73718e64065b12d1710d7071e7083d71574bf77ad60,test,B
Leaf rust/2 (585).jpg,325316808126fa01f0a1f1530c1e6439015406ff7040083002676d8098f98b29,test,B
Leaf rust/1 (173).jpg,3267374a108b437a031e4c48ec86947780959adf76a247417cde4b0a4cbe3f96,test,B
Leaf rust/1 (329).jpg,326bae4c8661009d36b63b5cd3fd2e8ab26f490a2e872110eb7e43406f56b5b5,test,B
Leaf rust/2 (539).jpg,326bf6838aa3710251e248f8c99eb205b001664e9f10abdf9af90def061ecee9,test,B
Leaf rust/1 (93).jpg,32752d90e64bf537103c29ca7cffc97d5f1337095c4909825e3ed7ca75729d4f,test,B
Leaf rust/1 (229).jpg,328565b6526b23f967ce1800fa27bbaf47b5493ecc2f785a62869cee1b888ca2,test,B
Leaf rust/1 (119).jpg,329430966965cc07ae81e6394f182013fc7c7c9b3027430ff9fa456388895105,test,B
Leaf rust/2 (918).jpg,32bc8c73d644c5168c93cb32953ebcb978cb0c66b9bd0585fc774e4ee011d2cf,test,B
Leaf rust/2 (752).jpg,32e52216d35f6a0c072b6e4133deebfd180dc36d68c85a422895f9d402080399,test,B
Leaf rust/2 (857).jpg,32f2cfb3016bdc6270a75e754930b890da8e676e3441c612e64c84867842fa8c,test,B
Leaf rust/1 (95).jpg,33cb66c0849fc87cb35436664193980fc6ffae0627af99961266c3cc555f2441,test,B
Leaf rust/1 (430).jpg,34548a2212e967899ad83fcfc224c802b66521717f1584a11fa7c643be0c19a7,test,B
Leaf rust/2 (777).jpg,34c38252256baacb87731fe1059040377efbebcd0597cc24a6310d820fa027a6,test,B
Leaf rust/2 (696).jpg,34ecf54adfc6bdd1352261fb7ed83105ca0058663254b6f1ae7226c976bbc453,test,B
Leaf rust/2 (744).jpg,3511d297bab3df69d5be9e331cf0c49fecc11f065f76af0347600236f1d769ce,test,B
Leaf rust/1 (108).jpg,35345d0cd42953d26933b61cb019aa72de7ef3c2a0ea7cd3a9b0f574da4ada6d,test,B
Leaf rust/2 (682).jpg,35a1c1d0d9bd27762111289ca376a35c9cf6026b6382eaa9f81edc03484f1592,test,B
Leaf rust/2 (769).jpg,35bdd0644bb7d1b1b207f7ebe686d554dac77528dd8451ae915eb7029bc7bb60,test,B
Leaf rust/1 (388).jpg,36d2aad2b30c5a41f19a26a6c4877ad625df24836871cbc5d266ae820d97229c,test,B
Leaf rust/2 (573).jpg,370b08d1571c06f422f06921dcdbd4e8d2d47e6ec781a67e76519d0feb1a5a32,test,B
Leaf rust/1 (511).jpg,3767bebdf8cda30e1c65122824cb11f5d5ea7f1b0300422854f1c788b883b8fb,test,B
Leaf rust/2 (846).jpg,37d85105282ad59c46e2cfb9a4d017e5dbad1c2d290b8bb0e42a3385b3e1a256,test,B
Leaf rust/2 (778).jpg,38011d857115cf277f0b7c2c7b85596a4abbf61a1cb8272227955561af71b69e,test,B
Leaf rust/2 (767).jpg,386467a6754b4f0077e3172c4d41c757b4aec02a241379b05cf7f84b93ad8238,test,B
Leaf rust/1 (220).jpg,38c8728f2213b2f052a4ed3d4c1d85a5a805d9d128bf4e0e4fb33c15a14c3b56,test,B
Leaf rust/1 (500).jpg,38d747ee5b45359d8809f04aacded096df11d4867bcd193742537da6a3464849,test,B
Leaf rust/1 (305).jpg,3916280606e72a576fa1ee14944379172bdbf014c6b037f39e6e92a593cf27d9,test,B
Leaf rust/2 (668).jpg,393b13b0c2a29d9d7032c0a7f7ecc0a39fb627ed71d652d341b9b778834473fb,test,B
Leaf rust/2 (902).jpg,39d25f2408263a3bed6bd66915d00428a72e46e4e7b76ab10866b0fd62cd1397,test,B
Leaf rust/1 (316).jpg,39f6cc8795aa4f8937e59f8ae248463f89677c6d5ebba34e8cf6df1fa8e05b7b,test,B
Leaf rust/1 (361).jpg,39ffa2b0546965e597e066ae0834edc956597257e15381c6994b044be8b89dd6,test,B
Leaf rust/1 (449).jpg,3afd27debf02f7b965ccfe5d7954ae24cc768e6fa0a0814b7705fe8153937ccf,test,B
Leaf rust/1 (442).jpg,3b081c651723773b2aadc931085a397d17ad8b8ba0eb470a1a5e16cf0bd83b2e,test,B
Leaf rust/2 (909).jpg,3b65d2248819ab7c34ebee18140c844d77086da95de273e54a48d0044a109e86,test,B
Leaf rust/1 (461).jpg,3b77fdc0040f220c98885b840b6d1e45df06abf93cf19f22f5df84c02f5f8203,test,B
Leaf rust/2 (547).jpg,3b881603ee21a2ed871d39da10ca6c2b4402e3b5824dbabd79c9fb4fa0596267,test,B
Leaf rust/2 (637).jpg,3bff3c98d2cfd5cef65f611ed5a7fcf3af0757cfb880193542dd96d319179f1f,test,B
Leaf rust/1 (247).jpg,3c32504638595871a1dc28d581c4c072c101d1886217b0560c0f64b656475d2f,test,B
Leaf rust/1 (179).jpg,3c5a4cb131dd92ccee27a796461e9d127b21a34e24103998198c50fa304c03ab,test,B
Leaf rust/2 (1005).jpg,3c68311db24be33a078e157bbe274ddaeec6a0e15284eadf68d7e63c6d040405,test,B
Leaf rust/2 (517).jpg,3c6bb521b74643d896be8682df015523c80bbb8ee5632becca0a68171bb1c3c5,test,B
Leaf rust/2 (1019).jpg,3cc095a1c4a362b4dfccbf21bbdcb229ff46abdbbb131347cfa0d0b5efb70dca,test,B
Leaf rust/1 (228).jpg,3cdbf39cca2793a0c7317b233f6fc9b9ae937bbe22d53a64d5d59621d3b8e98d,test,B
Leaf rust/2 (788).jpg,3d374599f030c6c557646f4450b9c2f1e3ae64993ec5ec27d81b2e5979f50004,test,B
Leaf rust/2 (957).jpg,3d4e1ead0297e1581b178c7cb472743e95a7c5a50d81f33fdc5f939ecea36032,test,B
Leaf rust/1 (203).jpg,3d65e7d9541fd924e8e196cef99c07c22cedfa101ad08677e887a2c719e75d53,test,B
Leaf rust/1 (235).jpg,3d9e7d33bf0ba29842cfffedfc9b2110cd26d37429e330157430b88903cc7edf,test,B
Leaf rust/1 (12).jpg,3e0fded1d9e4b11152caee9142398292dc3e34491913356b58424a8c9570d95d,test,B
Leaf rust/2 (870).jpg,3e69df6a15a8c6bed6a1bdefe33ff5fb02e7347bbdac82de8ac6fbcfe8c643b0,test,B
Leaf rust/1 (359).jpg,3e8c20c43bac47d01fb4dd88282622a1e073f136ff6ed5ae7c088691561b78df,test,B
Leaf rust/1 (512).jpg,3e96b18d7af5e601e0d831ea61ed412523f48f1333a7dc4094d372aefa295aec,test,B
Leaf rust/1 (171).jpg,3ed93ea0e1418b903c1c8c835564a57273f825730f07d7f153a965ae0e027ef8,test,B
Leaf rust/2 (964).jpg,3ef522b013c47739f9fc0c75a410f284ed461d9180875356b741dbf4ae09ad65,test,B
Leaf rust/2 (728).jpg,3f4165704795e8928456ca317142e1927cdbae89a0bab5e33ec6f7e0b147034b,test,B
Leaf rust/2 (559).jpg,3f4a6f1d5a10b77669ef187b8c66420c2a46e9558a135d40e385f2f84db97985,test,B
Leaf rust/2 (765).jpg,3f4d8fb1970e828210d536e2e8549ccb2a3431b43798af70dc15d3430b7ff8c8,test,B
Leaf rust/2 (705).jpg,3f9a7e5f90317c820f7da41dd905d93302a1deaa69ec439462286adf1219c3b8,test,B
Leaf rust/1 (435).jpg,3fa0f46af1b5a2c063f3f6a59b0cbadf2b96279c55944cdfb9d2e69cd8ab391d,test,B
Leaf rust/2 (556).jpg,40379c79e768f1be93105c76c1be3d99883c2cf8b966c4421ad7f894f8a97f8d,test,B
Leaf rust/1 (275).jpg,404fb06ba9f24acebdd90292e5c9064f1e20ec66f029c66cc699299a49c9b60e,test,B
Leaf rust/2 (697).jpg,40547d582b5bfaa9d5e0da01bad4bcbfa67a66ff8f03384f8c41c8a49d15eea7,test,B
Leaf rust/2 (599).jpg,40ac613f6c27bc670c876e07b9b14e09117ca7d19eef733ac0127f3326ece453,test,B
Leaf rust/1 (382).jpg,41066e6171da8e7dae4163312830aae2aada5e1e62b3dc10c6a2e8bd80bad9a8,test,B
Leaf rust/1 (262).jpg,411e6ac4077d85da03a60b3e4d867d386f43032df6099b86f6d943edc02b31fb,test,B
Leaf rust/1 (127).jpg,4125ad11c939d4d58ad24323f340183d05ab0ef1cbdf00637a4b8fe1989bb540,test,B
Leaf rust/1 (501).jpg,42015b04eb374f8e7f42c2003b8582bdca2cf24a7334127e92d9ff524fa36eaf,test,B
Leaf rust/1 (83).jpg,42276546ea08d8cfed2f647aaea0ff51639d568a66a0c5449fc13433fe539417,test,B
Leaf rust/1 (287).jpg,4269624b0d27ec219f4cb63a793abf89a141b3863c4d69e149002aed39054f5a,test,B
Leaf rust/2 (645).jpg,42a37a735e50ee51f46fa427c287fe6533be424353f698976105da8cdbb31ba8,test,B
Leaf rust/2 (992).jpg,42b2319d938bc98ef83bdd858cb6940acb928d58c2af94f8fb9a988fa8b77f21,test,B
Leaf rust/1 (70).jpg,42e4d3e11ec9e7e2eedfb7b843f79f9e742468d498b2cb5ab59335bb3cc6c62e,test,B
Leaf rust/1 (425).jpg,42ed00a5c927a5a6ba84ae9ede342e2c2c3e4906dcf57f7053e53652822dc3d1,test,B
Leaf rust/1 (398).jpg,42ee210a65882dc48d974c724e45109e4ea438aab7eb16e69231a09095f333c9,test,B
Leaf rust/2 (707).jpg,43d98d820f4d257f57f7d014b27ad9570aa177906992807ba4ac54cd22315b7c,test,B
Leaf rust/2 (641).jpg,44231c12733a1d2614bed52f4d0eb885d617df7dcc3cc83779c8641c68f161a2,test,B
Leaf rust/1 (162).jpg,44459232d9c6a8fb76d21d5ec06047b1f119926e2b6e23a67bc816c16800d3c3,test,B
Leaf rust/1 (473).jpg,4459a4ee09d2bbceb5f14dd82121d637f74157da09b76098ad42098136ea13a2,test,B
Leaf rust/2 (812).jpg,446aeb8c076fc03d147fddf679aa8938936b8fed9d0d6167e23a05c131647138,test,B
Leaf rust/2 (526).jpg,4525171e389e49eac8ea8de528e07afec8c24f559093f9c1a4aac9ea4be43693,test,B
Leaf rust/2 (892).jpg,45aa2dbc859896595740b905e12c8c6894c5dfbfda09eae98e503c8d7ccbf564,test,B
Leaf rust/1 (426).jpg,45c0e68cbc3ccd8e203dac290e390fc0db8a3f9c59145f8243377f7af5a841f5,test,B
Leaf rust/1 (285).jpg,45ea702756abd31710f1e34c00a8d019b7b5bfeb14a92632ba541bea2d674727,test,B
Leaf rust/2 (665).jpg,461b923b3ad0973819898cb444794d5437970f9f00c80fe51077485ec8f18f3e,test,B
Leaf rust/1 (47).jpg,4626080c6c47cae557bcfdc67477c9d0ea233726fa9a5fb2940ececbbbdc778b,test,B
Leaf rust/2 (942).jpg,4666970368b866cf61f127a586af39edcfd0bcd105c2dd138e7c324b78653743,test,B
Leaf rust/1 (405).jpg,46adaf2bc517427eeb5cd7fd3c7da1dd7db51b875b055fa726d566a38d583eb7,test,B
Leaf rust/1 (210).jpg,470adddc689a5168435d0e95dad89ca8a4ea8e06689b3816e752ceb37f371b44,test,B
Leaf rust/1 (479).jpg,47567d4889be0b30effe665e46d2524e1077762d964d2fb5b6b29c19fccdd233,test,B
Leaf rust/1 (230).jpg,47e7bacd6fc74299504ac9f15c5146a91459594335b3b05de52b812a0a2a2057,test,B
Leaf rust/2 (764).jpg,48693130186c7d3d8b53b033a3dd4db5a5131aacd212565cdb27f66d855d087c,test,B
Leaf rust/1 (190).jpg,487d32d4271521bf50a8ebda6de8a6b79f66bd6d4c3b70ad86ad7b9c6cbe2e34,test,B
Leaf rust/2 (802).jpg,489e111d45e5dec1742b27e5224563d90c7ead980a25a21b8c353bf8ee2d1f42,test,B
Leaf rust/2 (603).jpg,48aff368a7236c12c449f9ad11b424fe6a0d2049baf8944e796c979bc457377f,test,B
Leaf rust/2 (684).jpg,48b9f3a8a29998977122540d40499c5f81d83224d7ee78f40ae33ea27940bafa,test,B
Leaf rust/2 (643).jpg,48ba9719b4d42a86cb0c90c87a65d1a0445ba839ba73ceee5b1706b189ca1047,test,B
Leaf rust/2 (591).jpg,4983ad46d27896a7946c8ba8c9a0c90605a593c441e4d871567a88109cfc7fe4,test,B
Leaf rust/1 (255).jpg,49dbe9703f1ee21c195c2b011929fd8c56d1450313834936287d44978660574f,test,B
Leaf rust/2 (978).jpg,49ec4032476026fb68362703040fe445945b7a3993589e11a7596888c1d7986d,test,B
Leaf rust/2 (658).jpg,4a05c978634876363bbf58ad2b91df452fbaf96cb61a3fb1567c888b0ecd4b83,test,B
Leaf rust/2 (840).jpg,4a2e482e897c5c77b8263a0f8ecc793fe9ff346999bd3c441d4799f02b0c42dd,test,B
Leaf rust/1 (282).jpg,4b1b82809cbde7005ddae12f49843806e1c002a1b7f540726802503775d64e4b,test,B
Leaf rust/1 (324).jpg,4b438146d17eb761a8e6746e2563c493024042825308c5c757842e4c6eaeafa2,test,B
Leaf rust/1 (353).jpg,4b4b82466858f267c3aeea5f59f7063f36bd4eaae335fdd72be865842d851e80,test,B
Leaf rust/1 (485).jpg,4b82036db6f12e49d42e731dd9b54725e601d8f0bf91e2842c1d493b75c278d0,test,B
Leaf rust/2 (745).jpg,4b97bd4bc3b6bb32a46fab29ef0f053a791f4d79b930a6ad4e780ef69ba1fbf0,test,B
Leaf rust/2 (557).jpg,4bb0d6aa9938d6e4de2e3034c4af51f1a9ae1b7a4c8b48d3f34fbfbcd0722a57,test,B
Leaf rust/2 (989).jpg,4bee6aa3f1a303670b193e543e80856e48352df579a64543741ba62d88c89565,test,B
Leaf rust/1 (78).jpg,4c0d2fd4f7d93b87087b809c3a606d8eafb9ff7968d180451fc0c5564ef34535,test,B
Leaf rust/1 (120).jpg,4c74c24d13dd0f8779764a93a0a154256e00e7713dbd127c01cda77ee243fd6b,test,B
Leaf rust/1 (91).jpg,4ca70f9c35612199ef93310654fe13840d8a4ec110cb8344e3fe73beacc919f6,test,B
Leaf rust/2 (922).jpg,4d01b86ebf48fc426242ec777d0a2ffd639f5bfa521d81aa45f3f6efc8a9979e,test,B
Leaf rust/2 (541).jpg,4d598e1dd52100812ded6ab538d1e627906425679fd60180a76c7a61efaca273,test,B
Leaf rust/2 (635).jpg,4d85200f30050596b727bd4588fc2152e9f0accd109df1adc3847df44e192739,test,B
Leaf rust/1 (243).jpg,4da5bd7618b84aeefd171a495ed9c6acc4d8c86b1ff288af7a017a667f235b7f,test,B
Leaf rust/2 (686).jpg,4dbeed04267e8b01943b97b133360c55b41cf8ad1d6fac19190affb445e1eed6,test,B
Leaf rust/2 (830).jpg,4dc6a3d05f60d0b0541a864a4a8cc77f8ab7524a2bff04ef9657e454ae61acc6,test,B
Leaf rust/2 (890).jpg,4dc915f60a97cf59cfff9f3e4e55843210e063d54640b726c6f64ffb57842174,test,B
Leaf rust/1 (505).jpg,4ed5bfaed9082ecf9f9ba07aef91116eb64bacde9d770378f38eb8205841e180,test,B
Leaf rust/2 (694).jpg,4eeff2b432e57a420aa209e66fe28141ab4e75a1a4cd65cda0bf189ba44c0369,test,B
Leaf rust/2 (513).jpg,4f3daaa1410075e9323282a430610da5887168aa88d9eb4088d3e7aefe41b190,test,B
Leaf rust/1 (53).jpg,4f65b703b97afb12325de51866bfc4f0749b591c496a9ec1e2d9d3430c451f17,test,B
Leaf rust/2 (968).jpg,4f6a46898ecb25a780fcf7687c7b6403824ad277aaa38835723322232aad94fe,test,B
Leaf rust/2 (906).jpg,4f7869b5914871451e8618804e533e75ab31b2d1592a430a257f641e11ba73bb,test,B
Leaf rust/2 (747).jpg,501e7c4fc3fd42e5741ed33ed6e05fcc4a239ed98cda4104d03459c8f0d8275a,test,B
Leaf rust/2 (648).jpg,505c648612253e6ba792f346b6f8dad76d62707308e02ae0d7700063f799f298,test,B
Leaf rust/2 (579).jpg,505c7d8c2401c024c86b72835aafbd3e2dc62780471419497f5ef0c98c56f9db,test,B
Leaf rust/2 (636).jpg,5064e67aefd9f50690a1f98d06fc38741e28d8f98e887309eec54d14cf16113b,test,B
Leaf rust/2 (647).jpg,51179884061d6f7620ae5ca911dda5658f10ce97c11a1f8fd835699b86a4ced1,test,B
Leaf rust/1 (225).jpg,51c479c5b31dc6524b786d4f2847053fa3713bcd9d984f13de85c4c069c073f1,test,B
Leaf rust/2 (806).jpg,51d5cfaea313b2d63e6bfe3c4c97ef9a4f05f88c9a31d04175198c6b7fd0d98f,test,B
Leaf rust/2 (1012).jpg,51f2979b571ed0d1aff76895137582e3eb1b30b352f0a6fa6df7abb5b0891acc,test,B
Leaf rust/1 (460).jpg,520aa4eed44fe0807fe9ca563c5b241e76f404465307e43165cbc813ee345ec9,test,B
Leaf rust/1 (38).jpg,520eead06d3bdadb177a4ab0a00a3784a8bbc6c238cd4e0e5ff242cb1ad5e8dc,test,B
Leaf rust/1 (5).jpg,522255e51cf333fed02f876cbe64463bf02418e81a66b6ec75fb12efddf34231,test,B
Leaf rust/1 (249).jpg,526deae71b15572cc3aeed2253b4be0e0ce5cb7c805ebe3cfb15863d881a7005,test,B
Leaf rust/2 (924).jpg,52a818df71af3b8a11c5d1b397f3083b64a2a1492dcbd843e5fa647cde3dd8ef,test,B
Leaf rust/2 (977).jpg,52be7a394880d6fcfd31a8bfad9b5a223222791105f70f206a8bd727d018c6e6,test,B
Leaf rust/2 (997).jpg,52ced35bf5b03c3e890c12eb2345e0fdd962fb803ef9d65facba83396194a2d9,test,B
Leaf rust/1 (215).jpg,52e04d3f6b212061dce2fc74df1b745ad72a7027026488a7aee848c7c1a741cb,test,B
Leaf rust/2 (900).jpg,5301e90678e7d84cce674f78c143debd2ce73540c371346ef92cef3c8b4e66f9,test,B
Leaf rust/2 (537).jpg,535c0aed58e5591aceb62d7e29ecaa40bfbbd00ceafd5e964f475b0e38142d20,test,B
Leaf rust/1 (466).jpg,535dc25552d06d51f7f732345e2cc68e364232df8543efe6acf9015f1c501d0e,test,B
Leaf rust/1 (487).jpg,535fc947669d354ae8e3b50bf189619a53cafd1d72fec374e28ebf75a935e614,test,B
Leaf rust/2 (958).jpg,5377d53fdb4344e436a2c471456e462fdabfc6a3384ff1a45a7267456e3fa4c9,test,B
Leaf rust/2 (888).jpg,53b96a370365e726fe5166838ce675962837a20a63db115aa80e7ca1f3cff2d5,test,B
Leaf rust/1 (134).jpg,54018614c956f6fc1a7f7ba8c37c49f3dc85a28bb567b1123dcce568507e238a,test,B
Leaf rust/1 (504).jpg,548649d93947ff3faff1b6c2b514d86795407cc932fdc05db1753a2f8d13cba3,test,B
Leaf rust/2 (792).jpg,54e22e899ca685d7f116d4c89db5f1c70f81e4852f13569b512ec616d6d2dc13,test,B
Leaf rust/2 (963).jpg,552f7be4b7fcb0ad6710a1fd9d4024d0a31da21c68b757c675ac997f6968b2e7,test,B
Leaf rust/1 (412).jpg,5576df1b70f48dfc00fddd8b3f42ec18ed52c85a8ff08e79dc85271e3b22e918,test,B
Leaf rust/1 (416).jpg,5577d9a2a9899b5c3912ae7446e456a26fde95ce96785da6053a87f089d1989a,test,B
Leaf rust/2 (528).jpg,557cbbb52afba4e294e0d51a695782cbc043586cc958775bf5d361e5fd22dbe6,test,B
Leaf rust/2 (872).jpg,557dafbad7b2adf267919e92a18e14660de0b391ca4d7c0e9dbcfd5c29ca3f54,test,B
Leaf rust/1 (118).jpg,55a8a2981b4955ecd94370c93fdba47c0ef9a55cd03fb067b1b6378c02a491df,test,B
Leaf rust/2 (860).jpg,55d4c26baa8a34e8ab2cd26b0738f2ed52b6b3140d4038c23ff6ffedde5aaa87,test,B
Leaf rust/1 (39).jpg,55d4d14607d411f3387c97be270a037bd1fecc827665ff7f22ad61ae5d778172,test,B
Leaf rust/1 (188).jpg,5639cb88cd6c6cd8b75fb2c44e87653ff57af1bdc56e598fd2cd90f2ec687644,test,B
Leaf rust/2 (853).jpg,56419670b391d307b3d6dff91fac5de253b57ca180d5035467a3079a01feb4b8,test,B
Leaf rust/2 (813).jpg,5672c71ffa2b2d474ec8bdbfd33d57e65f0c0c2f0c986427a046485974949aa7,test,B
Leaf rust/2 (548).jpg,569f3fa1f16fc18cfa1f3a24f0af7c3be41666ffa01e3e553f3900fbe52498c5,test,B
Leaf rust/2 (750).jpg,56c80ecfd951cc7308d92fbc8e6e5b5ae31d17d052e57fb49ac0459685e0e9cc,test,B
Leaf rust/1 (105).jpg,56d69b219e5fead9cf84de75ab7eefddc98ee1d6e227e5616f3c5b2374bb8bbe,test,B
Leaf rust/2 (841).jpg,56eafd4b83f63ea70f02ec4ced77fbded1ff0e5555bea84c78ebe84e41235525,test,B
Leaf rust/2 (688).jpg,56fa45bf228042ed8c5054c8f823e9f3783e7b85c05266ce6eecdbc855d7ec74,test,B
Leaf rust/2 (17).jpeg,5715bad9d3c6b69eed5c1c33e0d1a77f4467eeafeac121d6da8d2075d4f2d1e6,test,B
Leaf rust/1 (393).jpg,576312243048e035fb3a9ee77ae804cc3b93e0272392a1082d434a730208ce04,test,B
Leaf rust/2 (869).jpg,578db8525c8d835acab9313a53d10e224f9ca5ce5f2680b496349d603dd66a6d,test,B
Leaf rust/1 (261).jpg,57b4daefaf7630cd2dd3d5e8a1695756f12f95f83124136867d399eb22734723,test,B
Leaf rust/2 (966).jpg,57f73e38f1df2ccd82484d5bc0316eb1a8f52e6af5067a870974893de85f0ffd,test,B
Leaf rust/1 (292).jpg,5811efa30586ecb6eeeadb1c8f1320436bc74af3d837e0e5df800758e13857de,test,B
Leaf rust/2 (990).jpg,5816b4cf7e0cd5adf7d93687a5a86ae5fc9723a0020a8036ea9c70080126bffc,test,B
Leaf rust/2 (822).jpg,581a972b251dd8c45f5b372ab02351951a1295fc1c7a13189b06b36109aae090,test,B
Leaf rust/2 (606).jpg,5977939243f70b948c62dfb0fdb190831a57380799b1e5917fd06f31287ae18a,test,B
Leaf rust/2 (565).jpg,59eb382806caf82559fcca77d1280b30a8d2e840560529a3f0a630e1c3510826,test,B
Leaf rust/1 (362).jpg,5a4f738ee7fe8f863e06612562f0c100a14d273866e570091ec1ca4e1b4ec5dd,test,B
Leaf rust/2 (850).jpg,5a6405e05e669e601138116fe7d612a0eb5f1f992f046a807de731dcd92d6a4d,test,B
Leaf rust/2 (911).jpg,5ae7c393dca735a0fd445611c7c3ce901fa9f869ef440ee696654e478b2ab0e1,test,B
Leaf rust/1 (141).jpg,5b14f125907058e7ba2ff28a70d3b75745f1221880386f59fafb18d7e323156b,test,B
Leaf rust/1 (454).jpg,5bef396d93e60a3a8b5bae7bfdcc6761cbb464d026dbe7c55c08507a97b48057,test,B
Leaf rust/1 (459).jpg,5c21db649c2b514b0781340a97e9ba8869cebf73752aefcc8594e05975859bbb,test,B
Leaf rust/2 (836).jpg,5c419af1a1f50c93dbae0aff74188921f38c664d8f5b0d0c53ae6689976ac901,test,B
Leaf rust/2 (904).jpg,5c649a04fa16f019e677ef7c2bec62f1898fc708ac74d3726fd9d089a2559bb3,test,B
Leaf rust/1 (465).jpg,5c713431677e6e81dfa8d28b0b4d1e00a9a23aa584ba648b7acf1d083cdbba0d,test,B
Leaf rust/1 (76).jpg,5cbe823f1672da7f66fdba600d93e2e7b0409a321477944328e435e2acc18294,test,B
Leaf rust/2 (871).jpg,5d0c9ee9e6ac8751b1d7e4e7d9bc161ddd3abda1b514f260fc6dfa5bd1f1c793,test,B
Leaf rust/1 (283).jpg,5d2033fa111aabbed7bc927fb44480efd7aa97ff4c83c0cc40dd28125927db68,test,B
Leaf rust/1 (160).jpg,5d755d692c3ac552252e22e668184738b35412fa0f798bfeb26600ee0bf88c78,test,B
Leaf rust/1 (8).jpg,5de3697dc344ce06c246cc6aa108129c894e8e79cafd5821969826990a979715,test,B
Leaf rust/2 (854).jpg,5e218cd8e5bc8b71592aaacc71e511baa75a198b20e0e8602c65a97f23794142,test,B
Leaf rust/2 (845).jpg,5e34dcc61e4de5fcca9aebd629d1d7e9b29ffd347a9506a7839e185cf19052fc,test,B
Leaf rust/2 (550).jpg,5e79ecb7157bbadffc78edf90258629f6b8df2fc5e96b51b28ece8b62e1a53c9,test,B
Leaf rust/2 (604).jpg,5e848806f5496be3182390c8bdade7b12e816a84ba24be247e7653aa10db16f0,test,B
Leaf rust/2 (620).jpg,5ea659d861699377d67ed69e929ffd1ead5d8c259ff8956bce99091d0c16e3a5,test,B
Leaf rust/2 (945).jpg,5eb1b7619b988677cf3551212d0b3980e1bc1079dd1c66da3b6f1e8fc5261dab,test,B
Leaf rust/2 (538).jpg,5ebbcca59bad7e04f34a7d8896624ca2f90370563681ea36b0d112ac5abed287,test,B
Leaf rust/1 (35).jpg,5ec0089076f7a7fa1461bca50db14b0218cd4ce7abc7c3a22196b68925cb1b2d,test,B
Leaf rust/2 (988).jpg,5f02c72954e62bbd44ee0c3a0646ce73ce24505959aeb7c49d3ace8a0bedef06,test,B
Leaf rust/2 (1017).jpg,5f1fc46a9cd60f5379907be4423b4fb2ff75659fbc54ac72939fb42d2d692efe,test,B
Leaf rust/1 (257).jpg,5f36b3f55b28125069db9ca66eb8ad285533b2a2725a2b6611f80d8670f39363,test,B
Leaf rust/2 (882).jpg,5f6b0ee63ce7be899f311eae70874bf5b42e4fb38ee974392f868a287145c014,test,B
Leaf rust/2 (654).jpg,5f6e188b795cfd91b9e2298effb830805357d56677b7f9ecf85796dd96fdca25,test,B
Leaf rust/2 (577).jpg,5f8028501c8b887440adcdcfb36391dc864a099d62e5d00ce4c1b9a2af7df625,test,B
Leaf rust/1 (194).jpg,5faf148ff12b1be53d53df5c6d33b2b27c14032c7ba9f281020ff81e429e4274,test,B
Leaf rust/2 (706).jpg,5fb4b25e3e1cac8c1e31e3da1bd51f06940e55ee4d2f6fd0da4faab4413a88bf,test,B
Leaf rust/2 (683).jpg,5ff4993b72705d77e37346d1f5163c0ed9e730837a9fad607f769b079378a5bd,test,B
Leaf rust/1 (399).jpg,5ffeded1378057322c290f5751bceffa0194a169de5ff6052697b44c2a57ab08,test,B
Leaf rust/2 (825).jpg,607c069d58bd0f25f452f04735ad02e3abf1cad7374aa90f4ce4d258b350d929,test,B
Leaf rust/2 (1013).jpg,61404d7676700a1ea7e62bfca2a0a9073ec85a0a156d2c9da946b4c347a56a4d,test,B
Leaf rust/1 (480).jpg,6144d1fbf7272106519a5a3c4622d3deb1b2812ef8c3ed28a0d6766e8e3b77a9,test,B
Leaf rust/2 (644).jpg,6151b67f0c43e5e276259cb9fe55bbc2db38f7e402dab26f360a24e8f2d62f76,test,B
Leaf rust/1 (477).jpg,6198c51115f4167845b6f582910cc121fbc32bb89bc1cfa2d0722b5bf5587d9d,test,B
Leaf rust/1 (447).jpg,619a3d3efb1b7c489256e3d5e23332afa0df31900b4989f93f02033052ffaa6c,test,B
Leaf rust/1 (252).jpg,6228bdeaf6efaf64a98ef5fdbdc6f3ddc51f2951fee418c8be626ab02717d881,test,B
Leaf rust/2 (610).jpg,6234b3e3f12ca4906b8f718938a39676ab0c65aa12929e11f0a12d6d681f9dc2,test,B
Leaf rust/1 (200).jpg,62b9e3b36c081ad4f77a19af728b5bb9369ee55e6c3e9afc76137a9c63f6dd48,test,B
Leaf rust/1 (510).jpg,62f5cd09a5a4610495f1f8fe27f05e2b1bf187ec78f15d3e7301102553c62ed3,test,B
Leaf rust/2 (732).jpg,6369dc238681fac0d6229c950711f432b6fb1e39e9797e3f90ad776a91ddabb9,test,B
Leaf rust/2 (820).jpg,64b21acbc6c7d81a8f240d9b10b29424a756b9a09bc1a20cdf9491b13eddec13,test,B
Leaf rust/2 (695).jpg,64c350f2d11e035f95ca3761c2829d4b5c9dd96ca9bafc39e998ae95cef596e1,test,B
Leaf rust/1 (195).jpg,652bc90f3f6830e093a71de991c1a7af708ef62614504243a57e2804b385d203,test,B
Leaf rust/1 (234).jpg,65c86f170fc7a15dfa28ff971892d48bcdcb2706f484ccf2e9d6a51a5e98bd5d,test,B
Leaf rust/1 (472).jpg,65daf6290707ed0db7d3a6d9a1c860a07bd452b2c230e7d0fbe0aaf307c3ccf5,test,B
Leaf rust/2 (838).jpg,660a900e043a5aeed353b82c5e1dda5ea1db93c60fae531efb98d7f011b37a34,test,B
Leaf rust/2 (770).jpg,664583f436f5103c571252004d80bf0e1294ad0ea8c031ac9d195f833d3fc51e,test,B
Leaf rust/2 (569).jpg,67a1ea56e547b4d5669239834235da7912e2d128352498c252877f57d8ff69d5,test,B
Leaf rust/1 (65).jpg,67fad5b969ea10615fb76cc1cf8abeb479cbaf05ac3bc939edb1dec397b42781,test,B
Leaf rust/1 (178).jpg,687ff531da8fceac4f75e1b346809a7dedd69585373375249b24d0555a4048ad,test,B
Leaf rust/2 (774).jpg,688acb43f230c23d250ef15fc15722cfb65fcf52a348bccbf1e53d422e864ebf,test,B
Leaf rust/2 (811).jpg,688e611a6421c8d2a876fec44c5f03dba4d8ab5646e84c976d78a228a3505579,test,B
Leaf rust/1 (340).jpg,68bcd65563962b86856310d4160777b28d8559c63854217832f2c143836083ef,test,B
Leaf rust/2 (748).jpg,68d72b4633de18a5826f6b0734913d90428ecf78421b8c03a302f8e77f6d4e8f,test,B
Leaf rust/2 (758).jpg,68ebd7f6e00720113816aaab43dafe74faba46ac51d959e837941083623c1515,test,B
Leaf rust/1 (457).jpg,68f70493d03a57a4a1db109c57b8ea3c1d58845642e03ce5c25dca228246819d,test,B
Leaf rust/1 (189).jpg,692ddf3182be9eb3ea260578e8731d7bee1b8862e01d892838f0d1f22a56d5e4,test,B
Leaf rust/1 (452).jpg,6983c986273ba231245a453ff92e7d92226b2e5ad1776c2da5ffec0e8a814501,test,B
Leaf rust/1 (344).jpg,69de1e87ccac8c987ee457ad3f246d71aa891856144fc7d6cd2e5bb717464a5a,test,B
Leaf rust/2 (743).jpg,6a709e9ab32b35fbdfb1a6cc0ed9c400f4caaaadbf3eee9fe6d68506cc531753,test,B
Leaf rust/1 (218).jpg,6aa4a6d3f7d1154f7d9b5383a980ce74d7f212764e37a744f3d2646ec3b6d8b1,test,B
Leaf rust/1 (79).jpg,6b854d18139034ac1f3580bab951236a14e25e8f72fa322d24979a757107151a,test,B
Leaf rust/2 (543).jpg,6bbcacb57b05648c436f98258681e11a5b81baf786e76bfa412c707a71d66aed,test,B
Leaf rust/1 (312).jpg,6bf4263b432283f75280986db30be23becc53419f2322335a70976c69440505b,test,B
Leaf rust/2 (793).jpg,6c2f5912f7bdcd7998510309ff07201b2edd58b2743c25d6d8a144acfe691b72,test,B
Leaf rust/1 (30).jpg,6c30ae00d21260bc880873fe2962a7b522f4f0fbba0c360ed18ee3edb4595591,test,B
Leaf rust/1 (48).jpg,6c44220af6ccc14925f35da5b83f242b7cb7cd531a2796a4dcd4a83e79ed9bdc,test,B
Leaf rust/2 (915).jpg,6c6e2f1ef51077603d09c935e43ed8ed6c2c81ddf3269946477154064276a1ec,test,B
Leaf rust/2 (916).jpg,6c73df3a8bd6e48c5436039b7b63b03c1ba012bcf1eabc0675fb32af08d44da2,test,B
Leaf rust/1 (397).jpg,6c7933b00f8142c480ff5c8dd5d7cc9c809815af762110a06512d062135c06a6,test,B
Leaf rust/2 (724).jpg,6cb4637b48fe12d9c08580e9a7b0aa5f2f1c3895eed81dba4a35e6dfaa83e9b9,test,B
Leaf rust/2 (634).jpg,6d22635e78ed255260fae3b798c15593f11986f7f569dfbd6974ba5fedd8406c,test,B
Leaf rust/2 (831).jpg,6d33709d07ff302d3a94635ad6aa85ef9620216a6fd07e569a330280ff4c82be,test,B
Leaf rust/2 (534).jpg,6d47a431a588cc2d0fa391d7558ac03f61a1afd0fb629ecfb556dcba89f209cc,test,B
Leaf rust/1 (336).jpg,6d826a97f23cbf37966b94e39abfe017db5158ef945b1d3afd9fe33f3fcfd3e3,test,B
Leaf rust/1 (326).jpg,6de187f73a1d0457ae6ec28f4565163e7814919e178866d76b7cfa330ed9ccc9,test,B
Leaf rust/1 (51).jpg,6de7c30e7119b8b136981289118f83c8f6603ceda14fea88052215baf5dc271a,test,B
Leaf rust/1 (23).jpg,6e41c9199f0da4542a17067af64e0c325fdf27bb4e7fc2a8a4b73f5f3e2ea2bc,test,B
Leaf rust/1 (237).jpg,6e47b2756446694e79cb8fdfff1e11bd7a9bd80c0967bf898e5a28caffde2c83,test,B
Leaf rust/1 (6).jpg,6e497609acbc9869da86be580304539dd09dcfbad1933c61baf30a77c6a941ed,test,B
Leaf rust/1 (491).jpg,6e9f68be00acff3d985ceafabc7c1215d259814b9b52c4d5923f9a93c0fa9958,test,B
Leaf rust/1 (422).jpg,6eb9e060e58d49de56c5392a31b3e72023a1221da7398c0820599ad5c3bd7f6b,test,B
Leaf rust/1 (319).jpg,6f15127272934655f109dc96b33c195c5e37b96959af6a6614d664c983e05e55,test,B
Leaf rust/1 (19).jpg,6f70e8de0a14a0a402e8514466d62815719ae8c39ef14d56bc3d7d7bd4ded581,test,B
Leaf rust/1 (251).jpg,6fd04d0bbe3f82767a76845b3817acd3ba9af89f99173be9a6fb3761722f4bd9,test,B
Leaf rust/1 (401).jpg,7035dc91b476cdd1d69f81c341bd4d4f5c218c680ce0da9984b7183665d58e39,test,B
Leaf rust/1 (42).jpg,706dca7ad8dcebcb83c2d6d8be2d041f4c4e2bf596e28686c032a2337d6dc78f,test,B
Leaf rust/2 (912).jpg,70b2b19acd410ccf6c97659804a004d0a829cb2bdbff2ed91dafeb96cd599937,test,B
Leaf rust/2 (1011).jpg,70eea864807d74ef1ff706cf6649b7daeba546b4967fc19be6f2f4d3c1aa7b0c,test,B
Leaf rust/1 (310).jpg,714d512cc869fda8b738fbd21f2c95944740976159ed17d15ed7753809d4e765,test,B
Leaf rust/2 (739).jpg,71a8d6dec6aa74104952d4f1eac846f2a8a3eb3fdf3981eb2120184f544ed6e4,test,B
Leaf rust/2 (535).jpg,71c26c40d89af852afa66ff1bea1a1758553342a3a32851bef439affc41df674,test,B
Leaf rust/1 (143).jpg,71fe49b6490499d10b16df5e70463d8209cf4d318cf34f268896361abc2d532f,test,B
Leaf rust/1 (152).jpg,7263b0d2cf4312a8ce3149a365548462acab5bb70787479203ba1666306a0cb3,test,B
Leaf rust/1 (391).jpg,727fc9f219f807add906eb8de5958c2bad59ccb249b7f11714fceea9fce08458,test,B
Leaf rust/1 (360).jpg,729e7bcd240c6b07af10300e1a733b926691ec4457900f11e144797a7552cc84,test,B
Leaf rust/1 (306).jpg,72e215ef19b74114d817e30be40b23e039bcf85b64e83b16155f06463ed77a8f,test,B
Leaf rust/2 (628).jpg,72f510a5d2a6f692e953118fce70e0b11620e03f680b82095de6afcdf387f361,test,B
Leaf rust/1 (421).jpg,7343c26103186e8049ebed51212bd319e0573225704271be7a229c43ef8150f8,test,B
Leaf rust/1 (146).jpg,73d44a3a31038f9e13842e339e22511b159b930d4bf41cc9ed0df11ecc184e89,test,B
Leaf rust/2 (521).jpg,741a16509e63d8bcb95efd7a306cc3ca893dc5fafe5f57e457391695637ef79d,test,B
Leaf rust/1 (222).jpg,748bf2e8fab6b0ec0c44c2a00d01b71d2c8f5333e25b68feb88f60add8692292,test,B
Leaf rust/2 (564).jpg,7556a75506e65c9ac44c26c0419afe7bcbe89ecc9c1b13909c62857953d3f389,test,B
Leaf rust/1 (56).jpg,767bcaa173c956991158c2def983901adfe153fec4f5fb73d0a7d41069d5f3cf,test,B
Leaf rust/2 (751).jpg,76ae31a65ddf045f832b5143fc6125bbf0fb82a4f452fc731c4ccdf2e1fa533a,test,B
Leaf rust/1 (182).jpg,76e85fdfd95a5e3f6fb7afb03ae672fb786e27c40c0b22928b35fc5fa67d3fb8,test,B
Leaf rust/1 (327).jpg,7769ba100ccafce19edc50705c8c3a249d2931254731f38d46c28873336632f7,test,B
Leaf rust/2 (897).jpg,77a23e35ec0339b2c2d146d8ace7bc670fc9e2135f1f75c1884692444e21f654,test,B
Leaf rust/2 (781).jpg,77f6100bb20b9dabee3bf423ad23b234ae7a4663e23f4601ccaa4c0c02276387,test,B
Leaf rust/2 (787).jpg,780eec13be6f7905ed285c986d534555718701472d5fc935a8c1596012ac7d12,test,B
Leaf rust/2 (898).jpg,783a5f11cebd1a8d4bd490defefcfe28cae4de4701aa87af56900290261a2e43,test,B
Leaf rust/2 (847).jpg,7848b651c5451ad711f0d642d1dc5462908e40fa308f09dd05d4990dbf46a7a7,test,B
Leaf rust/1 (183).jpg,787eda863ba5b139b5847977c327ebc9c05777a27f1114fa7bdbbb57e7d5f981,test,B
Leaf rust/2 (914).jpg,789ffdf37abcb714a9ad53a9b7830011c81a768a03ddd77ad4c48fa8e9f24b42,test,B
Leaf rust/1 (269).jpg,78e3c708d8ed8d944ad1e50e39a7721f2c0b039232307d3c8c9eb07168ea222f,test,B
Leaf rust/2 (804).jpg,78eb164a800a95b536cb5f4ca8a31811a1c12002e102cb22c37ec00d0c418bf2,test,B
Leaf rust/2 (607).jpg,78ff2ababc1d8aa494b8d8f88405608975e601caeaf129e70695a5bbc6d63206,test,B
Leaf rust/2 (608).jpg,7969935609f8611fede9a703bb76b1ce1e9f208da8771a8ba3d31beb6b479d19,test,B
Leaf rust/2 (737).jpg,7a63693ef5ffbadd13ec19f35fde00d28040440e6c8040cfb8de428ffc711937,test,B
Leaf rust/2 (518).jpg,7a782a6c8b04b24005657bc84f6523fed95815e8b6e813b022af0c631747a453,test,B
Leaf rust/1 (274).jpg,7ad6a94e1fab89d6226646a1eb376f5b6eac98d3d992bdf9282e771533a947b5,test,B
Leaf rust/1 (181).jpg,7b598206737dc994f40e11db9cd5c8508d0e22b0385453e6e6cf48399db08de3,test,B
Leaf rust/2 (815).jpg,7c533abc743a816a96432be36fab120a09987cddc11d7437fb0dc193eefd9723,test,B
Leaf rust/1 (264).jpg,7c8c2a0f5c37070e8a37dc88456dc0cb109348b9e9773e030deb79eb46b93277,test,B
Leaf rust/1 (484).jpg,7cbfe9bb5738a4fe8c6573fa41d9980f5dccc8faefb7c2829d7816559d57be37,test,B
Leaf rust/2 (738).jpg,7cddba75fd14f42722b2679c24f4544771a997db62671f69fff487441b9dfbbb,test,B
Leaf rust/2 (677).jpg,7cdea69fd1fc4c8de912a9638422d413042ce885f2d1e86b7b100410b7109bdd,test,B
Leaf rust/2 (622).jpg,7d130225b41004fc228fda5428732482159e6ff4e2359dc9c2cdf1b534a0ff5f,test,B
Leaf rust/1 (368).jpg,7da51d7af0d4abf03d4c40c07a9d812bc02a40a56b92deb76c963b21ee21189d,test,B
Leaf rust/2 (568).jpg,7de968fb925cb7167e15eede5506ffa004730fa1fb499ae52ca1c6c77db46c9a,test,B
Leaf rust/1 (448).jpg,7e066c349be3c730fd5df9ccf3d163f8fac16ee4ddad294a13063e03072f0e03,test,B
Leaf rust/1 (209).jpg,7e8b2078125f8e963a9e866a172c53e729ae1a91311faca168f68f8f11e7977b,test,B
Leaf rust/2 (554).jpg,7e8f91fd18b14ba8d994d2ef8c7d5f4234ac78d48e0cd3434d63785a56e499fb,test,B
Leaf rust/2 (931).jpg,7ef53669d44d06adc4c2b3c3e3361daaeb544692cafa59237d4a55c4e0b78956,test,B
Leaf rust/1 (323).jpg,7f06781e824560109d1d1af9c3736d85a09baf6304056734fe5889ac54f72538,test,B
Leaf rust/1 (199).jpg,7f10f84bd9f2104f9a8676118c9b9cb1e0fc753d61a8581296d518d0c941bc44,test,B
Leaf rust/1 (169).jpg,7f57728541c8da05b07f5bdf52e024ddea66d0cd4c598f32148494828aff6f36,test,B
Leaf rust/2 (842).jpg,7f5e3d9cf5f15c74346c13cbbd23b054bc39af56bb8b3acd5b54b47d660ab721,test,B
Leaf rust/2 (594).jpg,7f637d4b9d3562e0c6c75698cccf83d3a7ee01a51a1ecf0fa20ec2682d2d7531,test,B
Leaf rust/1 (112).jpg,7f815ce609adeba9fa63b68c99be1df1c170c276b3be003d648779899218887d,test,B
Leaf rust/2 (889).jpg,7f92595c4132bec34b8495530b59d8819d2cb7a8cdd35c7147bbce2532fdce97,test,B
Leaf rust/1 (8).jpeg,8071336101c146d58aab8201171c74e941c03e90ee7e654e48067c5d4145a0dc,test,B
Leaf rust/1 (331).jpg,807e76e5eb6563d3277c7f55c138eb72d8b5e8ac433a41fadad7d558b737766b,test,B
Leaf rust/1 (111).jpg,809a4e698f2029348fb9780136baa80045c7b55c4502f6bdc1f65b4cf3d1f226,test,B
Leaf rust/1 (242).jpg,80a9199e6669520f3ad8738f9e80a11d71553b07dfe0644f88298f0b877244c8,test,B
Leaf rust/1 (301).jpg,811d59075a6af0d8100e7e9f833b893a128890ec6db65fbc5366e7d09b94d9e3,test,B
Leaf rust/2 (595).jpg,812a965a00e5e53a8db3848f9ecef8ff02ab3b996c03fd863f1525c3279d952e,test,B
Leaf rust/1 (383).jpg,81b6aadac865fcae5f649239898eaa669eadd24c170ba50fd48cdf02a0823122,test,B
Leaf rust/2 (868).jpg,81d58be6d06cf786048ddb5e7d577f9a4ce08363dc6e5498c7be55fbcb0360cf,test,B
Leaf rust/1 (82).jpg,821b70a3c38454973496da3d1e431e541456a4d2f778f75a830758a223fd5b82,test,B
Leaf rust/1 (207).jpg,823fc9aaea4af6e4b079e7ddf894bf4129ac9ee8ffea9bd477902466bacbbb96,test,B
Leaf rust/2 (878).jpg,826264ed26cf08d22e95cb823a4fea7b9e801f85986383d81e5810cab6fb028c,test,B
Leaf rust/2 (662).jpg,827c990fdf23bf33a7af4efc78a0fefd0cc7c7a698b4a6c069972106b64b64df,test,B
Leaf rust/1 (115).jpg,829cc11de65429b2aad416572bc63a58461ca41eeeb5ff47e28a04bb39d7c970,test,B
Leaf rust/1 (489).jpg,82ac9c19ad21e15e7fba9600d8aae38dbb53a4b19bfa833b417adf1fb863f8f1,test,B
Leaf rust/2 (689).jpg,82f7da8cb6539144e403d797c35449f9b4533a9e0ec17562830690d45eb76fd9,test,B
Leaf rust/1 (131).jpg,830d8fe952e881e3c24b1fc6502a64d23424dbfd985a58318b561f2dcd016950,test,B
Leaf rust/2 (582).jpg,8324d183b247f81f71821312521745939733ff8411e16495bfbf8c05477c9bfa,test,B
Leaf rust/1 (469).jpg,832686aa77824f722b0d838350fd2b02f9d33ff223d0ce30176b2a051be6561a,test,B
Leaf rust/2 (866).jpg,834d55182a89b4991f929f2aa64a97a6ecf970f5b131a03d82ba0ec60cb9359f,test,B
Leaf rust/1 (148).jpg,838b98d5ecde00a464686be30965b65db2e2259cc666ab4ac6c38040c1c89cb8,test,B
Leaf rust/1 (11).jpg,83f4a4013240eeda71e40f2d8fc071a89a27179ff6e3fb85b2bc512c60e2d0e5,test,B
Leaf rust/1 (431).jpg,846efc243405237247d42c65fd8ecfd198be4207c2f15fc7070954eb9e3dabde,test,B
Leaf rust/1 (174).jpg,849992c1e4cb75b25cecf608f320cf199ab6799e520f975f1c76a38da0978fc0,test,B
Leaf rust/2 (625).jpg,84a0dbf3ead16061a9a7a9b59d9cc43e48610956699eb908130d27ed0383c24d,test,B
Leaf rust/1 (24).jpg,84b583cae9982e29c745914a7fc91b5062c9ef6625264a0b5e6ca97a4e93575f,test,B
Leaf rust/2 (742).jpg,84cc39b5bdf26cd30ba73475281250fdec34cc919ea1a7f05baa0d86ab49e8ba,test,B
Leaf rust/2 (756).jpg,854dc8ce5a8d92b31323ca3ea184211833016cf4fe64c93fc63f96a43ce7c438,test,B
Leaf rust/1 (492).jpg,8573c9b95a1953002d3775b028501db253fd7ab435c19ef7572adced6379b4b8,test,B
Leaf rust/1 (126).jpg,85b1468b63edcd5ad79d865158174b6eecab75df0a203e8c585d28e491708c62,test,B
Leaf rust/2 (685).jpg,85bbe2fd2e1beb35e8df493f40885bd7164fb66e564ebc3c53dbbead2fa2ca5c,test,B
Leaf rust/2 (999).jpg,86157d60101d2138cd792fc68b46deedd4b618b10ec520c6a25e850b8865494c,test,B
Leaf rust/2 (790).jpg,8646f1899717bbf072ecda1a2a77922b3ed5eed005d193f447fb386e82fa311e,test,B
Leaf rust/1 (288).jpg,864f937c0518e364c3b940b5782a6cf8a2d2b72db8f6abfe088eae7c53493920,test,B
Leaf rust/2 (994).jpg,8663bbe75a66e27bb3757cae41d531583115f49dbe49018d5e6839698e1489b7,test,B
Leaf rust/1 (133).jpg,866bae081a9fe75e33cc359c9982e80177b0e0ddaa93d542b5bff4bc805628aa,test,B
Leaf rust/1 (245).jpg,86759adc746cedcbf79c516a4635f4060929e6546e17ef0cc898bb76294795a5,test,B
Leaf rust/2 (886).jpg,867a9194d5e4e1f9de48b71150a54124d0eb998d2344c0f49acfd6d00f2b41fe,test,B
Leaf rust/1 (315).jpg,86ca5ac2a5b40a3fd43999434e2a762a5fd4bc21d46c7a07a7e2ee411382456e,test,B
Leaf rust/1 (343).jpg,87762ac1df7122dea9a65861a070035718c22780b103c22d34769a7dabe65e47,test,B
Leaf rust/1 (289).jpg,878fcf2a0c981ee15008701dff983718f425012039d22eb0b05399388df1b7ff,test,B
Leaf rust/2 (910).jpg,87fe99c961551424eafa8ad89c551a4f81c39d660f8591afcb9a69d1d9373760,test,B
Leaf rust/2 (1015).jpg,88a16c20b101b1da5063277743969ee5424c733c16df4e5be46bb68da8bb1500,test,B
Leaf rust/1 (498).jpg,89405f7cb71734e933d233a93641186c2f46d6d5de84dc7089dce3fe9ba0c505,test,B
Leaf rust/1 (332).jpg,89494959230aa22d93c1648c41b778e35a34315b5bd12e633235c098683e770d,test,B
Leaf rust/2 (803).jpg,89757129a466ef2dd6353f85f1d98d3bd050868d9cbe261835ee8867d2d43be3,test,B
Leaf rust/1 (20).jpg,8a350b56102039ae2bf7700b1669e60008f94054a818fd4724b72c37ac95538e,test,B
Leaf rust/2 (571).jpg,8a71134ae9b768bcc3759c0b83012117a4530627c08b34b18c958e08b6f9a176,test,B
Leaf rust/1 (130).jpg,8a762b314cd919b423975b00e943f2e4380dc7c876a28990075c6caee95146a6,test,B
Leaf rust/1 (94).jpg,8a94c8b71152206fd34930013d12e2e84a5c9437a39abd64cd46a07011d1b80d,test,B
Leaf rust/2 (661).jpg,8aa22f3515086c76c49810e6532359d6b18b6bc08fcf96fb2d2ec3512489c031,test,B
Leaf rust/1 (125).jpg,8b12d79c117724ff75c92fc994a64456595ec3c9393411c36a5600c5d6b2ff73,test,B
Leaf rust/2 (859).jpg,8bea6f9e05a6f86986bfa1e2f44b00ee129569a65f35866d24ddb833388fa2c6,test,B
Leaf rust/1 (509).jpg,8c157070403fbf0389e4af4e823416756517e1576708a28930af36f9c8d99453,test,B
Leaf rust/1 (124).jpg,8c19ced8a5323c5a886593954f5d5f01066e93df7c4b5beeab03d82490f26ac9,test,B
Leaf rust/2 (578).jpg,8c2adf3542e0554f95d440d6974a2de1ae65f930c83c228b545b5f789d21c938,test,B
Leaf rust/1 (420).jpg,8cc90a591df4fd7e5482c290b92d07ed830abd934c989b94f240b3925e0f6bda,test,B
Leaf rust/1 (156).jpg,8d0806b2c45fdcd03654d82fecaac365d138b5cc1baadbf515ccfc953cca24b8,test,B
Leaf rust/1 (66).jpg,8d1a2b668bb1e61e56fad13c2a21046e73cdbc7c9f6f6a76c06a2ca7bd4b967f,test,B
Leaf rust/1 (43).jpg,8d78698e05270fc1352054d3fce59fd9d97c73f2befce483a0865e6e58bb4cdb,test,B
Leaf rust/2 (821).jpg,8eb0b69ec74c982a0288959108a155d9329380f9a29b9593a7f8dbf953db33bb,test,B
Leaf rust/2 (797).jpg,8ec01df454f2141cfbb00e9792222337af5d0ac572745c8c17c6329c3f8edf40,test,B
Leaf rust/2 (956).jpg,8ed199d668dcbb15c7d09eb587ef081382350b82a6dbf2c3b7580c0040db9186,test,B
Leaf rust/2 (18).jpeg,8f10b62e971e24747cf25c2b7c3525f5b946b47810a59eeebd6268cf7ddd8f92,test,B
Cerscospora/8 (505).jpg,0073016e23521000105223adf2246532f55317d574916e7652c08fe8ed8a8790,test,C
Cerscospora/8 (866).jpg,025ee7234b18e7290adaf1fee5498d10f752e3f009dba77ad2290bc134dbd897,test,C
Cerscospora/6 (293).jpg,03c462757b4adbf74763822eddb82df2565e29ce549ad90ab9cef235d2db0d70,test,C
Cerscospora/4 (769).jpg,040c15408c3d59d74c90fc3d99fb9aa7a379d068284e3bf3a897dd7492e3068a,test,C
Cerscospora/4 (191).jpg,04152dd795ee856ba95601c77366008ce755f67d2ea2fee203456f1188b7389d,test,C
Cerscospora/8 (596).jpg,0517c27f29ce8ad28385776edd13e33212a3a7f1a77a37959d2a3db3111fdcda,test,C
Cerscospora/8 (674).jpg,0818f254f0355f70609b8d55eac696821645332d7d1e93d8c1f05734c2f6a14b,test,C
Cerscospora/8 (506).jpg,0908be6fd0000374f4835c4677473c27726dc31c02383bebfb409f61244c5f67,test,C
Cerscospora/6 (555).jpg,0a29916106b9513ee2d96907c17c5ba3b31119fe791badebb247114e7ab1cb1a,test,C
Cerscospora/4 (217).jpg,0a8a1a910535eff77caf5fd8f0d5a908538f661b22a3498e0368abdcf1bd9aff,test,C
Cerscospora/4 (172).jpg,0c1d9f62ccdd4d6e91e68a2285c368161caa28153d958d05198bef70b97c31f0,test,C
Cerscospora/7 (334).jpg,0c5e27d67993a8b9f08ec476d7e1ac1994b64fdb2809acbceadcb36c9469dcc3,test,C
Cerscospora/6 (437).jpg,0cbc4ea0dcad05aac9a2e06015623624cbc7abb4238c794330586836db2b2c16,test,C
Cerscospora/8 (847).jpg,0d085050ac8c8027c1eb7725e44e6a2707132664c7fa143fa94457bcbbd08df4,test,C
Cerscospora/8 (119).jpg,0d0bdbfdd6810356cd4644975c8726f1fc1ec9e73f5f045b2cda2ad45ce80901,test,C
Cerscospora/4 (767).jpg,0e7fcd077ef60e839911353423df4feae5f9df8e111e5739945d30821fdcfa3f,test,C
Cerscospora/8 (734).jpg,0f69654996b8e74702cc4a52a2451eaab7383d4720b7ea7b0256591e7f7a083c,test,C
Cerscospora/8 (814).jpg,0fd6485105b2d7395fcc742c586011687ceb5ceab71d29031b4d0fe32fba9549,test,C
Cerscospora/6 (270).jpg,1256502f6849385c5145c650178fff095d2361201676660f5262cd39879ac037,test,C
Cerscospora/4 (551).jpg,1305a0f2d2f1058ac208a028e0e6b89a0a2e982818ddf2d2d07dab9fb550a839,test,C
Cerscospora/8 (287).jpg,132bba26cddd4de20ab963d0ff3e41ade26a7c2d0eea1d6bbee06cecd26e6e49,test,C
Cerscospora/4 (1046).jpg,1351d150a7813912f4fa935b341e83977d6eb5382aab59be914ae35f3df78b1a,test,C
Cerscospora/8 (10).jpg,13588738df3da75fd2632212863ef6bd801f77b45f9d703b89696c03afd67b02,test,C
Cerscospora/6 (101).jpg,141faafacc0f7be330ddd68c6650c2c4a94fbc7f5a52e73560699ebca781b355,test,C
Cerscospora/4 (337).jpg,14a4eff8436b792226da0fa226fd11a34613093485e90b575056de65874bcba2,test,C
Cerscospora/4 (683).jpg,14bddcf2c6a22b7a42ee0f1f11b5ef054faa6f5d950e1eb9e159491eeb9a7867,test,C
Cerscospora/4 (104).jpg,16c9c3230b9df462da1c0be01b98ef3d74e213fc73760087ae85bdf0541626dd,test,C
Cerscospora/8 (290).jpg,1795d322f823a4d437fdc4778ca9abaf74b6b114b18b894d54a1e8dd2398f630,test,C
Cerscospora/6 (405).jpg,17a34fa3062f7fff25b1b8a40f4f58f4651faa2ec73f53d5dec2d973ebb98297,test,C
Cerscospora/8 (848).jpg,17d2165214e37f0b2f6e2b1fcfb4287580763952868d767c9fb0bfa7a77a4844,test,C
Cerscospora/4 (336).jpg,17eb451e24e33423db1566935702ae5ed539517144c3285a5ae513c1dfc9466f,test,C
Cerscospora/8 (104).jpg,182ab0fb962176a4f36b7253749420b1f456b1a934533b0d632360177ce9882a,test,C
Cerscospora/6 (812).jpg,1a03bf4a192abfe92f9e176fbe29c0a1b97620ffb6007d7e9681baa5157ffee1,test,C
Cerscospora/7 (812).jpg,1a898bdeb024a05dfd8a64ef6119fee063413eb6b0012284a032fad74324088f,test,C
Cerscospora/4 (289).jpg,1ab6bb52a13afe8ecb5cd5261e00d0857c3e1ab03f7f433463c39c15a09ae9c2,test,C
Cerscospora/8 (542).jpg,1b307009fc4c20bb94620d492ce949da93e0f260c5b7556f52e98a945b594690,test,C
Cerscospora/6 (864).jpg,1bda55c691094fb34720af7ed52290a7f82836ca501a98cbf7df8f657fc662b0,test,C
Cerscospora/8 (868).jpg,1be64df774a8dfb51b61ccf9d8b4847103bcb70083054d974e9f1eb1bda8f39d,test,C
Cerscospora/6 (290).jpg,1ecb00213e1f52cf9de3bf166afd54d48e12336594e03ef94b8ad4f9df775930,test,C
Cerscospora/8 (673).jpg,1f0fc55c4fdad1a945d0da85aa746b49ae6e53b0d9a47a8e5f71bcb94a706e50,test,C
Cerscospora/4 (119).jpg,1f37e6c2ca3ef3a7d14125ca0cf254e828ef658f35fc5b2332b092977dddc56f,test,C
Cerscospora/6 (42).jpg,2159ea6ef9c1ae5f7ecfcf2b7827fcdb072f4d6b8cfb68876aec44312c229567,test,C
Cerscospora/4 (874).jpg,221491a68decae64f6bd5a45c49d09950fb32a57ca05da073bef1154542bb7b9,test,C
Cerscospora/7 (332).jpg,230fc40e813148de952d03d4ba8e4710d022fbda873d8eca23b936e51fa09e17,test,C
Cerscospora/7 (119).jpg,2312b1dd34afced59dde838010e42a937039ec9a63817ba254b37b675a4a49da,test,C
Cerscospora/8 (333).jpg,23675794ad2462a485b8e7bdadadc5c40104a4c44036394b90f0d9c52ff83e49,test,C
Cerscospora/6 (120).jpg,24439ebfd2f00f8cc3c2af9852b7c0978c88873ca9bf522774ecf4e476183d59,test,C
Cerscospora/6 (671).jpg,2578b15c98b8855bdb2a84ea750889df20653108e2dcfe6727b1c9a9c4d6aadd,test,C
Cerscospora/7 (217).jpg,257c3992500ae6f2dadad55c1368ba139da72569f4fe32659c50ff52a3766ce1,test,C
Cerscospora/6 (699).jpg,25e97db2b85022569ed8b78aea4d8bb941d1efc236a37027b58622d97e45e09b,test,C
Cerscospora/7 (215).jpg,2690fe0477514d4ce4565f2c72a6e54510258643f8fc273cc2a94d421f7c3cb8,test,C
Cerscospora/7 (404).jpg,26d3c349b36275032f4a43b386c13d022aaf3d09bfde3798982980e3759b1132,test,C
Cerscospora/4 (479).jpg,299c6451239125dacb9a0c2fd07f17ae71105964965375a32129e91d0d3142ec,test,C
Cerscospora/4 (102).jpg,2b4dd603d8ce8373853d970780d5d91d0dc2885b4a37500e1c92b1340bafa594,test,C
Cerscospora/4 (597).jpg,2b6e42ac15193bc6e732692314ae6f1689a9f2e094f7164ec34ef185a87b9820,test,C
Cerscospora/6 (603).jpg,2d54e28ed183113b6fba34bb1ad73543bd0c97b56ecccda81b783ab998b0cb3d,test,C
Cerscospora/8 (214).jpg,2e5362f35a897fe0196462a3c7e5b55914b42a340fc4f71284d0f3f544466de0,test,C
Cerscospora/6 (773).jpg,2f21853b00dbc280aa190a886320e300bad90b7603974b72e1bd2e1865be7fbb,test,C
Cerscospora/6 (602).jpg,2f6ba39e828d9a87051dd8cc65f09a6a626f0eaf11ef672b92ae8a9624ccff6c,test,C
Cerscospora/7 (769).jpg,3031cb20cde869a58711a7b03467a9268f826784d61aedb129c94cfcc61a09c8,test,C
Cerscospora/7 (865).jpg,31b3010d99973c340052ff14251cef536350345cd293ad1c72b02e8de3f25dfa,test,C
Cerscospora/8 (116).jpg,31e97c4c229fe96305b2f6d259023e1a12ef27418f7b3a681e31fe1d20954102,test,C
Cerscospora/8 (332).jpg,32b0b1e76ab3da50823894c76088eff9fdb0d437d55fc1002afde6bdfe5b5256,test,C
Cerscospora/8 (288).jpg,32b699491809178d233d187b97ac4eebae67e804c11de25d5c292712705e23bb,test,C
Cerscospora/4 (596).jpg,33fc54854dff433b63a731f11750918d984d492ef10816f0696c3c46744360de,test,C
Cerscospora/7 (811).jpg,33fe5c1befef08aa7cbe93b4b414fc5e44c27fa51b665b73664549727c87e631,test,C
Cerscospora/6 (289).jpg,34dc35acd7bb77d952b8104c444693b15b60fb343ce29986482918d70bdc2856,test,C
Cerscospora/6 (558).jpg,352a3dcb885e63ec978f8611fccf95fdaa2f594a8c3771e7559255acb78f34af,test,C
Cerscospora/4 (338).jpg,366ac2d7585651d0f9da993b34a752e4d8b17861a959d7ebf1bd73a58720c0c8,test,C
Cerscospora/4 (678).jpg,36b24435c46e4d5807d34ea83db07f87251f023fdbe55bb4ea9c0efb90357ae2,test,C
Cerscospora/8 (291).jpg,370d55f68496498bcd62c94b4ed1fb1d8729a209515e5d33e2124fcd661e9d23,test,C
Cerscospora/4 (173).jpg,38086502ca13e621cd6b06d21d723c433aac2248275eafb7740e40f04a226e70,test,C
Cerscospora/7 (593).jpg,3a67e10c0d46a516fa1b7ce12f75afb28ab83dd51a7a8ea5f6b7285c333a9dbd,test,C
Cerscospora/6 (404).jpg,3b75339e8b7e033dcadb0ee2705a0831b23ee5cdcd3b8eddcfe3d9f475164bb1,test,C
Cerscospora/4 (115).jpg,3bce8dda8cde95dfe0b5b5a9a4da165820c5602acc008fc09503fa555684e383,test,C
Cerscospora/8 (675).jpg,3cb5ad22f5ddf6c2297b3eda011e1b9dda47f9269f573dddaa0d05b6c829009c,test,C
Cerscospora/6 (863).jpg,3dc01f7b74afe4ddc6d8d00ba9165caa2df87d1725582e3b0a6c233e75bf03be,test,C
Cerscospora/7 (505).jpg,3dc970ed1a76d2796cd7ba84ce2e73a2279a166a35f30ff6fbd2c7d717f2f898,test,C
Cerscospora/4 (293).jpg,3e7fb879d1e44ffd97f7b9353f5e64bba70237726e5e5f950ec586f2b961c6d6,test,C
Cerscospora/6 (10).jpg,411d37ca5cea9bc16bf02b54233a813361d4696ce77f0f60af9454e73b5396f5,test,C
Cerscospora/8 (187).jpg,422365ee506116db3fc05bec65ef09b8edb332178fdacc52534847fd1769173e,test,C
Cerscospora/6 (122).jpg,425b0aeea17fa00b9e9ae2ac1755878e141815fe1e21b406e146a343e4da7a09,test,C
Cerscospora/8 (137).jpg,431df115b27a1499cd53a87c5d5658212f3292e704fdb8267b2f0d5d2b6035bc,test,C
Cerscospora/8 (101).jpg,4341374e5647259c12045eb83e7095ff2f9d797c1b7a0eeea4de99d4f20bccef,test,C
Cerscospora/7 (333).jpg,43ebbf6d9fa00e20e52de55a7b3db38e722a38e310bb32c7e0bd56143930a591,test,C
Cerscospora/8 (289).jpg,4457f2f4910f8020ec2f81b38273a8dd729ebccf03f3c6e1a277fdc8384c30dc,test,C
Cerscospora/8 (733).jpg,446fab48c3dd0080cd87641ea1214e445c615d26c8c580697cc4b92f1741039f,test,C
Cerscospora/8 (1).jpg,44961e208eaac08e772f590c0676ac67cea04930e79cc96633f3d8858dfcbd17,test,C
Cerscospora/4 (684).jpg,44a22c8310795c061bcd89c45103032b828658d6218a3f3952743eb4d0245228,test,C
Cerscospora/7 (170).jpg,44f02697c97b402f2ff888756e8825a8c9a778fd19768890ff6b6a5aa90b4c51,test,C
Cerscospora/7 (673).jpg,45db2066756a2988fee145b4574da17403bb4feede3f9cbd254c0d1d650a63cf,test,C
Cerscospora/8 (595).jpg,471c147d49714958a91dbcb2c13dd972b75c91fda61c6906233158bba7e6814a,test,C
Cerscospora/8 (812).jpg,4787c5a1e5b43d4d14a809186482cf8c99318bdc4af520d016e941f651b96ef6,test,C
Cerscospora/7 (136).jpg,4808527408afbcd039d5757bf10a855e54016b67a5c642c0f037381d92419750,test,C
Cerscospora/8 (102).jpg,4923e1a88ace1540bba4160c0091272db4c84fad2e3d5cfdb0dc86b35d469ed6,test,C
Cerscospora/8 (865).jpg,49cf86fd56b28000275c5f55f1f00ead947ce25426aac681ceb4438d3d63efb8,test,C
Cerscospora/8 (794).jpg,49d788985cf154a0fc777bce6da05ef90bb0d1a2508b46a7cc4ecc5b48f436ed,test,C
Cerscospora/4 (101).jpg,4aa3005a6ec927ac208e47cf884bcd267e238570bb0ee10cf1b4df717f9d58a7,test,C
Cerscospora/7 (105).jpg,4c0da50bd595a8df9536d19dc2bfbc18393dc540f7debee553f6e38f5b9654b4,test,C
Cerscospora/7 (674).jpg,4c8932a6ecf8a1fc77aeb5d6c710a74a38e374ab5207d098c4beda886ec423f6,test,C
Cerscospora/4 (770).jpg,4db62f492cb668ccb42836cec65ae8b170cef3fc48847ac37f33c650a38b513b,test,C
Cerscospora/7 (475).jpg,4db8be3d2a157881d206a9304e2ce1d9267814ee6b66d3e38f66381998773d2a,test,C
Cerscospora/7 (596).jpg,4e167244cba6e5d7daebeb0b9c43bbf8ee7b85ab42cde8fee606e76d35e66c3d,test,C
Cerscospora/6 (13).jpg,4fd72d4d6c7833883940ead9bdcb45f93fdd1eb2735061bad2364cb7672941a0,test,C
Cerscospora/6 (104).jpg,5032a4600ea5e52698285210df02634d2f8ecc13a190c52d82b5b41b96dd93c8,test,C
Cerscospora/6 (811).jpg,5057537b7cf6350496d5cd0614368d181e1445850131b5dfccc64359ff762624,test,C
Cerscospora/4 (435).jpg,506ba405ae0e89438a6b2c5dec05d88e662719c8a957c018b8f125664a05110e,test,C
Cerscospora/7 (181).jpg,509a7830c3525cdb74e1868a626d947dab4b35c98d63c516fa6da303d2337637,test,C
Cerscospora/8 (335).jpg,50c5489408a2f49c964693e1d7947658a713a9309b1d69e2a4443b26d4174bc1,test,C
Cerscospora/7 (104).jpg,516ff04a2db0ac33b21296d7d40a944ef96da126a73a45e4f5a21d4a0094e845,test,C
Cerscospora/6 (1).jpg,51b1469e5efaa538e897a3563a139c3ac89589b930fadc335bd3a147f10584b8,test,C
Cerscospora/6 (449).jpg,5245bf87658f2421833234c46461105bd1fa11ef58739e5e6ee616563f3a7d38,test,C
Cerscospora/6 (700).jpg,537d3106be0dd8862e10655c55b527c01f3b0184b3f3e0e32ceb5b2f655b93c5,test,C
Cerscospora/8 (476).jpg,53858e0233460e6b8d0d9fa97a6011f7f916c5f631e35572b2c701f78de5a133,test,C
Cerscospora/7 (121).jpg,5502c13e825922c0fffce4d2a5a710ab126a2ea1d60260aa683159193bc75a48,test,C
Cerscospora/6 (744).jpg,5553674bc166b6bcdc760199bcd2fd1b12db99d851a148641c939f92f98bee6a,test,C
Cerscospora/7 (770).jpg,55dd5eba787b0a2005ef0707e6da0cbf12fecd6edbce39e94c274bf79b5e7147,test,C
Cerscospora/6 (119).jpg,566b1254d642054224004542c14d56f5de1678be07df8a5facc43dc6862b2905,test,C
Cerscospora/8 (105).jpg,57c7c094105e5ce16120fbf3533265db4c13ad20e2d35895fe3a3a89fde1e9d7,test,C
Cerscospora/4 (406).jpg,58d1a9c2c3b93323bf7b4ece354e05a724888c189953bb6abfb7f43922651b2b,test,C
Cerscospora/7 (335).jpg,58f6bd85113b20a64069affa33601a1eb54c7b5feaa4eb4be9a09e7c2f35bd33,test,C
Cerscospora/4 (292).jpg,5a04a261620390a654b046703e449298348ddfdca6bc03cc413ae09bdf6dd6a0,test,C
Cerscospora/4 (1028).jpg,5b7ce694beec47e3fe2b927cf8fd44c72a614b7fc86ac00c37af9e17153d1947,test,C
Cerscospora/4 (407).jpg,5ceafd201defe45c7a0244ed41ebd34be9d56fbb0dfb9026cb4cdcfe1f2f83a4,test,C
Cerscospora/7 (288).jpg,5d07df94d9035d5d6685b9339d5ba6281ae3aa562ed7db177c0887ea4f0f8b0a,test,C
Cerscospora/8 (591).jpg,62bc91cb4cac40b5045a262ea9caa3550cf0bc30eb0667b3418be479e3278775,test,C
Cerscospora/8 (543).jpg,63c08881241bb7422b3644d8e45e7e0e87105eb1fae333514b9403b151e40770,test,C
Cerscospora/7 (595).jpg,697bc424df4edcd38a72884ee93e323e20b90b049568ab4afe779738c95802bf,test,C
Cerscospora/7 (115).jpg,6a792732557236b713664536e917788008c802fdb2a5ec5c717cb9fca2825829,test,C
Cerscospora/6 (556).jpg,6a93cf184c5998f503a775ff703233de4073fac3bc3722f2bb6153a7d48138fc,test,C
Cerscospora/6 (174).jpg,6aaa22865f784da583c5414f16d04123eeca96361d5e124433b3b27aa7d1820a,test,C
Cerscospora/4 (1007).jpg,6ba9a46e128f25f42719dc98a14b94969e2299d44eedea8c1e8628595c80434a,test,C
Cerscospora/8 (430).jpg,6cbbf233610137cfcdb727a4a44de4099ce30022ec10f174ce137c5e0856f425,test,C
Cerscospora/6 (43).jpg,6e9dcffa6e034698463418f023293ab1d0277c4ca5e7d7088d68ab93fa113eb9,test,C
Cerscospora/7 (793).jpg,6ecc8ccbe990def1c48696dfbbc288d6087ccf0d240f0a51579937a7ad51e418,test,C
Cerscospora/6 (809).jpg,6ef85871ea889d75d42938b1bb2cfe2413cb023968e4bbabd3b43c6fccb935a7,test,C
Cerscospora/7 (116).jpg,6f52845cddb91666be25048d4fd86071fb98282f60d296411301b6b941cf8c8b,test,C
Cerscospora/6 (175).jpg,6f9d525bb2394f4c1e70bfe8bb2f8305b62b7867483c25d5de2ab0512f912dc2,test,C
Cerscospora/4 (103).jpg,70e56f310c090d6d6adcdc26c0fcc3a1100b709a32a5c832664b5ad1ae454ad3,test,C
Cerscospora/7 (676).jpg,7122208def95ad8e7c5522561c7b3db4224046a60a4bcf8ebf2843da664eeded,test,C
Cerscospora/6 (455).jpg,713ae22c1c863dc75f855c8281ff23dbe15483ff4e72ad5581cec1236f28fd42,test,C
Cerscospora/4 (478).jpg,7142280266ee8a4386c6e2016ccf4aba0ee058cbe946fa30d4510729f927b705,test,C
Cerscospora/6 (155).jpg,7144696b0f49bf22c4d5d7337f04323d10721b07afcdbf186cb7e4859cbb6f31,test,C
Cerscospora/8 (677).jpg,74f71795d18254c886b56c890bfe59debc4d5b703b91d7f2cebc1cbf9dcf36b5,test,C
Cerscospora/6 (291).jpg,76fae4345ec3d1203919436977a95456c8bc2b95fbd840b5dc6ada07a4c0ccb7,test,C
Cerscospora/4 (334).jpg,77d227ebef81934d82916f5e758aba22ccd51557944b34c433d0142da698744f,test,C
Cerscospora/8 (676).jpg,78b640b8b56945ed1c494ae5a36d3c9fd70fcc5e63213ade26bbfec2c5e03a3c,test,C
Cerscospora/6 (483).jpg,78dc6c993228bbd67dc0055042e7a298b6eab65af139865bfb36978167409eb8,test,C
Cerscospora/7 (101).jpg,7907b65ff662d10c835583001635f4a15d15ba6a73fb8382b7e1d7f5aab6470e,test,C
Cerscospora/6 (102).jpg,7a3105870aaa7b5567274dee27ff07adb7bdb094f933d1b20c7db6ee98462e06,test,C
Cerscospora/8 (541).jpg,7a73b124b41ec21a8cf6a61a319125319694a70e6c4c52f4338c0885f52ffbb2,test,C
Cerscospora/7 (476).jpg,7a83a388d8992189c7349a474be330c46c851973a9aaf86a4e415270dad1ecf6,test,C
Cerscospora/4 (598).jpg,7b962d1495a0f72d7ab6873b293147752e5b528a915f6d295a2f9f861b2723bc,test,C
Cerscospora/7 (214).jpg,7ba31cec17a1a5ffcefef69b1a68bf0527bc652ecf2e9580bd04ca970361cfff,test,C
Cerscospora/6 (698).jpg,7ba8243ae10286ed239a824d7c357812a6b6a755bcdc0e0da4a5d5fb6c97cc5e,test,C
Cerscospora/6 (288).jpg,7bc3c4e46545e1e69959311b8d0cf452477023be1f642b175b4387022654144e,test,C
Cerscospora/8 (117).jpg,7c1d1310c7b07a8f891c41b59844f10b23b03c3bb28a1685d66f13f190e8b372,test,C
Cerscospora/6 (482).jpg,7e25d67e50ecc810e888f1c0326f85a7871af4b746ffccf47010b862d233eadf,test,C
Cerscospora/8 (403).jpg,8087668e90dd4a04128a742d835beb6627c0969d7c7a8ca99668637dfce05c8b,test,C
Cerscospora/7 (432).jpg,81aa6c024bc3a8862268a7d48fb4136e1bb76490ed3dbe63471119bf38113f7c,test,C
Cerscospora/8 (216).jpg,82b7bce6e45af953f43b03717916082e99b1d324288e697fa3349b52d7ab9ff1,test,C
Cerscospora/4 (1003).jpg,834343c58bca500bf9b6140a60a6ddd9063ae841aa86451d402ded1f5497080f,test,C
Cerscospora/6 (601).jpg,837cd9713e15bc486845cfc4647a1a1472700897518bba5a2777c736ac068983,test,C
Cerscospora/8 (593).jpg,83c3a5c79c6a30dcf4712773f6f3fedad16981e4e700c4442a3537e50521411c,test,C
Cerscospora/7 (1) (Custom).jpg,83fd1a15135bb89dd5ac219ec81af3493b523556e5b68e0a82af13cce7369520,test,C
Cerscospora/7 (506).jpg,84a7c48720e009b11e4b89a7206305259af0f92f6bd2a2bb2176f8a4e6291e7f,test,C
Cerscospora/7 (733).jpg,84ccba2d52b60a849f7a785c92523e0e9218a69d092899d7bc7acf1083d3f37a,test,C
Cerscospora/6 (554).jpg,8701b0f84a6d40caded215bd3384423e216d80d78daf477cb7fc48c5571392cc,test,C
Cerscospora/4 (294).jpg,8721ce5b6650712a7f1f70f22465c45492211c502443db5c33f0ec46058defb4,test,C
Cerscospora/4 (1047).jpg,8a2c5adc7a40ebdf763976c2283c8003e1aaa2136454b6bb6e96f9fdd2518a8a,test,C
Cerscospora/8 (286).jpg,8a5a5fe94407df808d2c9b432ce7768f3d4e99f28ddec71faf3ee614eb5cc0a2,test,C
Cerscospora/6 (484).jpg,8ad722313b3dae5f03894acb7116899cc041b8834cc2ace8e6e25718acde45aa,test,C
Cerscospora/6 (858).jpg,8c8894e8b04ceb42df97017bca4537549c3494f4b070436f569f0ddc9ef9317c,test,C
Cerscospora/8 (334).jpg,8ca00298201b9dcd9714c89ca203ad68a4d46d14ae3fa5b9b6863a471228485a,test,C
Cerscospora/4 (10).jpg,8cdb032e54136a9d67b584fd38537817fa28c02048f298a295f1d6f7842f1d9f,test,C
Cerscospora/7 (216).jpg,8d63024948c47cc1df3d4320c352f0d0d56625949df09f9485dae927c325bc0b,test,C
Cerscospora/6 (176).jpg,8d7994b19f900b6dacbe6981b5c7c08a5f85ae3524e564c5cbc783b68fedf8ac,test,C
Cerscospora/6 (857).jpg,8db52ff626a26f8c4b9c7db746d9a91405df73daf067d6d6e118275c47a65510,test,C
Cerscospora/4 (1000).jpg,8eb5feeb3e4bb9bcdb1beeff088673a636e8aef7d7805ff884a2c61a4532add0,test,C
Cerscospora/8 (136).jpg,8efb67adec2f960859969645c95ce4edd3d0413ec791c375071f934bf0449fd3,test,C
Cerscospora/7 (867).jpg,8fc75d7c1c58c8df424acbcd92778a202ecf62ff94adc73b2ff2bb31c6593071,test,C
Cerscospora/6 (775).jpg,920639984a6cc22827b1d60ad898f0ba34d3ea6f226b23426542450f84469e98,test,C
Cerscospora/6 (672).jpg,925584f6446be7b3d5227f3394a6f9a9d834dbbbc60b69b84295911d23aacc74,test,C
Cerscospora/7 (814).jpg,927ba8da6011e5070d0f40b04c6942828c5b294871e71da78b772bd3d6dcd614,test,C
Cerscospora/8 (215).jpg,934206c2b0c0843ebfc13f9107a9e468f9f0067fb728481d28063cdf434fbbf6,test,C
Cerscospora/4 (121).jpg,94381738e63a3809854671c0017a72a49aa18daad4bad69247cb34312def16b0,test,C
Cerscospora/7 (794).jpg,95a570232df702e2f6c9767de92fbb3c9579f84dad7cfb76d73e8fd0ebcf7d37,test,C
Cerscospora/7 (544).jpg,9680a60554905b4fab2f338223fe6fe76982b40a1bc3d3b6395bbcf5d83792aa,test,C
Cerscospora/6 (274).jpg,97f2aceb00c496df0e0f281a8cf44503801da92f435cec45648c71014ae768c9,test,C
Cerscospora/8 (796).jpg,988e0a2fd660a823eccd2504c46deaf37d6167885218a9dd7a6d7cf68ea16828,test,C
Cerscospora/6 (103).jpg,9a1680c5f865e0e36e5259a2b8b3f2d640b56ab7e3bac12952e51460a6183fb7,test,C
Cerscospora/4 (117).jpg,9adf6103093807f15f4a23fe5e329a314deef298db015cab38fc06e2561418dc,test,C
Cerscospora/4 (137).jpg,9af9db5737900a68ed66ad84c13105f6c101083d727ddb0d90e160d9e0d51c1d,test,C
Cerscospora/7 (734).jpg,9bbdc11117a2c8ddea343270d3def4694ef34fecd3730dda546a49478d367f0b,test,C
Cerscospora/8 (811).jpg,9c333d53967c2e5df8b74c63ae7c708e04da212178ba3cd4e9d34e12c5cdb2fc,test,C
Cerscospora/7 (286).jpg,9c478dd48686bea9b6c47392ee3b3740986e9472a1d840f85209ee745ed539b5,test,C
Cerscospora/4 (335).jpg,9d112ae39c19a383c8d385151ed69f7f5410bc2c11e4e22d7b66edb1f09dc4b2,test,C
Cerscospora/8 (404).jpg,9eb1bf2083a4e84350a5d23705852c7932080db3efb3c0d1de1aa806c016be39,test,C
Cerscospora/8 (432).jpg,9ecb3f4d0f69c3183a1e2325f1a27030950dc9afc69b8586d895d09ca58f3e3f,test,C
Cerscospora/7 (137).jpg,9f27f8d19567681f43d4d1424b75c221ee62c0c512df70c036b05944c12608fe,test,C
Cerscospora/7 (589).jpg,9fa43a449743cb17e88c5afbf56afd7c00dd8de1f80653ccc3abff669e959b67,test,C
Cerscospora/4 (116).jpg,a02f3842f9adedf762e412826e62f93a263fd455a8513c5561f8f4983d388e90,test,C
Cerscospora/4 (434).jpg,a070fdd2c2b1c452c07c608fc6fb0b390ab2ee5c99a0b39b74ffbca4c772ed94,test,C
Cerscospora/7 (735).jpg,a1dd08d5e576f9e20e54af85e494940ebc5c8ccec9fc1485a10caee679c62dab,test,C
Cerscospora/6 (287).jpg,a22773421be2abcbb9c1c61d0f99e9772fc6d494b902dc4d001015a6eeb904bc,test,C
Cerscospora/6 (743).jpg,a31f23d56f21d61c4b11569e1a8c8be8ab115004530e1d9de3f7607eba7c887d,test,C
Cerscospora/7 (847).jpg,a57fd0d61b0a1614a852f19b20e7666f005ac8916c82e77a2b6da490dd7edf0a,test,C
Cerscospora/8 (170).jpg,a60c6ab931c6bf4b50f2c7e88217871f596dbe7d0daf13d26c48f6c5203ffe70,test,C
Cerscospora/6 (273).jpg,a6550924524ad2bed5b1436cf55dfbb384c3fb22d421aaf8d2d7857d07f8ad5f,test,C
Cerscospora/6 (121).jpg,a67f5d94f69c1e84d924924b06f621c366cfc8db9d7160a8d32bfb6860242c6a,test,C
Cerscospora/8 (867).jpg,a79ed59b331ac66eab8566c2ae6f83ecc4d6001fb5c8a84622005c332b13254d,test,C
Cerscospora/8 (431).jpg,a9d6545dd3f50c8e6dfb15e239d4fdb2746375171d1dcb6d4bc6e4b6eff2aefe,test,C
Cerscospora/6 (860).jpg,a9d9502bc0f24a987fdaf4510da033cf3b20c8bc5434df3a5ded1e63480a16c0,test,C
Cerscospora/8 (544).jpg,ab75614b1e8ecb3c53c29a7a85c76fc48fbb4d85144e572bc0615c042ddb82bb,test,C
Cerscospora/4 (1045).jpg,ab90f61dd5039c02cb782b3c4daa565aadbb8e0f08b38092fd2d0d6723a83a0f,test,C
Cerscospora/7 (677).jpg,ac0dd1163f20fe999ec9676ed8932a142c1d1c495ec6e743b10ed0f48261ab8c,test,C
Cerscospora/6 (100).jpg,ae727829f6d52a0f8e6c1125b658928c4f5bbec138e1b76a06872c756de9360e,test,C
Cerscospora/4 (1001).jpg,aeaf33f817c9510975abf6a981e795744530077f1cbf2a4806c8b53124dc71d3,test,C
Cerscospora/6 (600).jpg,aebd4675798337a84efbb1116237cc420baf71ec2966b1627ec7256db2271122,test,C
Cerscospora/7 (117).jpg,af84bf87c92eb6ed7b8e5ac10d79453fef32e7c1d921a374768e5bd7efcfaa7e,test,C
Cerscospora/8 (115).jpg,b036ba9a9916a7e7e72f84118284fd0527fb4bb232ebc7fa87e032299c7f7487,test,C
Cerscospora/7 (430).jpg,b3c064e91736d1eff98f46c306c5772e19a9ece32a0366bde56d328d88ea19c0,test,C
Cerscospora/6 (269).jpg,b41e37e69024086308082640b7da6566c7fb39c6d420f3618a019faf527c9796,test,C
Cerscospora/6 (599).jpg,b4768f0925d0ddb90a8a22f059ae2ac76ddc9456a056f07893526b2c6f4fb0fb,test,C
Cerscospora/4 (768).jpg,b4b75504d17d3a1884d0eeac126f2961835b449ae949699f69a0ce928970b8dc,test,C
Cerscospora/4 (1).jpg,b5b210fe1c05afc46320a5d63775009ca6eee3ad899a8d95117f3080b3325866,test,C
Cerscospora/4 (680).jpg,b6bd9ab0bdcdf5f9e21023b24b14095769afce25deec1f8239412f8bd5b4509e,test,C
Cerscospora/4 (118).jpg,b7040f3ac3db1b8219b02d2625aa520b3bde5ca2d66da3ebdcf494a73221bf83,test,C
Cerscospora/8 (331).jpg,b7e65e39f523f601fb41a342c7748fba9d34afe90c636e39fe6b9f3f2ee2e438,test,C
Cerscospora/8 (181).jpg,b8b38b8327b105b9a11cf3ab4cb0d40c0367cc1892a94fde2a6e7d3b471a2e9b,test,C
Cerscospora/8 (590).jpg,b8f9b2449f82391d6b952e8a78b05c1001d96858805b612fd4390ef1875766be,test,C
Cerscospora/6 (859).jpg,b90dc1b959636c3d1e9cdcda1191f5a8e9fb6e4727e38b9df67492750dddd994,test,C
Cerscospora/7 (590).jpg,b9e5e503a3c63a51f604bfa57299f5ccc23acf31e108fb690dc1b156f9eb5b29,test,C
Cerscospora/7 (289).jpg,bbda4f837ca13610f4fee0a31cf2490a6d9f20a0572bc7fea268e1409329d1b2,test,C
Cerscospora/4 (876).jpg,bce87549a8bb9a4abe3e658b09ce393be1fb71c175f9ca3fe76df28d141b9d62,test,C
Cerscospora/6 (77).jpg,bd7337fc036f7cc331770bf69df821e6a62ac2bb143bf4acc016b20e89a65cba,test,C
Cerscospora/6 (156).jpg,be00f830c6c9d272e52b475ace4054e9cfce1b86c592f30aa332841ed725c3b5,test,C
Cerscospora/4 (184).jpg,bf67321021382c58183dbe4d728eae2b96abc640f454642c0ff20865bab87e65,test,C
Cerscospora/7 (848).jpg,c341e566931f475fdceca59f2545b0c19b25706b8332d7d26be992e2e6251acb,test,C
Cerscospora/7 (331).jpg,c4a263d71965bed89ca9d82f60bb43dc2f85650bbf3e6b8b5fd7137a417728bc,test,C
Cerscospora/7 (543).jpg,c53935da6faa60882c3d5f56e4159fc3cf7d69d039364e1f4330db132e502820,test,C
Cerscospora/7 (866).jpg,c57ffad4f60166fddd6989d361a22d051de751adafce252377d1b8dcf49190c7,test,C
Cerscospora/7 (507).jpg,c6661ac049ef776bd35620d34fe5fe7abdd3e8f679f5cf34beb1a7b171c429e3,test,C
Cerscospora/4 (105).jpg,c6afd2174d527420ee7a493a3455b40dc118bd02a740cce940835cc6016f6170,test,C
Cerscospora/6 (14).jpg,c7499f1a31cc4cd98b63010476b9e6bfffcfe55cf3953215289df340d78f49d9,test,C
Cerscospora/4 (1011).jpg,c87280448c016dd78e8601e75f236b207ee0049ef3fea10db3d1ea1c39225b19,test,C
Cerscospora/4 (218).jpg,c87f42774bd0635b15a57ce3d7b3efe301949392917a9859e228f6e0fb2de4c5,test,C
Cerscospora/6 (456).jpg,ca26f9d52ffdbe02ba780edab036305e26d90d0e284cc1c3fc702fece3bd5f21,test,C
Cerscospora/4 (677).jpg,ca9bafa8b9260d26cda5a45b1c91441aa9c088cc4c2f0b963c44bf942dd12d6c,test,C
Cerscospora/8 (795).jpg,cad048c45f56d30bf70de183859f56161296b8aac3a182942f656afa6651ed2e,test,C
Cerscospora/4 (433).jpg,cbd3269a4ae3ee2832fbf08ad36def16ad608a3f2dad0cd41cef214d4afcbd93,test,C
Cerscospora/6 (12).jpg,ccf247ef3da01a34399d219ee67897a9b0cf245a4896d92f8ba226b25725ecd8,test,C
Cerscospora/8 (217).jpg,cd1afdf6c47d6b7f21951ccbcb362b4dbbe4d0e2a566f40b200acbf55615e1e3,test,C
Cerscospora/7 (542).jpg,ce4955563677af98410bf4bbc906c4565485745f4c795737623688efda133582,test,C
Cerscospora/4 (550).jpg,cf65a0a1e5ba2033f38241804f9eb9f1551e705cef85e506d5b92252adc983ba,test,C
Cerscospora/4 (290).jpg,cffb0a4515f6bbf5dfbb1d1062ff9771d9a596782593dc8136dcaf3d044a818a,test,C
Cerscospora/7 (795).jpg,d0084bea5bcc09cfbe8f2d074937921482e29296719aff8cb162142363e63d88,test,C
Cerscospora/4 (679).jpg,d03c9908d0bfa727efca90166afb54025f98638e19eb4c65c1fecb108fba0477,test,C
Cerscospora/4 (910).jpg,d0853e2e4d588c8b29fe3b25526e4d4d2a243f8d2636012422242a5e6d52abd0,test,C
Cerscospora/4 (220).jpg,d109201f04fdb093510fc35b22033e1254d3f6df7527e8e7f917a78af4ec7db5,test,C
Cerscospora/7 (218).jpg,d12701bb7f48d461b28d8edf939a49082aed8a7a20943f840742c679b07266ec,test,C
Cerscospora/4 (681).jpg,d1693b5268f7e0423a0df99f460336e7568a69d0247ee27ec1993c8109124bc7,test,C
Cerscospora/8 (169).jpg,d17f601d8a87be0dc97ce52e32ab793c2b2a5c8cdb590da15e47820980882183,test,C
Cerscospora/7 (10).jpg,d39ef7fcad6941af99364d785413ef57bd44da05b5ca69933f8ef999c4180b5d,test,C
Cerscospora/6 (557).jpg,d452b0f7170a0905c1ffc3a747508ffa84eb6eab44408392bc4e8ada619bc332,test,C
Cerscospora/8 (475).jpg,d4dfa11aa55c1d58bc617035a825557a0248bb4dfdd181435a3a3a99dc6ee993,test,C
Cerscospora/7 (290).jpg,d51759ed5109106bfe55496bfcada6266aa6a4e722410b7cf044f10f1fe2e987,test,C
Cerscospora/8 (770).jpg,d541478ca3eb6117ea02768afdafca7b06954da5a9f0cb6fc86c561dc82dde22,test,C
Cerscospora/8 (118).jpg,d57c60cbd9987fdcce1a61e09b0cbf91f775cc0e77d148ab8f2be631918dbbcb,test,C
Cerscospora/6 (173).jpg,d63b394c43bc087b761f13f76cdde9359784a0508da8a03d3ddd41cf60e3a253,test,C
Cerscospora/7 (403).jpg,d655e224481b3a7b26981949f5870986a098b3402abcf40a5ebb6e0f1d968f79,test,C
Cerscospora/4 (595).jpg,d69d3f283fff759132fd841c8637ee498c800188a09dd37d05458f957f132c3e,test,C
Cerscospora/4 (219).jpg,d72feb6ad737c7eb0f4e9f44cf382b936686b2d6ad27a12af023a7d0942ae8fa,test,C
Cerscospora/7 (118).jpg,d767eb7865a4b73b54948df0b8ea94a3dd80c9fcd91f4227e77230dcda7127ee,test,C
Cerscospora/4 (1002).jpg,d7777c09dea144411ee07749bf3b61ac234981dfd31ce8bc191a59cb611d135e,test,C
Cerscospora/6 (438).jpg,d91b5eb5ab348e7d9949d8a44e1009b423d8a496a756dfa4d52f0c7786959ac4,test,C
Cerscospora/7 (102).jpg,d9b5c1c6dd62214aba2913d7580b4b48469e8f811f784055c0136a2a9fdcad46,test,C
Cerscospora/8 (813).jpg,db6ab96ec8b9953ad94dc12a1958a41203ab1dfec659d6a1075c8acf542bb671,test,C
Cerscospora/4 (766).jpg,dd2b26bbc66dc2e507c5388b4a45171a10cfeccc02143af08e1f0fa1d10253ac,test,C
Cerscospora/6 (41).jpg,dd40e9fef89dd6ef0d6d7a806fb70a5e3ea668242b4c552d1d9acf56eda35b3c,test,C
Cerscospora/4 (911).jpg,dd7bbeecfda05970aadbdbfd7c111a7492474b8884aabe7236dddc46c246eecd,test,C
Cerscospora/6 (272).jpg,dd8339ad9c13c32539c29f862db9d21c0e3f1d549182e66ce3f50d2c93ac9912,test,C
Cerscospora/6 (810).jpg,ddae8c77574a7b3e7b7c5d1ccae74115a748f654f76d42c154f22d72a572f710,test,C
Cerscospora/7 (541).jpg,ddf779c951000082c953c98c2994e590b0069e64c518aa71af434b75034e246f,test,C
Cerscospora/7 (813).jpg,de0677767b0557046ba0e1cba7e81ca2644a1c02d9c89fe5d5ed9cd83497239c,test,C
Cerscospora/4 (552).jpg,de2a4322cc55efaaa90bf24f25ee406a614b51ff360762659a87e6cca489d441,test,C
Cerscospora/6 (271).jpg,de2ed6dfd1a0bebae069d97ed7640f59d95ca56642c57a928235754b7376f3fa,test,C
Cerscospora/6 (774).jpg,de555012121178adcec847e83aa8adbb1b0c14910134f5ce5547caa3d67c5151,test,C
Cerscospora/7 (291).jpg,deb81937023b531e60965d4cbf2f94e3d7a9b866e351eb1c2dc7c06c600fbc91,test,C
Cerscospora/7 (431).jpg,e0a8b15dbe61adce18e15d993ecfa727ea118b0aaed1b24482df991babf18750,test,C
Cerscospora/7 (169).jpg,e389af64513feaeb864bb990e6c826f1b8d12cb209e547e944a3525e27df7261,test,C
Cerscospora/8 (188).jpg,ea0e9f2eabb0157801972f40e4d5e451e989b6b515c32b3b90faf91f9184ba54,test,C
Cerscospora/6 (486).jpg,eb04f1c4f0035fb25554572eb89e94bd2f6b97c260b2cdc3842e3922573a1d68,test,C
Cerscospora/6 (485).jpg,ebe5b7ee266d858282ee689c6a3c70220beb2edd0bc8903d0d22c85cfbb5d054,test,C
Cerscospora/4 (190).jpg,ec1fdf64cff6cc3b9ef90de5b5ca90cb14dc186a5f76348d1015582470252d7d,test,C
Cerscospora/4 (1027).jpg,ed74fcd8776c3c2f348b0185bc6cfdad08e369db481e9261c299076053fe1dc2,test,C
Cerscospora/7 (675).jpg,ee02f674d4a770e58ed6cb5843022d671944f27c21e0c626d7bcfacf664fd619,test,C
Cerscospora/7 (868).jpg,ee1128b66aaf9c4d8dbfa1683bd378555575e351a704b99d6919983732428854,test,C
Cerscospora/4 (1048).jpg,ef9588ee7e30a2013cd072747f3e2e584f41e805f29722843ed15c53afb680fb,test,C
Cerscospora/7 (796).jpg,f1274b86d370ac5991b1d52ebd7b8233254302d4a274fffbbcb6fc506e7c8bd6,test,C
Cerscospora/7 (287).jpg,f16030a5345071c52bd2f95d537720034c9f30be1c83dd17b5e182e1bab3e461,test,C
Cerscospora/4 (1012).jpg,f168efc22a59c4d893dd5396a16971d4ccc07833a5da8b371a4457d814251ed2,test,C
Cerscospora/8 (793).jpg,f27b1858f717ad41dc3e886d7b52e2ce944bbb0f214245fc308027fda1828cfb,test,C
Cerscospora/6 (861).jpg,f4c138bf161582e5cdfdb5ba45ba47f9b05baba7d5b08adc48faaf879687653d,test,C
Cerscospora/8 (507).jpg,f55e1df8b58619bc664c3aafcb6ade5d53984f3e7b12f34b1f0e95b3021f05b8,test,C
Cerscospora/7 (187).jpg,f5c7fbe6b5f30922bff432560229986c67f3b0b55c423aca4da11d0e028ecb59,test,C
Cerscospora/8 (218).jpg,f626b8e9a55051ce5f0ab91817cd73d415da6a27db283b76018b998589b62dc0,test,C
Cerscospora/4 (875).jpg,f7c30dce1c8541008763af80678d92ef8147ad93b5632800bb5ebdd484d96c5c,test,C
Cerscospora/7 (188).jpg,f8269cbb6b753f1d3619dcc6443f6e789d9c393249ba111ea55f75cd57721860,test,C
Cerscospora/8 (589).jpg,f8b62ac1aa6c4b9f1309d4224a12b21f33c41649e999ad050de7e279ad9ebef5,test,C
Cerscospora/4 (1008).jpg,f965502deb9928750b1a79b1f24de0a17b90e2a6785e8d53f0dbfb25be249de4,test,C
Cerscospora/4 (291).jpg,f9c317e1243bf9b5accb3c4fe2a170af53f2b2d10985a865245b34898ad53da6,test,C
Cerscospora/4 (221).jpg,fa897d935e22d27e38a99f521c380acc7cf0f97f42869a52e5b7aab3dda5fc55,test,C
Cerscospora/8 (769).jpg,fbfeefff198ecba5d2511612f3e239be5c84dd59a39bd9cab095b5b4d902e26c,test,C
Cerscospora/6 (559).jpg,fcc1fb67a636b3d985953bed60c902f5f70279d999fdb5d0dae2283032e034e1,test,C
Cerscospora/8 (592).jpg,fd478034e447f2cba9b3c1ffbf7804945549571b1213b92f84a92411c9326e11,test,C
Cerscospora/8 (121).jpg,fd50f7db61d0729b862a15ef2b69d95cf49fcbf81e42f7e88f486976cbac4678,test,C
Cerscospora/7 (592).jpg,fe6c197840d714c421a190c23cbc87d2622ec85b9066497ac8cb26b0f9963c36,test,C
Cerscospora/4 (136).jpg,fea0c61a1674b3cc258ce0de9ecbe8b283fe72116ff077a9ef270ff51b53f037,test,C
Cerscospora/7 (591).jpg,ff1e50b63df7b1a8a7d1b33f6541bca298a6693347d0c130e06d2f0bba20cd0f,test,C
Cerscospora/7 (1).jpg,ff5e3ad45a444ffa4013ff3adb6f5a0c6f27ce86313ec4729dafff7e0b0daded,test,C
Cerscospora/8 (735).jpg,ff81de670b881ae281c4062353ffdf40ab0019c6f94ae8b185b3a1cb45186175,test,C
Phoma/4 (560).jpg,003819c39e7059f092c37a9674ce68fe1088ba36ce52b668da9b0973ff254332,test,D
Phoma/1 (559).jpg,00f4f088fe9fe1d985c4aac0b142b115ba24a2ff19e3906c5e87abbfe71f4670,test,D
Phoma/3 (1276).jpg,025848b0ca4f0902e36db1ece45864e5bf9d676ea35e6e02b7841de8b76ac01e,test,D
Phoma/4 (564).jpg,02f19fe6010c26052665d98042b31e4a7f4a3e11f90a731265fca096ab2a611b,test,D
Phoma/1 (526).jpg,0390fc5263e5ed52d49bae5ca37c0d6b16cb2b370a6cdabd2ae86a3d80213ab5,test,D
Phoma/3 (1512).jpg,03a56489c517390bf15373a5f09da3b6ef86c461eebb3963d254e2577b9421f7,test,D
Phoma/3 (1231).jpg,042674bd626ddc57677476e2ea14afb710d5d2f40ae3eea6d1afc677802f2676,test,D
Phoma/4 (591).jpg,04dbd2867e0e47becbe4ef5eba74628b88b6fdc89060d824707ed27e38f3755f,test,D
Phoma/2 (106).jpg,05053f525551194ee93f10da7bee05466d800f35813b330a02bc85855bf291aa,test,D
Phoma/2 (543).jpg,054d7acc0c7bbaf5885b8cdc240de2ad46cc3a9e02a8128e72b8d2aca8d673f4,test,D
Phoma/4 (131).jpg,056e92dd4499a93bcf274f3de3e2ae077f5604984fb8e7981aa8b095e734571d,test,D
Phoma/1 (11).jpg,05989a896e844aa7f5ba7970367ac4141725f4691dd11720f8d6d3634cfa5f6d,test,D
Phoma/2 (13).jpg,05dab07b6eed8f87846afcbd9f5fc0e7684176de298a32341742a1bd19bd2692,test,D
Phoma/3 (1007).jpg,0616c9c48bdfa958f1589fcd5ed15493dd03dfa00d9a59d342149d759827df7a,test,D
Phoma/2 (293).jpg,06b71017117d564157d420597e1d754c6ab75b0552a18910be3701ba04ee6f7c,test,D
Phoma/3 (1234).jpg,06ceb0ead2b2efaf548483c2097519c929eb386d73b9ebb74acc29a12eb74a76,test,D
Phoma/1 (774).jpg,075509a6bf04ffdf1693486ff315022d0865778dd33027c52d49e87a3a6109ab,test,D
Phoma/2 (328).jpg,07ac9106aa2e5c43eb9a96266c94a1f773acf9557e8f574bd9b40305abb389e0,test,D
Phoma/4 (21).jpg,07d5bffb8284808da52c38e708bd067f6f8fc24877c22b30b79a52ccb1daccf6,test,D
Phoma/1 (285).jpg,0921b0fe0a59f1b403a1416a8799cd54ba7d9b807ce426fcb2fea1f759e92175,test,D
Phoma/1 (131).jpg,096b107edaf8873e7f48bec04571472f5cc321fc48c949618ad862e8360540bf,test,D
Phoma/4 (408).jpg,09edfeb65bc2b77558a564ba5e236243da4efec3f7772be0077e71d468700e55,test,D
Phoma/3 (1237).jpg,0a01cf885650c3025e790deaf17d758d25a7e3ca5a56f1c24108bb76bb2fc86a,test,D
Phoma/3 (1491).jpg,0a4b6bb08cb4b7aea5a88c684bc936b776b2f7065d86a9c8465356be90d0b7d3,test,D
Phoma/2 (16).jpg,0a66d8211f0968da1823d88fd8bb3c961e2a0ce7008a537149db794647cde6b1,test,D
Phoma/4 (635).jpg,0b2dbdbdecf1ae833acaee93a42bc64f7a2bc341bc831528de1be7717820f6f6,test,D
Phoma/1 (293).jpg,0b6f1ed7c6bb3da09def35009d154990bb253f294d7e3feec2b65f593ea4f3fe,test,D
Phoma/1 (317).jpg,0ba8aa355b5411bf672dad61e6d6745396558552e1472b3994ab12be3d5e9dc4,test,D
Phoma/1 (409).jpg,0bc8a35ec2e05be6223cd5a3faf8d9abbe07679205f57bc53db97f22854ecd37,test,D
Phoma/2 (554).jpg,0c70c015667d68f9eb0be17e98c659ed8c7facac64dd1ae5da747655c30226dd,test,D
Phoma/3 (921).jpg,0cd7622676d4c3b737626ce82878fb1aa33f5a12058247d1a2ffd4befa21fb00,test,D
Phoma/2 (434).jpg,0cd846c42c0b7a59d2563e1bc55b70d4baeffb2a526e9991d042c7174d062cc5,test,D
Phoma/3 (1494).jpg,0cf2494d7c9489ae1f93599c0541084876e71969aa4334a42fc8d1439d823317,test,D
Phoma/1 (151).jpg,0d1860166428cb5243be4ccdbc4ab06c7cd874ba85217d56772eb832a4e8bd82,test,D
Phoma/4 (283).jpg,0dae235d601ecbfa60c1b3eb07ed7f9eaf001e0bf839ad0c7a0bb969ec4ff0b5,test,D
Phoma/1 (392).jpg,0defc652bd1c7d96e270bfc4645b25586be9dc6090a3b54cac0715617538edba,test,D
Phoma/3 (1233).jpg,0e4a8027b7ea1e3fac6ab6bbb29610eb470fca4a6aac8bb846670c86021ead2f,test,D
Phoma/3 (1391).jpg,0f26ccff093aefd38a26f21eac86644b71d2c6cf9b229554544fdf7efa0132d5,test,D
Phoma/2 (407).jpg,0f53c446ffef5233ac0efa2829b483e81b9ffe78e521774d8ff1aff1b8a39342,test,D
Phoma/2 (192).jpg,102b9b641075c40a8720010dd6a9494183df4ff1567759a071d16548efbbea3e,test,D
Phoma/3 (1349).jpg,10f8896e891533fcad90c0742184ecf90387716b4bc1901a0030669fa0b93952,test,D
Phoma/4 (143).jpg,1153c76dd5ea6578c08d2884cd625303a4ddf7126ae6c28a2610ddaa6e17ad3d,test,D
Phoma/1 (193).jpg,117590693174547bf8986efdb2cecb59b6258e5e8913813f67851427ac06fd9b,test,D
Phoma/3 (1037).jpg,120885bb277e9989bc416db923485c44c55ddde1846bf0e918b0d44e9d117c2c,test,D
Phoma/3 (1055).jpg,126092c651542e888ff61a6d7dbf7e35c28a181d40df244abfb2af50c2f2d8ee,test,D
Phoma/3 (1283).jpg,12c822b43c4f24ea24c81df1e2362a404ea294115ad9dfc893a72856036d26cb,test,D
Phoma/2 (823).jpg,133d090bfacbe94ad3abfd9d464e8df228e684d4e235e4dee50c26ccc1c5330c,test,D
Phoma/1 (316).jpg,13d27161bddd105efeb09c48b871fb1d713e1f4c1db02b2d73e07a95cd212384,test,D
Phoma/2 (558).jpg,13f005c7e15bc72ba669d5f817a53527c9790d68c46a419e5098e059c5d67f18,test,D
Phoma/3 (1022).jpg,14093d6ef0227811d68a97b59f02bc5bfa99b78f063d9494df879c01907fbd96,test,D
Phoma/4 (228).jpg,149fce6310a2e6e0002777a71b85a249d4963c25fcbf8d1489ff221c20eb4717,test,D
Phoma/1 (140).jpg,14aea577441613eef815a9098be04548521931d6c81afbbe883504772ceca588,test,D
Phoma/2 (551).jpg,15ea20d995a9ec305ccd1937dbb6be902cbac35f24f9e93c0b70b795a7d4d5a3,test,D
Phoma/3 (1051).jpg,160e015e6c9b44bbadf17ce3bfab94302015d704f256981f177d64943bc534be,test,D
Phoma/4 (613).jpg,162e13b0356c4cc3a01da215ad0aef74be5175637fa4306158053610d31df879,test,D
Phoma/3 (1313).jpg,16826fc9d6f70922e538ee480255185c00ed917a35bb4f01b862bdd4819a7dfe,test,D
Phoma/2 (336).jpg,16e13e6398fbac8fe7dae8de630c1412aa9b43e027cb4feafb1fe21f05f430b7,test,D
Phoma/3 (1023).jpg,173f0a0ac28bb364ccfff85d2f9976aa1d652e359f8cf7b5a31054064acfbe1e,test,D
Phoma/2 (306).jpg,1840cea72a74c75c2a5d55c362ee58d76daf98aa87a4d947488c0959d31e0bba,test,D
Phoma/4 (379).jpg,188a95177bfe3d2f84a461f473241791753adb0dfb2c5caaed991218392e9d31,test,D
Phoma/2 (186).jpg,19790c2afb4814c424114a0331f79e012f5366db5e2224e49fafe3e28ad98de5,test,D
Phoma/2 (220).jpg,197dd81859ef3409af0857dad1f631d89c83f0f8bccc096b0e4467a09143ce16,test,D
Phoma/1 (434).jpg,1a85155aeb98fad1b0eadd5632c22fda0c0b5c446432e6b87c3af4d6dcd69c2b,test,D
Phoma/3 (1338).jpg,1aaa3d2654916f177e9c0f13a4c5ad4c2e8779998b47aa5519e7c121f0c6c695,test,D
Phoma/3 (936).jpg,1aefdf9d0f10d9131d09b19411a8d5f36061616f1d7ab2471008b299ed0e968a,test,D
Phoma/2 (148).jpg,1af840ee84414492dd1751f688ff7c586cec7958c29876206e8332c05c442f0c,test,D
Phoma/3 (1281).jpg,1b4d65b39ea9af6794d6894e301fb22f10b379b1bccd6a91bcada8c7be3cd0a6,test,D
Phoma/2 (296).jpg,1ba49bc218917b63fef326e77374649142947d23bf5ef35e0bacc14dfc4846e7,test,D
Phoma/3 (1389).jpg,1ba4b35aaa60e1d61a298090439d5228373ef05cc2e54fa5b3ec6678bcb5b9f7,test,D
Phoma/3 (1035).jpg,1bf286db746ff92c3abc3d1931c20a5a96518aaaf33721dacf52aacaac3e984a,test,D
Phoma/1 (380).jpg,1c12e0bad6c2be2b59508cc29e2c25bb230c856b6d2322fcb8f026cefa5ec097,test,D
Phoma/1 (152).jpg,1c84d38284212f645bc7ac3b4003949af3688d3832d3d016c6923726a11fffc2,test,D
Phoma/4 (437).jpg,1cd84c2ec78ea6f46eaaf8306ab7e9de45294984b78a455a5857e8c08d19897c,test,D
Phoma/1 (153).jpg,1cd93e9ffba918ae10ed49454b092c87eac84d97a0a6714b2831e06f03c5ba79,test,D
Phoma/2 (144).jpg,1ce0ec3501cdb9d5c5ebbb5b3dccda4d24047c2f4c8617f01572610c5b0f76db,test,D
Phoma/4 (331).jpg,1da114303092040bf3bfab3450c3815ab3ceb0ea8986bfafc834643255b395a9,test,D
Phoma/2 (12).jpg,1dfc9bddcfcd090894da3bcaadd2b3914cda4b04473979e76799a13c0d5e367a,test,D
Phoma/4 (102).jpg,1f83647ac01262c5bfdc34d8d4d51cd709f4d4fea02861ab794198f54f735619,test,D
Phoma/3 (1189).jpg,1f94bd94109a4fef365a7c9dd85383dbf21c8047ea7e295a4e5f1d9a23387a82,test,D
Phoma/3 (1469).jpg,1ff74980a34b45c0eaed5313aa71c598b199e554a6ad0d777f7e2475094a16db,test,D
Phoma/2 (486).jpg,20516a42f3800f4246eec992a5f24b800738674cc795307fae768acca948b748,test,D
Phoma/3 (1388).jpg,20894700d35e7b58849ab8cb21613ef93a0de6aaf57a23efdcf62882afa6d0eb,test,D
Phoma/4 (107).jpg,20b40f083eb94cd16d9a4760216e55c1abe40f1df50d2d865f81991527ce83ef,test,D
Phoma/2 (588).jpg,213126d9a703d7a819a2d10dd343c7ef80422d9514853a8076dbb355d3e3efdf,test,D
Phoma/4 (446).jpg,21ca220030973abd5750d2a5fde85aec6b10f085f1b53c9e0f0d1d4b3ecfef4d,test,D
Phoma/3 (1054).jpg,21ead9a95bc0a849c4c004d21e85ebcb80919d64abdb829422829a3d935d2717,test,D
Phoma/2 (297).jpg,2231d8634847fa864a2242839d28c16cd50718b797d37b57cd16d6b97733339f,test,D
Phoma/2 (559).jpg,223ef76c4c26bda737e178541599db3df8f2a0cdc8c7692878ff3dffade3ae68,test,D
Phoma/3 (1275).jpg,22a9461874d093d4d6b60b60b1649cf4b6356d513fa7ebb6e41ee08209d3a045,test,D
Phoma/3 (1010).jpg,22b25f12b6ae3db770793aba5b84f84bc872e03c31509b4bd81ecbc13c245893,test,D
Phoma/3 (1133).jpg,2300a0da1b97476651dbf7b052196961a15d287c7636740f2fd9f1d6bc3fba8f,test,D
Phoma/1 (219).jpg,2375870b73fd8fbb954da34bc0723c331523cad9d4fb03caf7849c4eafcb6810,test,D
Phoma/1 (13).jpg,237e7a972fcf6168256fb2c0b7214c4df6b3dce4e81d82c8d0c0e9875624dc69,test,D
Phoma/4 (145).jpg,23bf99c249edc602d660be52521d9bd2d72f8ce671a27e6f50a1784bcd8a00d2,test,D
Phoma/2 (469).jpg,247d08dcf2a5b55b88750348fde9558d3f2003690af55f963ba57e8fa9ca9783,test,D
Phoma/1 (370).jpg,25013c73ae97890a451e23645f26a49efd4a57509cbb6da9d763d9202ca7bbf7,test,D
Phoma/2 (232).jpg,255ccc0c4d40a7fce07f895888256cec2bbd780db28a1ad2b8b1458e862540a6,test,D
Phoma/1 (565).jpg,258ddeadd698414c75857f311c82bbea149ed08d08609d69d70f305ee628f5e1,test,D
Phoma/4 (103).jpg,262b32882095a5437d0eaba766362802cfae1eeecbe0da636f4389c4eb5dd701,test,D
Phoma/2 (101).jpg,26665fcc42f515292abfcc631113c48614125ddd39dff67adb06f0d8cca2f02f,test,D
Phoma/3 (1387).jpg,26f04791b884d17e0115053503d42a3796ce34b51318713521523d52eaa8f401,test,D
Phoma/1 (527).jpg,27760d53505be5f75b088aab0ce16c6c44cea770479caf8dff867bd5914df2b7,test,D
Phoma/4 (373).jpg,2839428a231240bd53d22036814ca2adaa4773a5445d5a776385eaca48b87c2a,test,D
Phoma/1 (330).jpg,28a0500732cdb869df88c83859af7fd83fa4fa804fed1224a1b8e06b176cf203,test,D
Phoma/2 (153).jpg,28cfedb5b821619f29911d39ff0c52bb020510c24b114af0d777dafb31517b37,test,D
Phoma/3 (1671).jpg,28d45ceeca0cc4e0d2508e02cbeb51c55ebe72e92d7407bf9f7912c0beeae68e,test,D
Phoma/2 (14).jpg,28e1b022e3cc28f79eb12b4cbdf3a1dbb6dc58baa53d2485676a1ef82f13975e,test,D
Phoma/2 (672).jpg,28fd975fa038922dfc8763f049c8b915a3952c8ed0ec2a13fbe249b3ee313c5a,test,D
Phoma/1 (296).jpg,2917ff75b2b8b5822fcd79f91c9e4876b0739f4d51b3f23cb900b99a6154b22a,test,D
Phoma/2 (810).jpg,291b06685bd069aee864cf98a4dbba90c1f034340f45dd1891b9cebbe32451eb,test,D
Phoma/3 (1096).jpg,2947b4e5ceb8ed1c3a45fd2b489de18633cb3bdb946deda70401a1ba58c13964,test,D
Phoma/4 (392).jpg,2972d65fcfd978a19141451bda56dfbc012a534a33f1460f151d2bcc9e8edee7,test,D
Phoma/2 (560).jpg,29d750543b58fb7393a893a5a390022d4a8cad7eb68d77d15354a4382086fdcb,test,D
Phoma/4 (133).jpg,29e0dc69fa362e585814ffe3ddcd0222016251512c4470e29feafc228a1d00af,test,D
Phoma/1 (16).jpg,2a07d608e54d280c083746b526348c3c973ea6e4535895d686dfa14ebd86b104,test,D
Phoma/1 (551).jpg,2a71a37b857c2f294ae96d5e32048451b9b9a91be2f51f013350a918cfc7ae02,test,D
Phoma/3 (923).jpg,2a8df477b2cb32173d1c4ece3038fe29ba13cccf5a9bfc017701793ec6c04b53,test,D
Phoma/3 (1468).jpg,2adadc4a14af12f7b34f9c45a4c41eab652e3baf19b6f0257c181deaf2ad7abd,test,D
Phoma/2 (398).jpg,2af0c024488320f6aa7d17afe26c4d972148284980e9cf38907687738f68d282,test,D
Phoma/3 (1284).jpg,2afad5e25c86abbed50a4c99980b863afab43de0f2e08b754387e66740b85721,test,D
Phoma/2 (379).jpg,2b3dddec63bac7c885aac44b813a3274250e4ff3672af8124be08a586b14fd30,test,D
Phoma/2 (647).jpg,2be40168038ae2246af390422b2c9d20863dfe0f81e7b0ee01acaf4109b60b77,test,D
Phoma/4 (330).jpg,2c0850955229dbad8aa4a1c179b14f028d1365d91db1ef77d97fb5b185e0f3a8,test,D
Phoma/1 (294).jpg,2c288375f22ae7ae79a542ad30772981652a8ef19b241050f4dead4ae36cd5b7,test,D
Phoma/3 (1258).jpg,2c3700c23c2ddc2219362e59083eda798da25d8956ad3c57d033106aef45229c,test,D
Phoma/1 (382).jpg,2c6b6cbdbda19786c32462a0d5f61215112960b09954d931febc591999ca119a,test,D
Phoma/3 (1043).jpg,2d39471642f5831b31bd9eda416a9213b735f3f61988e211a89ba8a5ec8f6a39,test,D
Phoma/4 (184).jpg,2d7fed491e6e0b55b21d06fc0ea54412e42d07be3a84b7cee35c9edeee4ffa59,test,D
Phoma/1 (435).jpg,2eece0a2784205d58244d9001f19c307c4845eb78a9ab6c7c878172b5b6579d0,test,D
Phoma/2 (11).jpg,2f369053b06dd8f427e2c3fdf8c694e6560975cef2c0d0624586f7f2c467b0da,test,D
Phoma/2 (152).jpg,2f47ad103602f5b544a6c57082cdd083239f27e0c56b6ea0075e89fa0b16c675,test,D
Phoma/2 (115).jpg,2f47d061b169782fe519e90ec63cb138725ec95654509b77d38be225805fcbda,test,D
Phoma/2 (103).jpg,2f5213e70d0bfc0ebdbf7b89640f75f3af82e24b056f36568efe29b505e22275,test,D
Phoma/1 (604).jpg,2f6094706593af6a6d4eba4cc1b1c7535a9bbb2f87552088df7c7d4facea9b02,test,D
Phoma/3 (1000).jpg,2ffb44865375dbbe06e7bd37458e031b447cd4aafe6455d02d39fa94f5bf1887,test,D
Phoma/3 (1465).jpg,3092a304efb7c084b59f080004fe7d282dc16004cb725b4956e32e675d4903c4,test,D
Phoma/2 (435).jpg,30ea6b021e5db046f45c2ebb7649e0c0fffc38a60f19d8a3b104a2ab942416f5,test,D
Phoma/2 (354).jpg,313582e7dd49b863da6c2154942e6b330ee33fd726e1f310083b72da95a1bfe3,test,D
Phoma/2 (873).jpg,31c1e854fa5a115af430526387f93934d5f840a1c73810ebaa5225a1a4cb6d08,test,D
Phoma/3 (1296).jpg,31f6df783a59fcf089669942526626f2ed2934f28ddd06ce6b729b000c2eac98,test,D
Phoma/4 (433).jpg,31f7ebb8239b6f389b4fa6e65446a4b23ab02756debb427aff561a51aaa45626,test,D
Phoma/4 (586).jpg,3205927b80d5b10d5beb6238da918b5238cb2cfd02be026a626599d63c9daf76,test,D
Phoma/2 (23).jpg,32237caab710524ad8d2d267eb24e516190d2a1f95314e32cb74ea1a4c01ba88,test,D
Phoma/3 (1350).jpg,326059ac74a6a15473229c84accbc2b731688634c3e6d99c716b65230452b518,test,D
Phoma/3 (1240).jpg,3281109f8e4c799fb2630d6543eb9853fbc1e6d48289661b1cc13637296ad223,test,D
Phoma/2 (183).jpg,33823b1a9a4a9ff9c3adbacb0ecfe59b26c85742c7ad664f3cc65980f814b500,test,D
Phoma/3 (1390).jpg,33ddd26f033d6e6f5f0a07cf4285f8b446980d9325b77c27fdc5eab754de6499,test,D
Phoma/1 (327).jpg,349594ba42fc7933f9df8ebde639081ff20aee3900fcb9f7df87033d8c48d365,test,D
Phoma/4 (139).jpg,34ec0a6dc42b61c2731d3646fedfc3fe6dd4f682947e65ab2e3bd6b52e8c81da,test,D
Phoma/4 (229).jpg,3504190a15a446cf6840c0010209506c89edc9d04e9b038ae60aa95c351fa4de,test,D
Phoma/2 (316).jpg,35e938b29304d3e9fefd631a0c065333e5ab373d7ec8c044dc10e188668a1032,test,D
Phoma/3 (1089).jpg,36554bfe290aa122ba1e3e14e0a48d0a3a7dc4e3e3efbfa06419c8bc70660fb0,test,D
Phoma/3 (1163).jpg,3682ae47ca33d72f12a088ee560fa20152fb802a91e9865579400636c6d7693b,test,D
Phoma/4 (470).jpg,3685aebe67c3a08eac3617c39ca0c4036561bb7d428b5c32d2448c17e9c99332,test,D
Phoma/2 (555).jpg,377d57550d81ca4b036d363c93284b944a7143a7e8e86b04f8955be572fd2aac,test,D
Phoma/1 (553).jpg,379269e61637ccee0998ae0bbdbba1caebc504e36f0c6ea7de08e216b7681dc0,test,D
Phoma/4 (334).jpg,37f4337d2a7e311d01bee56e88a29c536566c963ed9fdbab58746fb899967074,test,D
Phoma/2 (587).jpg,380bee20f2285d601e6f4103ebd54abe3309faad5e4b28a3094b90200fb57f6a,test,D
Phoma/1 (383).jpg,382010e85c9ae3f841144451dd928966f312e187bc585e5ff79b6d9803ef0004,test,D
Phoma/1 (102).jpg,38bc166fad61c64eabadcd9f48830fb1ff0007c723a0e46f40e0537ae7a19266,test,D
Phoma/1 (261).jpg,38f8dacc66004ce722a9cd39cb6b7f6e5c2498d84dac575d2b00875a133cff0f,test,D
Phoma/4 (315).jpg,394172ad5157df60563e12084f7fbbd1115e43780898169ac527063f532ef446,test,D
Phoma/2 (134).jpg,3946110733e9abf532baed20c9a3a3fe3bef810cb818584c5d57aa98fea24f24,test,D
Phoma/1 (329).jpg,39687c35527c6531f5570c1b7c9126ec4345ecc3f75643ec7cf1da8e29bda523,test,D
Phoma/3 (1190).jpg,396ed834b02f20995406857c459dcd516a3a0bedb3fa04c9d8d06b9a48f8e367,test,D
Phoma/2 (22).jpg,39aa03445b1efe6fbdbef0c93b057d002d5b07db79fd973789fe163aebc96561,test,D
Phoma/4 (317).jpg,39e65b51aa838d25668c393e8076aa07cde4a89f64b6698a96247ea996f343d5,test,D
Phoma/3 (1311).jpg,3aef389b74e709a945a94fc6b52c6cf45fa823a2230ea2ec51e5a8610c95f7a3,test,D
Phoma/3 (908).jpg,3b3fa199c096ec36326641160e775cff42bce18d86eb2dd495924cc4113dc9e5,test,D
Phoma/4 (287).jpg,3b6494676496e89ce80701d7a9a4afa1f5bba703de676dbe3458ba66c5153a88,test,D
Phoma/4 (261).jpg,3c91bbc0650a8e87e175a84abcba843eb51f6a8dccaa420a93c68883d50c638b,test,D
Phoma/4 (382).jpg,3cab80645f54d6978fb4fd5ee47c7d7eb91078decc0c00c9eea43e5f33b1f458,test,D
Phoma/1 (139).jpg,3cfe84a78ea0131ac350191eb9630c59fc46e20392a22a0c28a36c0236959141,test,D
Phoma/2 (149).jpg,3d10e9094fa3220fbbaf4f8264748f41078cc77f77231ddd8be63e6c6353c203,test,D
Phoma/1 (898).jpg,3d57bb479ec83c5ac991b04f97cb548b190b8d1539ef09e4bdf3cc35050cc055,test,D
Phoma/4 (284).jpg,3d5b48b35580981bdbac53462647c2140b585fbfcd2714d9ba4834275583ed59,test,D
Phoma/4 (590).jpg,3d85e7dad2c33a1a99b9d041ba075e0397fefcd2761de529ef818e0c50810103,test,D
Phoma/1 (183).jpg,3e22ec90ea26413e44696faf040ec08411516b98ce77e81f1494681ba1bf3163,test,D
Phoma/1 (225).jpg,3ea1930fb822a0f2bcdd0c9cc040af95d7874a7f4aab9455390e0633ad43a1ce,test,D
Phoma/2 (338).jpg,3eea640f2dc62c3231d60d3aba0ee5031fa55e83678cbe07c65339b00c26f779,test,D
Phoma/1 (297).jpg,412c90d3a90b7977debb3633aa3d036daebbec333cefd688900be0b51777d742,test,D
Phoma/1 (257).jpg,4181d6a16edecfbd346d061faf70c0d5481a48ff60054bb9b1e520afb587a652,test,D
Phoma/4 (370).jpg,41d5176045793f0e99da66212d9891d762e2ddcb004a41a95623a8c2eb6bf925,test,D
Phoma/1 (544).jpg,41d58c1a6e0aeb796f95f231f57a53178be216619f2a3799720ba4cbf4bd36a8,test,D
Phoma/2 (150).jpg,42b8c6e1678e690bc0b97d8e50002245216e8a1adbd8d7322b31abc64fecbef0,test,D
Phoma/2 (604).jpg,42cdff7e32c3e562bdf1ed256f247a5135e0dc6549ae46519c7c533220fc8246,test,D
Phoma/2 (329).jpg,4343351564d89d6736019d2468c1e7ba337936df167bf25cc87ebe56336a0bca,test,D
Phoma/2 (380).jpg,437523597764cec4ededc93c59e16fd0eb1bf6a84595a593e8dad3aba1ea7087,test,D
Phoma/2 (471).jpg,44699213788433b1af8192e9747ac527f262837efc8504d170b7e8fe9a20af08,test,D
Phoma/3 (1187).jpg,44e7e870ab287117aea1631e95d34e993ef419cd7a88c827e6d86e322462b917,test,D
Phoma/1 (436).jpg,4557ab9c54c213a17b00e7b9e6beaf44904e3997c31ac688c28fd3d82744b212,test,D
Phoma/1 (921).jpg,45ac0e757c95a204ea807095b266b07960881f2b9b6d636eb7e489632be1d9e5,test,D
Phoma/3 (1374).jpg,4690f0ffaccb95456751b6348110160cfbe34c031725b787fdd3a2b9765b8eed,test,D
Phoma/4 (559).jpg,46d24b9739ed5cc51990f958ee76cc4685c1106e9c448645e83a9d38bff53f4b,test,D
Phoma/3 (1340).jpg,46f4ea0832135e98486aea9e1de53d045241a5109d7ec918c8bfa5779f030833,test,D
Phoma/3 (1551).jpg,472801bc56836d1feb2c50cc5891d2acad855b541702113276ac7aa0fc59a9e4,test,D
Phoma/3 (1426).jpg,4757fed2e1402ad3f2f899cbef0f3563f7deefdd546514463a26f8554ee220b6,test,D
Phoma/3 (1049).jpg,47d24bd0fcffeca6864b2f595425355f335c31bf67b79d26bfb072f8432a6cb0,test,D
Phoma/4 (140).jpg,4818fb7eda124af4f14ad49c1e535a0dade2ec02e4b0693d8a34a9bbce06f292,test,D
Phoma/1 (522).jpg,4845cceb6b6fe76359a91beb10cf03f723c07613f7d9f6d87d4c69820e0f4726,test,D
Phoma/4 (371).jpg,4915844158d18a93d01da38a31c0e31f783fcb39ea3a271cdead07b5490c8612,test,D
Phoma/1 (561).jpg,499a5ff83876abd51d7b4c9ef15fe213dc826b0ca7b33bd3857de02fee2cb022,test,D
Phoma/2 (565).jpg,4a01a10ec9fbc979aaaf8ee6908b86474f1944bddc322ef45f0a57f43d7a88a1,test,D
Phoma/2 (372).jpg,4a844eac8d6b49e19e3a88e046ad76cbc1c9aca31febe5af37792f8f14e6be97,test,D
Phoma/4 (14).jpg,4b37a9dac9ecef293ca8b523bab11d8369657f52737a7dc078e42ed3cbe685b1,test,D
Phoma/2 (194).jpg,4b6f65feae51789927b1a0d5275d031f04d4c9bf0a8dafcd988abd344d0ac55a,test,D
Phoma/3 (1678).jpg,4c275fa7ef34957cc30ed4f419fecf1734e2c6c733711e20f5324d4fdca484f4,test,D
Phoma/4 (12).jpg,4cd56bff0fc84350be0a0c5e43bdef85c8d061c3b6caa584c70917930f885a92,test,D
Phoma/1 (672).jpg,4ec635f169e28314aecef79f977c8317385b94e298c3405f33e8d90cbb1016eb,test,D
Phoma/4 (809).jpg,4f90afb0d3fbe5d52c7b4508020c109604bb422f4f0e043a22db97612758d193,test,D
Phoma/3 (1428).jpg,4fdbbc63c5974122a31ee88d1636d00baac1a824bb1ca3218560b1ede2280063,test,D
Phoma/3 (1197).jpg,5002d5898192179bd3afc0a0d4a944cd586f90006284cec47ddff7f670311220,test,D
Phoma/4 (150).jpg,50086fea617c0f140ddd4115e2fbd38a084fc051b685638774537ef9c071d7de,test,D
Phoma/2 (526).jpg,5028fdff5ef8fb6e810e2295dbaec97a64b28e0749c37c50d88ffe74c332b23e,test,D
Phoma/3 (1164).jpg,505213c619bf110ab6c5d186b98a62d6494aed7b52e2f2161734be2a64a61576,test,D
Phoma/2 (307).jpg,505c9494f849f62a366ae8c8eb71619853fcc821a735b6e17aa68a7a5f4fca04,test,D
Phoma/1 (398).jpg,509b33c3a4663f4809f9c4bf9c01fd6ebb7f009929dc8c77fb752b69785cf509,test,D
Phoma/4 (915).jpg,5134b773d7f5097024682c11819dc35fd55fc5e29d512f47ac96c0b252af6ba8,test,D
Phoma/3 (1767).jpg,51ad8bc1d321f4a33d9818fd76819b8390eeaa713d6722b58c45fc626f0829ca,test,D
Phoma/3 (1727).jpg,522108fc2f38f0f0674d40d6f675a16bd51b92418a1d0efea3ea7362ddac7946,test,D
Phoma/3 (1459).jpg,526e841cea6ebafb380254368d4f1e3518d785d925a71ac255c94ac3d3874e25,test,D
Phoma/4 (183).jpg,534c2160c05e3591e23dc51d76af7d7f412316996ddacf4476f8a070974248ed,test,D
Phoma/4 (435).jpg,5395d71fca95d0d4427bf130c5b4ca970cdf28659186bb2ceef97fabf79ca3ba,test,D
Phoma/1 (286).jpg,53b4142fb1576b42466fa15a6d548915ea68462fd1f64e01d3e234c36f193e83,test,D
Phoma/3 (1165).jpg,53e2221ffe818fc163aaf440c14e3bde6e5794adddc3b74bf102f23036e54441,test,D
Phoma/1 (484).jpg,5427fc07d1ca54b72ea44118498247cf4b865db6dca536a9a99704c3a8d340f2,test,D
Phoma/3 (1221).jpg,54400569f176af12ba557475ab458b4677a68d3c21f8e7d5705a9affa50eb0dd,test,D
Phoma/2 (231).jpg,54af76b26075fff56a50b588ea75990fcbd6e5befdce00773eca7b7ec7a6f7fd,test,D
Phoma/1 (563).jpg,54d2b40aa2c81f9355387c613c731c42e2eeef85327cb7c4dbbb0fcff537620e,test,D
Phoma/1 (558).jpg,56317a82dbc670ec59b5082177ae2ff2d955059089cf940501ce703b31e96441,test,D
Phoma/1 (144).jpg,56651a8ede426cf83ef84d5a2b97e21a4eb6fe1ba0e1ff26e6a0c116449a2f05,test,D
Phoma/4 (369).jpg,56f8dbe97ab5a5235775943819a67b14c7c1b26d1c96f00d92734cf28639fe95,test,D
Phoma/2 (481).jpg,5783d3312c2a1541902f13ee591fa68c8652e432fc7dc2ab41ac0c85db191089,test,D
Phoma/4 (313).jpg,583ce333848b7f28640bbd3013d0d4c5847cbf3ac27e1773745dec7952e0063b,test,D
Phoma/3 (1161).jpg,5859b98dd1bf0aa4b1ee584755b870c1c98894cd6e4c712a046134997b0a80fa,test,D
Phoma/4 (335).jpg,587d854959776e95c578f0f17bf30449de155e508486e310084c722bbc94112d,test,D
Phoma/3 (1286).jpg,5a00fa6bf3ae39cc08b0c89827b47ced62f85d881c4a2fd46aa148af678a7cde,test,D
Phoma/2 (523).jpg,5aaf5775a07562b7d04ba7f2070a9edda59e488d51151d9772bd2b2589a5bbca,test,D
Phoma/4 (434).jpg,5b17d52575e0f6a5180b52939fa6236770328c8eb8a054a769cb9f84bbb3e2f6,test,D
Phoma/6 (873).jpg,5b80a23b27087a99b94b38f8c655d75fb446375d4a825a39d1e38d7f3b89ff6c,test,D
Phoma/4 (525).jpg,5b8985f6db32a15d3583f8efbdec7fcd7a78cbf2a3f16c4d9720786d839c54b9,test,D
Phoma/1 (471).jpg,5bdc17a219d8a795d480ff9f51cd0548a5188d609c2df775a23eaa2932c020fc,test,D
Phoma/4 (204).jpg,5c3af4036411a56328dbcaec9316301a690bc51d3391e57b6554077de9cdaf2a,test,D
Phoma/3 (1086).jpg,5c760cf16461fbfcb239d67036b7376db8be55c8edab11662f19c8bc868606a5,test,D
Phoma/1 (337).jpg,5d1c056ff8505013357dc8d43f8b8f2157bc68730cbc3379e22c3c4ebe66153d,test,D
Phoma/6 (3379).jpg,5d5f49e8164ce0ac70040d3b6adb872ae96e1028f93a36ebc5e0ab14bb3f2c8c,test,D
Phoma/1 (328).jpg,5db16218c5f16357f48444cdafe39199a125fe2d3d83af9f2a118442093f6f2c,test,D
Phoma/4 (193).jpg,5e07fcfa8c1c6bc2137936c4c53a5b14e73be35b1aebdb5f308836a7bf84dbd4,test,D
Phoma/2 (327).jpg,5e476f21b3f695a4dc7d18cb1cfb2f4247126d20c435984050a74ebe328bf752,test,D
Phoma/1 (186).jpg,5eb276b742c542c3029a770db6cf04a719b09c13f9d5cbabb40d8f1f02b41e09,test,D
Phoma/6 (881).jpg,5ef83fd98c443cd1c764a0788c732b8e9d325dd781520b224c1f30c8ece440e4,test,D
Phoma/3 (1199).jpg,5f985798848ed9962882be060ccef2ddee98d487f4625d4792604dd838072da6,test,D
Phoma/4 (566).jpg,5fadf4ae5ba7d973b95daedb9135e122542d159ba23191685ed9327343a5dc17,test,D
Phoma/4 (383).jpg,5fbeee27efcdcfde444fa0ccc1656e9b1ce5f694316fa9e8714465335602a6ae,test,D
Phoma/1 (470).jpg,6009d6400197ac22e4e806abc44121cf054f2c4945218112fe40444e1c2ac943,test,D
Phoma/4 (381).jpg,60740983ff3dd4d10fb77847c86dd41dfda555313df6c571e111f10fb567fb92,test,D
Phoma/1 (433).jpg,609ed8e7d27f719fe9f6833d0bbd18174b28495b8e24508570704eee42104d63,test,D
Phoma/2 (374).jpg,60f9186fa5b825637e5dce9727e451dfbb95e8545d3821196b68a13b9b8b18f5,test,D
Phoma/3 (1446).jpg,6118a4c25980593712e9c9b0715712a128d66ba77dbf70c71525183c41d3a85c,test,D
Phoma/4 (316).jpg,614d4a30b4d2da64c12985357554cf070b0c72357d80858d674cd0c4931d59db,test,D
Phoma/1 (132).jpg,61580dd38ceeb200fd523eaf478e8b7df03e185e709d790e23f6a641c6ac26f6,test,D
Phoma/1 (143).jpg,61b1f7872a734d34b0ed5ca8793f0ed9c424221433525273621372aab8522aa0,test,D
Phoma/4 (863).jpg,61eb169d91b21ad33edc4ee8f23938ab7061a86f27e7651e00a4960a22d4f7c5,test,D
Phoma/1 (133).jpg,61f483e8f5d59702698d7b6aa1203be238754ac681f9ac97d2b401bcccd18462,test,D
Phoma/3 (1099).jpg,621a5810abaa291cee5261bf831631e2916d64ff07885c9cf08991babbb187be,test,D
Phoma/2 (284).jpg,62cca56cafaaa9979c617eb2e9d8875a6bc124907a109aa6d1287dfae129e3ad,test,D
Phoma/2 (225).jpg,62d0581b6db5d968bcad31b8dde249376556e25f6bbcdb67568eb9d4fe074cc6,test,D
Phoma/3 (1430).jpg,62d6d0f1adb5b03195988a2d996014e387b07e936d95e84d0f340061f6c61ce7,test,D
Phoma/1 (185).jpg,63509e270c890b3bd31e1e5b1f817740aa52cc3306d0bedcf1da2dde33895b3b,test,D
Phoma/4 (293).jpg,63614d3a6da6ee732e965f8fe2cdbe450eee543f4423f56ce92581c9b4fbb434,test,D
Phoma/3 (1802).jpg,644498d71b086fbdd99793ec9bbff62a5e4ed3b9c3374efae4a44d8662a3bcce,test,D
Phoma/3 (1095).jpg,64988f9c75fcea2a4d44a1ebc83b8805c34c2e77607be86ee4e898d2d53ae390,test,D
Phoma/3 (1447).jpg,64e4eb745be5364347dc904ede7f6195984e25fb735ca6ba3aa22a15659d71f1,test,D
Phoma/3 (1492).jpg,64e9c1971edbd04b49dbdb58d80b29748b73b0ff369c59eb916e1c2d19b0d50a,test,D
Phoma/1 (354).jpg,650018a3f8b4e53d613e4ecf617767851342bfd828e56b2642be94a58f148baf,test,D
Phoma/4 (380).jpg,653a1f0fdec7aba15a88c4a7953728a9157801541573cb6bb7fca02a6e0f65a7,test,D
Phoma/2 (287).jpg,653c23d234d4dab78a957e8b187513a6565a8ba292bb2f95c82ee1194b9bd296,test,D
Phoma/2 (566).jpg,6588f9c12ba830411c5d6df828ae0a9d825d2f1ee432593d2d06dc6b9473a6a5,test,D
Phoma/3 (1219).jpg,65c64c91136d8dc2b0edd26d84df78728c2a22502e04c4751b1aa9f990253f04,test,D
Phoma/2 (590).jpg,65f2335bb941ba8dd5729253c347826d3115f9a9c6752254d3200e68ccc01984,test,D
Phoma/4 (326).jpg,6727581b9b68f26fc190c9c65fd5667be14c4fcc7495e7bbfb531c1e39b32087,test,D
Phoma/3 (1273).jpg,676050c32d030524adfc512e42120c253a577aaea8cbc53efd8d4ab7bbd74c52,test,D
Phoma/4 (15).jpg,6832cfeb45df225bb74ae0ea600ce802452de1dcbad1c19b33aa3dc5bd98540f,test,D
Phoma/2 (317).jpg,689c0e52ff75745dcf9e71723cb872a114f1b11fa2510de993901556f49bce95,test,D
Phoma/4 (337).jpg,68c907a006ea8c10862044f60d539ec17c0ccc4871085ef6cf7f3efafd5e4724,test,D
Phoma/2 (41).jpg,68d600205a513b16a364c566665c7f0b3eed73c25807e750745852cb599a02fd,test,D
Phoma/3 (1529).jpg,694cef2fac1d00a05cde9a916b140a73ed58523b9e90ea6d584b397a2795e363,test,D
Phoma/2 (145).jpg,697e7e1ca543eaf30b3470ea9e33b6cd03daed349d9ab7172ae20ed9b6faf391,test,D
Phoma/4 (543).jpg,69a5da3ed99fc90e5c567add3803f97dc8aa07e2da0e2ec7abe0cc05ca30b85d,test,D
Phoma/4 (487).jpg,69ec94934f1ce84b3d5421fdd90dbf9b3c2b0417153acc013e8386ff62a249a5,test,D
Phoma/2 (311).jpg,69fd0bdd06974e67fa82bcf45ca5f241133a3a2cf084e67508b5e9e3c4271953,test,D
Phoma/1 (334).jpg,6a8c9e07697e371a12bb4b4ed6f359841958a4c086f5ffc90e430047b0f2beac,test,D
Phoma/2 (552).jpg,6ad1dfdb4ceb6406573bb559dada4c724152e72d4d143a06f9a0e990304d6c35,test,D
Phoma/3 (1463).jpg,6ad5dba5582c76989681192148979d1cc400ac5c67abe07ab2624d7d31cd68ca,test,D
Phoma/3 (1467).jpg,6b3a3667d647497147f79ef2c151619937d21d566027e660abda4dfd49edfbd1,test,D
Phoma/3 (1458).jpg,6bef22d79bbc0f94d900c634c5c7bcf203bf0c2507774f1f1215092b25ea3f64,test,D
Phoma/4 (522).jpg,6c838f200b31f05c59d0fdd1012476b9af7f71a280a48b91ce1ec13a5aba4095,test,D
Phoma/4 (285).jpg,6cbbd8f4e2fc4f4120ffe7607f68441f6718ba61f0389c6e6e2b960ea88075f7,test,D
Phoma/4 (562).jpg,6cf22e086ac75346088984abf564e566f54e6e22f7e387955dcb96cf808bba77,test,D
Phoma/3 (1819).jpg,6cf5f8e7858e707992aae5dfd263a5b185af7128fd370926e93b9535cf6ed64a,test,D
Phoma/4 (148).jpg,6cf884bde23dc5aee3db874adbd31d8f24dcf280c284da18d0851909b4cb4cc3,test,D
Phoma/2 (195).jpg,6d09057e2317fa3dff5e67052e33ca7f0bee478ca5207a218511ae99682f0da9,test,D
Phoma/3 (1455).jpg,6dd9541c1dab13e253cd67ea0e2ece34df3602748079bfae7ab20e0da3bc753a,test,D
Phoma/4 (447).jpg,6e4241932538740421066531c0d221241935b477ef1dfae8096533aa003ace7f,test,D
Phoma/2 (608).jpg,6e98fd4903fd182faad0a10e58864b93838aca1e470df575e2f4b1a2f039d789,test,D
Phoma/4 (152).jpg,6ece54700e9c704b37347a649e3ffe417062e50f34e5c3b9f6a501ec4961e667,test,D
Phoma/4 (149).jpg,6f49504a93260e2846452e183021a5b8d30361fb0bc8e134748a8c65148df67e,test,D
Phoma/1 (107).jpg,6f87c13419f6e2f163d0e783a97b4b7641d1c3b0dbe2b012783c8d0dfd0940c8,test,D
Phoma/1 (625).jpg,6fbab75733405ab5cd3a72ae1ce9b86ffe6241221c6e7d8df0f2b3f2cd1713dc,test,D
Phoma/4 (195).jpg,6fcd741b4778b139b9e48d937a653b9f037d01e19590cadb0a1ef1a2303489a9,test,D
Phoma/4 (589).jpg,71442964501bad9bccfa1fe7b6475645e479299b02d27e803de95a530ae73ccd,test,D
Phoma/2 (286).jpg,71ab40732d10d4b6e81435eb2d804a2d568c65d62ad4921e5c5971e3ac95ebae,test,D
Phoma/2 (392).jpg,7215ab84814bbe907d9eaff04f655814375c0f9ed57d5ea44d15d2f2a16a590d,test,D
Phoma/4 (329).jpg,727b404846a6c0e2192c881e53586541b26624e3327e4797a1c03031ab718d48,test,D
Phoma/4 (485).jpg,72fc20cf6f97a4bdd4fea7ce7afa72f2403e578b32f77fb85325014ebcfc486b,test,D
Phoma/1 (335).jpg,73b96ba23b7df2b38cb5591e822513773ae0f72f2bf69303df71d4bed11811e3,test,D
Phoma/3 (1021).jpg,73f6031bf879b1def4da60651086b7401a763c7e714939c09b535ce38d199871,test,D
Phoma/3 (1235).jpg,749179de2f3d0b3f58bc711e443c431156825b28c3fbe471e59cf7571530089c,test,D
Phoma/4 (132).jpg,74c22afc906dc0e63c96a21244780602c12528814e371bda4b459136e369f5b8,test,D
Phoma/4 (542).jpg,7581ecd381a9c515a1337fc09c72f4750b61f20ed0a7141d8eabe94fd2805c57,test,D
Phoma/1 (15).jpg,75b5b99203591f8e60494989eb456d2295a7cbfbdc3a234d80f1e9c091562e5e,test,D
Phoma/1 (608).jpg,75e6f7619ad2d46fe93ac6b49f651071598c960451190cf64a86687b634be04e,test,D
Phoma/1 (148).jpg,7669305d70e08e1c762629c2cae66d9b170e897f23befd544f6261d15c69679f,test,D
Phoma/4 (260).jpg,76d7a67429399f62c5d1a04e27307cc83b5ad062d1fe4a3a9121854cc8068e18,test,D
Phoma/4 (372).jpg,77d85f215a653cc52bace4e8ddcbad34dd5f075efc6324c99f49d33c470df5aa,test,D
Phoma/1 (227).jpg,780f27e7571a1792ff1d68d9d4322594ab750c5337591f3520ac394f048c64ae,test,D
Phoma/3 (1370).jpg,7a8761bbc353a018822c60312b054ee6fbbfcd78cba35a187e2f3471bc9b53e2,test,D
Phoma/1 (119).jpg,7a96de992ad6ba5d429d90aff7c7d135a1ef270d57512257c900770da7b1d81f,test,D
Phoma/2 (544).jpg,7aa3bfd365ac3437689100a77b5f9fb58ec296386b2f2ca89da289e97c59faa1,test,D
Phoma/3 (1218).jpg,7b08453dc29d4ee16acb08874e12d3c391c722a17d47204fc0ed249893185930,test,D
Phoma/1 (767).jpg,7b2eaa9b7eda962a56cd490afd446e09300d6de6042b1df31fe4024160b14c7c,test,D
Phoma/4 (296).jpg,7be04baee9662d2f522bc52c74c92898043881ab686f74dfc0f70dfbdfb18bb9,test,D
Phoma/4 (471).jpg,7caff1eed15f1580de56af12dee090f811304460ddd14273e9809e188f17ad1d,test,D
Phoma/3 (1241).jpg,7ce8e2665e8860268c1e358fe9bf06b88133bf83b797b5edf932c6a387d3ab42,test,D
Phoma/2 (921).jpg,7da7acde3131eff1cf18c45879bd217561b356501f0430f895a51b9b45e01a29,test,D
Phoma/4 (353).jpg,7dcc8b92c1a3305cf737bb950204e011b55212dbef9ce9a9369bbc59cc5be796,test,D
Phoma/4 (16).jpg,7dd067dd8ab149eacb1d9a087642443d5a6bbf8a5a6f21630c416bbf8df7a625,test,D
Phoma/4 (257).jpg,7dedf36f18419cdeecd01b02675e46701bea9e097170a1f933076b83664b23db,test,D
Phoma/4 (544).jpg,7e5ec5e8d61b43a002e643febaed526e856f4a115ef865b2555154da77d1eac3,test,D
Phoma/3 (1036).jpg,7ec98bc8c5cbe1c28860359c74639e1b015d659a3728f54deabc68d33f5ed4a7,test,D
Phoma/4 (105).jpg,7fac0db6a60e2891ddec9db88842731ecf3d6b011d106254e8aa5fbbf934dd00,test,D
Phoma/4 (1).jpg,7ff80c714cc4380184009ac8049535d03025187dccdb0c6ba53b14fd756c5b97,test,D
Phoma/2 (809).jpg,8014e65999e38102e43ac0e2e967d83a5b50c7b8e0d011252cdaddc2cf7b4c11,test,D
Phoma/2 (228).jpg,814a6e4da77bbc9fe6c060dd9163a6b0b139c70d5c2a309eb81f16269e2c0a17,test,D
Phoma/3 (1242).jpg,81638be13f7f7aa438bf5cf7079d7d5a486e4c486c1543e56f1e929cfd7d076e,test,D
Phoma/1 (149).jpg,8199af31d8fe1f391d0e316bf921f18f0e3e841cf5cc098cebe6ef4f8dec29ef,test,D
Phoma/4 (377).jpg,81f48ef6ef7f93e7476858b12af65e01dcfaaf2ff8f2247a8d2f6fcc21871306,test,D
Phoma/1 (314).jpg,82ae8e7064bdcb4604601e7c6429640915e9e0c0ba766ce5c48f5fbf7253df60,test,D
Phoma/2 (331).jpg,835b810570de60873f88d074e512db1b3fea12d53e5e80a6eb0fe3cc3e4355cf,test,D
Phoma/2 (132).jpg,839213a7ce7374ccd70a5b788673f6ac6da9cbc4a5b07e765ae1e28ae866e89d,test,D
Phoma/3 (1006).jpg,839db781b39315d4a0529b3b2c2124220df27750f464e3c256aa39566e7dc306,test,D
Phoma/2 (397).jpg,83ffad04077380482d736d5df81fbe74275d19069953c76da54942d080c7829b,test,D
Phoma/1 (295).jpg,84682d69e899dc956355cac5f12ec2b1a2abac1be6943699960f333daf59b65b,test,D
Phoma/1 (284).jpg,84858c791e0c8fd1c2026f0c73af559531c1c0990262e08082899dd2dad8cced,test,D
Phoma/1 (331).jpg,849d9033c446d9378781b717f50b0867148cec3a51bf1426befbcd14f4a46982,test,D
Phoma/1 (371).jpg,85969e26eb587d083c4f03fdf22ab141b11b59111470fc541e7ccc13831376cc,test,D
Phoma/4 (409).jpg,86292829022d66f32669dd45f1ae434db63725c854c7ee038ef0a5c617551758,test,D
Phoma/2 (117).jpg,86b856e23e6abc0d15d1a491ee49b1427f16df59d3e1432a1d0c5d4020e96feb,test,D
Phoma/3 (1470).jpg,86c126f40038d7a58a8255039eb0f6ef256bbd3f962f4861cc27b70f379a99d9,test,D
Phoma/2 (542).jpg,87130ac569732827af4bef4fe9d131770be5ea3c794b78bcfe32d398ff24e176,test,D
Phoma/1 (469).jpg,87505c7206c44a7a81f5e82fe4b27612383b14403ab6484899cd386e17ceb0fc,test,D
Phoma/4 (481).jpg,87ceb7933ed849f60809f948d406888e5f8105c4284cc72f3cc8317879c8891f,test,D
Phoma/1 (374).jpg,87d12aa712b3d1d9eb0fb3fed3dcec01a88b84bed98ca84efb6c47d8d4a6f990,test,D
Phoma/4 (117).jpg,886babbcbf7c999b2d84fa30f835e2cbaca855e6c60ffef35ced63828e579c41,test,D
Phoma/1 (635).jpg,8890561526435444cad6b0ff271d4c32a6a83bc54d6603279740f1e13d649b3c,test,D
Phoma/1 (523).jpg,8959d0a015c2eccdefbfec0d89f420cb2b8b1f80fcf77514ea667e2fc9169446,test,D
Phoma/3 (940).jpg,89ed48c03646dcc320d4dd92bcea49ef384e7d99f6f1e5e67645d78d74568e5d,test,D
Phoma/4 (921).jpg,8aae4ab680cd92298a4d3bda56c502722403b6eb6ec1e452070d0b11c5c950fe,test,D
Phoma/2 (107).jpg,8ade7077010542b0404f272096d1c944e2f269c7cb9838fbd3b427126d0ac666,test,D
Phoma/3 (1715).jpg,8aff9eed5e79f1742a049ea3d6f9e9a01afd19f8751ef3d06af2f495bba777b7,test,D
Phoma/1 (101).jpg,8b0fd969866e116206c5772c5bed034381841a172dfc697cceedf96571b5ef67,test,D
Phoma/3 (1341).jpg,8b8cba74ac5d7e77ebb2f21c22a1fbc43c0600e75a3339df48ea49ca194715a4,test,D
Phoma/3 (1191).jpg,8bcc9609b4ea89120ef8dca1222dbcd4b8ccb272da4c601bcb23150fbff1c5e1,test,D
Phoma/2 (564).jpg,8c0490791078f2e0f80b3b649b5d2180cbf9db25276abd278590d526aa9ccf5b,test,D
Phoma/2 (283).jpg,8c62c87e551e8b1901751f9dee79c10ebf8d06ce417578c2fb1ee279d2865773,test,D
Phoma/1 (220).jpg,8c8eae5a5f32ae2f6947691f6c8ac56546251648e03c6b8808e57e61196be726,test,D
Phoma/4 (327).jpg,8f10e5f012a53b0743ebb228d45e0d682729a586c8d3b9331a9e5d3a9838341a,test,D
Phoma/3 (1005).jpg,8f2b4ac9b30d26dea897f3b5eeeba7e413010bdd36e5cb71b91246b62f6914a5,test,D
Phoma/2 (470).jpg,8fe057be181feeac0b092e46127fd878ada372e5ed78cec2a0561de7183c99a9,test,D
Phoma/6 (868).jpg,903343338cef0648e82653c6011a83f73da23ab4f8dc0a52c5d0238c9810e14b,test,D
Phoma/4 (101).jpg,903c6e1372018f55ad00ce3fddd5539ab515f18fde7af4d52af979340fd2a200,test,D
Phoma/3 (1090).jpg,90655d92e0a179e9022b0c3a61089740568e82ac914d54a15fedb38488c414e6,test,D
Phoma/4 (220).jpg,9123f62c431f6370b33e87ac5a2b4b913e939d47bbafc0e15fcdd6d5c13b75b9,test,D
Phoma/2 (219).jpg,92abbadb659dfd82327c4e407766d959b9e46b36fb079586bc9014f1f6826bae,test,D
Phoma/1 (229).jpg,92e4574b86392d9aed34e3e98dcc4e4e6dabdf5fddf123c47460ae011f5c2f75,test,D
Phoma/1 (259).jpg,94fe07c620e59776d2804170cb15fa5b7056d4d175656b202434e93565d072d7,test,D
Phoma/4 (354).jpg,9541b8816e7ffc6564b3656a34c7365133edc94a559cd4479445849c48148e8e,test,D
Phoma/2 (635).jpg,95710612e593039951067360d7eb9dfb0e05bea787571dd21b09cd23c7fe2674,test,D
Phoma/2 (295).jpg,95aa45fc176ba7f9ecda1b4ab62173e3f0470cc9c19b17026936ce415538ce60,test,D
Phoma/3 (915).jpg,95f8e48a723ff981522525b6f8a25feb7923c13d68a3d66241b367b6f7282ea1,test,D
Phoma/3 (1).jpg,95fa6ca1f5f787f7c493ca7d02b7871deae24531a63fe52f0fc6a84eaadb3676,test,D
Phoma/1 (353).jpg,963f16f5045f6e3b4d6ca58ca2f6bd5daec89dc8b133014c5b543eb69b3d0e0f,test,D
Phoma/3 (1576).jpg,96889ba6ad5735e1c892122b5f67e17a7da063d2ad29ef5d448dec864789ad8a,test,D
Phoma/3 (1056).jpg,9729f898e6378af2e30d7ad887a5d03c8dde1f5dee2922d89f2101d737730379,test,D
Phoma/4 (22).jpg,979d81708288ab3ac77bd9894058f1304b9f6b9ca03d6bf8fbd7111a169dfb81,test,D
Phoma/3 (1047).jpg,97a0cf99c6f7eb257c43c174364dcecc3710fe1ab7d46e4e74e5f801cfb4c69d,test,D
Phoma/2 (104).jpg,97ccf0ab8df9ee0159631cf30bb1a5be928b591e29463f4f4ca76ce0a15b3fab,test,D
Phoma/2 (433).jpg,97f6922a636b6f2d60d98eddfd7de9abfef5c00069e2702b4fdce00efe552e96,test,D
Phoma/4 (328).jpg,98ae47cea1d8b43a196bebe5fea5e6ad248d1760a838267f991e87818dfd97cc,test,D
Phoma/3 (916).jpg,98f4441d4db55f0694bd3501a85cc5b1edb5c6c7468e226089baa293095f4a61,test,D
Phoma/1 (226).jpg,9991bd98dcc97f922ca3e6d322e69a7bd9ac82096b9dc79c03a27c39874cefb9,test,D
Phoma/1 (588).jpg,99a0ba75d094a3f51dfa796c1aaf1c62c2ee60b91a49615f6ca398d88870b749,test,D
Phoma/4 (106).jpg,99fe9eef0638b53bf07a1a315e8a29c1150ff9d52936c91a9457e3c7ea41f3ca,test,D
Phoma/1 (377).jpg,9a1e9aa8f3e8ba438aa379ee123dc9d002aaec3f95489a3a458a1e5a1604616d,test,D
Phoma/1 (447).jpg,9a4a4f8b6cf65cffa90c40336b047ba7f3c2ea4df2f4cfbca65a5b3e7ae850ff,test,D
Phoma/1 (773).jpg,9a7eb5e4626548c0435b86211b6c392f6e0e8cf78208f9f88dd4b3274aebf02f,test,D
Phoma/2 (437).jpg,9a82cde3eb29dea9e0e688a7d0c10a4ab831bcbe46d772ef051c54c9b73883a8,test,D
Phoma/3 (1312).jpg,9af01adddd9bf9c5b2e7eb2dbc0e7ab28fbafaa55f5ee093f3e3f4e51f0c102f,test,D
Phoma/1 (103).jpg,9c4e467ba863d39b3b54ee8592b50d280e0f0fea77e4c85efdb38e7e1d55590a,test,D
Phoma/3 (1677).jpg,9c9117904a1ef17e9cfc20abf958f3dd18fc5ec436f78738ddcbc424f7a4b4a7,test,D
Phoma/2 (436).jpg,9ea63cbb037d3b86ad4a5a6c2e3f83388629e4fb56e009091ce6a6a08050a264,test,D
Phoma/1 (204).jpg,9eae96117195b1d9ce01c82d8f8e9027c7359ddd324962ba3cf35e5ceb40873d,test,D
Phoma/4 (647).jpg,9f9e4d4ee3e214e20a1ad95c8d17518f5da5e64f6049899a35de216a8d04fcf7,test,D
Phoma/4 (397).jpg,a0008876546c5ff95d585eee64a17b8e31c8015629a0f585aa4d2286ea3f9fbc,test,D
Phoma/3 (1097).jpg,a00e010996df7cbfa1d4dbddc562c93b38b2b780cf6a76688b45c11a347bc08b,test,D
Phoma/3 (1011).jpg,a0d1a23c0d60f14f8cdfaa39dc39fbb778ecd4e3c309fc96d8788b9f8f0d8ebf,test,D
Phoma/1 (806).jpg,a12ebd32edc1256398be935e7448c9f65ee38f07df5ddfa121945e45d377cc5c,test,D
Phoma/2 (370).jpg,a17bada65e94ca6354dc0484e8bdab8810a4264d1bcd9a075b05f6f2e88c909a,test,D
Phoma/2 (898).jpg,a183ad1b2ca08fa60aa679908ef190ba20091b1361eb744c8f46a0283538223d,test,D
Phoma/2 (257).jpg,a21ce548051a194c56bbdede6c0f346d70e385f69d87d25c800f0edde6696e3f,test,D
Phoma/1 (191).jpg,a284824cd77fe539f06b54889090c0e2ef10bf18ebb4136fb1e5158090bcb396,test,D
Phoma/3 (1302).jpg,a2f1184cd7bda67ac21e5e51ee040e15255b4bbdad96c891d2861c8c224442b6,test,D
Phoma/2 (326).jpg,a31387763036d0229590383c05f4beda76cdca2075fcf9257161f2ad8388c98a,test,D
Phoma/4 (23).jpg,a407057f8446deec1db3d62150a026c62cfa514cc11b2a5d06258ee0e38236c3,test,D
Phoma/2 (483).jpg,a42d9a4e0d7b8a3c182d0abb2f6176d88bd7788b8516986a63bd834998065b53,test,D
Phoma/4 (483).jpg,a45318cc4241cd621f90da744550bdd5dae2dec8f40364aea032830985961466,test,D
Phoma/3 (1132).jpg,a4bab1c406e840b8e367ab772d6908f068558f410195ec54636048e9f1175a18,test,D
Phoma/3 (1044).jpg,a57725bc30dda7d3fcce0dfb39d256a575d187575a1837d995196f0918e9caaa,test,D
Phoma/1 (446).jpg,a5f72567e3b5a3228e7ce438963e549221b7c92a841e3654d070ef7efb049647,test,D
Phoma/1 (543).jpg,a68f2f04e6649ad04d8f4c8f5ed1940261c4b6a2e73dcfba1b9bdf24ae1ddb17,test,D
Phoma/4 (151).jpg,a6fdd3fd038417294f3b076c165119cc80a6c7c6146e79efb021ee89bf5225ad,test,D
Phoma/3 (1375).jpg,a7178a0c2a5607ade7e87056c619d8c0f9af0bc7df7d2ff90da5b0859a417f57,test,D
Phoma/4 (523).jpg,a79a877ded98d1b95747238db000340cc6fdf96264af6c8946792089425384ce,test,D
Phoma/3 (1257).jpg,a826714940d0a726b4c235b3bfc15eb15c25944fa688be76b1ce46fdada0e56d,test,D
Phoma/2 (408).jpg,a85028da724ff51cf2746e11b624aebc4548a147e2351e53312297c687a25bac,test,D
Phoma/4 (119).jpg,a86018aab5a13612f8f5158b038728a87e445adf34c9b8a44cba3b22d100a8ea,test,D
Phoma/1 (562).jpg,a879acb18b833d27053d5e29260bf6119e2401b16b085eb89b4c44ee0cc5e537,test,D
Phoma/2 (133).jpg,a90afd7eb8ef433475718d7872971e38c65ba81f965279711363c1fd0a6c9144,test,D
Phoma/1 (326).jpg,a97c7e4bc0767599b57f033e7dbc575f1ffae06f39e8b0c07cc97bf4f3e163f7,test,D
Phoma/4 (118).jpg,a98a4964455fefcaf5c68dcade0c35e30e84eff252a2cad2e3857b9f2ca8844d,test,D
Phoma/3 (1098).jpg,a9ee094f5f7972ff3e8c8b07850a45375b672feea236f199f550d1a473e890e4,test,D
Phoma/3 (1493).jpg,a9f0a60dfbbe4fc378448d2d26eb2bbfe21bcee1c210812af080a4534bdf61c6,test,D
Phoma/1 (336).jpg,aa6aa27084b80a3844a2fb6ec2efba8421b78265a46cf581de553f4b62893013,test,D
Phoma/3 (1429).jpg,aad625cf09fe6008f05799448b20cdc3c178a6459c63c492d2255b371cde1d6b,test,D
Phoma/4 (378).jpg,aaf32d7e2aec9b27abdac992467db78334aeffeecd689c679942b0c8012223c6,test,D
Phoma/1 (482).jpg,ab07067ce120e4d0a28578843683eb918287cc36499a8b88a7666f0714ccb8b6,test,D
Phoma/2 (337).jpg,ab540524de92f34454cb189162d6a1636e2e88a062911bb1b268a307e4bc8403,test,D
Phoma/4 (134).jpg,abf2cf8d8267a008ea50a2149c979ac0ddc0d1f54926b8e7d1181f949ba85efb,test,D
Phoma/4 (186).jpg,ac9e8716fb79955db8a76a8d4879d9de3f45cb09e5742b62b3ad17e127ed28b9,test,D
Phoma/2 (863).jpg,acaff73bf138b3119851ae4de94227b0d25fdb5c77a067bfd218bc45f099a7e7,test,D
Phoma/2 (140).jpg,ad94e261f017a5419379aa82a843952e556c8dbfc3b8532882fc0399f174a509,test,D
Phoma/3 (1351).jpg,ae22bf43791572380e18bafa1eaa127c5d25adffc32623e8374eb29ece0a5e29,test,D
Phoma/2 (445).jpg,ae40124d5de4c83ae6e0f464ae664e1c72e5f12898df0fcbec3c1bfccdfa9174,test,D
Phoma/4 (774).jpg,ae433b6281007e2b65f246e7998c8d3d56a9a6eb6f16fd3b55f0e23814292d66,test,D
Phoma/1 (542).jpg,ae589db7d3ac22d9db8ddf713c832894bd4bdb438b6c995dee228687a435f419,test,D
Phoma/1 (552).jpg,aed3f26791ff7088f1f27262f8cbfceb6d6d67365e3429c017c8ef4ab75acbde,test,D
Phoma/1 (14).jpg,af0170997a4b58cbfce6b5b8df9294fbe701a28d64a0b890b950719d84452d85,test,D
Phoma/3 (1277).jpg,af7567520bd0a4894a3e4e7c04856d05a466dcafb26aa71a326b1bc7417a1337,test,D
Phoma/2 (139).jpg,af8905f4c4e1e2e9a13ab1addefbf2b3ba4b001bdae074af3cc23441589cfb66,test,D
Phoma/2 (589).jpg,afb3502945169690cbef952fa29ffc134af821b7ee88710538c2e6082843c3d2,test,D
Phoma/4 (810).jpg,b09830fecbaa41cf1df3754613d24f150ea302fc4b835c10295425f0fcb584bd,test,D
Phoma/3 (901).jpg,b12c8dd870b2937a65c3ba1bfc0dfe6ce41ad2760f241ac43c09484f4c3b2807,test,D
Phoma/4 (486).jpg,b16a7b75575fd7e47c89f4c2fab00fd791399037a8ee296fc42a9761d72dd3ce,test,D
Phoma/3 (902).jpg,b1f1c59d0dc102119c3fe867b8db415858559a2e66bbcdddd4733cd47d5a4d60,test,D
Phoma/2 (378).jpg,b24ab16bc0d6aeff759764b9c3a19d5f665e4e37fdede4e9e5030418d154b7fa,test,D
Phoma/4 (561).jpg,b262c1018611e769f269a5841b1ee8fa4dd547942e84aa449959c3bbb58aa329,test,D
Phoma/3 (938).jpg,b2cdd3610488a1e5d4733f07a6a513a856b25865e2b643f0a5a90cf03b776e1a,test,D
Phoma/2 (143).jpg,b2e1b53b0b2b6751c4b63d43f7d6f121d6ee46ef0a9fcc12535d38bbb7ce0bb5,test,D
Phoma/1 (12).jpg,b32b3dd360f53de57de7d809d8da3704be1be49f5fdd590d7fc0463f97e748a8,test,D
Phoma/4 (554).jpg,b50cd1f50644fb38ca6b78ccd4fb8003d65741f2212a5e51dbbe0ce72e4d5e7f,test,D
Phoma/2 (806).jpg,b6b960703dd21d85f55fc3587ddc0490f38061ac6f08725b43a85015f95b2476,test,D
Phoma/1 (445).jpg,b6bbee5d27f58fd0474db776cec59e0af3cf62c24240ec5e17e4010d6f4b0e43,test,D
Phoma/1 (145).jpg,b6dc11b3bea87524107e203d0f8ac10bad13c65c01aa4bb87f71daf3bc66d148,test,D
Phoma/4 (259).jpg,b7a64539aa2f3b3a223b8b3c1f0141d1f407dbf02316863fa389b353e49959a7,test,D
Phoma/1 (407).jpg,b7d94dd068ed4a1beedff9449228119465cfc19f0d5775f2ce75d582e4e04dc3,test,D
Phoma/1 (21).jpg,b7df0cb3445b00a36660e5ea03c063b4efb5cfe03ece7f30e745714ae8246188,test,D
Phoma/4 (482).jpg,b86189f9446ae018451837a221f22f978b5fab67bb92c29d811055e248932b67,test,D
Phoma/3 (1220).jpg,b86b549050c0efff5447400291e54d3f196e6ae25ad693e1d45634527c479a15,test,D
Phoma/2 (381).jpg,b876d875c9aaa9c9d84b5857f35d59c293e3ad16bea18fed7c58e1d1199f919c,test,D
Phoma/1 (810).jpg,b8993db7f45e677240b1be4e964f722c80eaf8a5b80ad426bdf987425f1d4f51,test,D
Phoma/3 (1385).jpg,b91d5792e560f06f263f137c5d518fca2ae613eb8c2b3102800a1424bcb16558,test,D
Phoma/4 (445).jpg,b92435c863099ca163f384e9bcdf3be3a17a3aa2e383826ad3789ca3070e591c,test,D
Phoma/1 (381).jpg,b967aaa0ac1d5e82186fffda4b90816a213eeb767d6f48911087051e66905ed2,test,D
Phoma/4 (555).jpg,b9eda231af5dfadb8f56115dd467b4e74e50ab0e0ce6af8ab64f65c3e4af9905,test,D
Phoma/3 (1339).jpg,ba270d1922ea848d8b9ec29bac8a871f196bbcbd6a3801e5f8397b7a9674c902,test,D
Phoma/3 (1217).jpg,baa9d8141f000d6f7ad19430a6b246dd9041d1c194e765e251c3a0097c12329d,test,D
Phoma/3 (1448).jpg,bb02b13cc0495ddaf58a4f4e09547cfadb1a56d02a463e186d0e5802da81a4d7,test,D
Phoma/3 (1274).jpg,bc73c4ae608611cb5b606ba23f593371e538aa7b87a59702a60d557f38730afd,test,D
Phoma/3 (1238).jpg,bcc3eceaf5261ba832fbac3d5a0443689e711727c9fbaa8ccb866cc4962ff7e2,test,D
Phoma/1 (333).jpg,bcde7f37b4cbe260fac3e53bc20e480fae7f4764cb19f9c9cebb04c34c3ce4d7,test,D
Phoma/2 (261).jpg,bce1dafa8168df1fd5d1e2c0871ad4915686f384eff48b3b520215bf14b29159,test,D
Phoma/3 (1162).jpg,bcf6639632bfa67a2c7396f044fca50202a0790a0a445c3fabaa839f3a3f44a3,test,D
Phoma/3 (1088).jpg,bd526bf477d08aa30d41d18ad661ec5ac040d60bc1fc2042ab9ce970f04391ec,test,D
Phoma/4 (153).jpg,bd994b9b70c7daf7aa3f625355afd174dd475997914b7324ef290c903872e7d6,test,D
Phoma/4 (672).jpg,bd9b09ec4693052d684297ed2a250595924d420f2f1fcdf4cc423b3b77f00e82,test,D
Phoma/1 (483).jpg,be8e0485dc590a5a71ca666ee529873f60754d004ccd2ff75af6f92bca0d7275,test,D
Phoma/1 (647).jpg,bec2bd84e8d53be0785be4c8f6abfd158ed11d3bcd8c37c0393e13dee0617f47,test,D
Phoma/1 (154).jpg,bed473430b3f5b6a1f87efad0571d65b155c9907881724fa424f49591e1b372e,test,D
Phoma/1 (192).jpg,bee09b4df301f18d21c088cbb61d742b26a986824dc70c5a8a77245a91aa8d2b,test,D
Phoma/3 (1230).jpg,bf513b0e51a450f2e0cb167ff46fc0c23f36a906b6cbd209bce640df760a713f,test,D
Phoma/4 (398).jpg,bfc77fd6245076da52e56d22bc4e67fe9c648b7f81ca580fe06d6ca143631ccc,test,D
Phoma/4 (336).jpg,bfe40ae6871e307d12faccf21a8ca46a08fcc877be2000d4e388109eeb19f87b,test,D
Phoma/2 (294).jpg,c08de48fa103d8c8be8a76ec283f935b69a3fb4e33da5c288943601cbaeff4a7,test,D
Phoma/1 (184).jpg,c09f37be5587739cbfffdfb33edb8dcc5ee8ed6bac97db4e165707d110e690e6,test,D
Phoma/1 (590).jpg,c0bef941bbdbb9b206e143e43d542b04ce730d07106f1e09d69855d2d0f227a1,test,D
Phoma/3 (1053).jpg,c0cfe374304f3c40e3e4daa50215854d51b9a7043597f444cfcd25a8ca8bdbf2,test,D
Phoma/2 (15).jpg,c1740e729fe13a04ad9341d8e3b0ba852f8aec9a2276e5abdc843aed850e2ae0,test,D
Phoma/4 (225).jpg,c1c2c7d8b8dd5616c98ec55b7465b8cb05114e3489015f5cf9659a16eccd28bd,test,D
Phoma/3 (1431).jpg,c26304c7d72b42261ef0c87c9768d5ca9814128b50b3080d4284a182f75b52c7,test,D
Phoma/2 (409).jpg,c291f2a9e567af31b2f07be6cb1e22937c6a391799657a6b05400c25b0bf9dc2,test,D
Phoma/2 (353).jpg,c32f8379badc3c8e6ef7f41297d95e1497cc3b0372f6ab4405851264a0417856,test,D
Phoma/2 (767).jpg,c394aceec6acb2dc5884be83ead81e177a4aeddc4e1005479804e3cf02760887,test,D
Phoma/1 (147).jpg,c3eafc50dfa2a6134e481e32b10cde71b3cc8ac7b20f67bffe83419877841d5a,test,D
Phoma/1 (397).jpg,c3eedae1a36fecb52939971858fb29b652c10e3dc931bdefdff814ac5722b684,test,D
Phoma/6 (3305).jpg,c40fe72806a7648609a9c491a33aad1775be9aa99ea61719357dbfe2c50e6264,test,D
Phoma/1 (809).jpg,c54513fead80830ac635f0b5b44a492e6eb4f626e7ab2e32617bf62129e45641,test,D
Phoma/3 (1124).jpg,c58a085dd72b3dcea7d27f9dcbc7cf999cd1341408deb3b13728bca0088796a5,test,D
Phoma/1 (589).jpg,c5c17b31b48fde4542eb87e5688db2b3cf756fd2f1ca452bfffd9a224eaa6b58,test,D
Phoma/3 (1466).jpg,c64be3a0c960a487350a1e189ae8a620c3c567a70bb08bc5fca8872b9fb8ae51,test,D
Phoma/1 (560).jpg,c6749f2e7eba38d3f75655f9dc38674b4063bf5dabc7dd7115f0f7a90d9ecc7f,test,D
Phoma/2 (313).jpg,c6a2edb0a551edd523e138b878a352bfbbcb39a85b8fddafaa1d1c980a27bed5,test,D
Phoma/1 (486).jpg,c6a6f15c0fdddf91133eeabe1877fac7e158e8a46c673c3490bfdf2b6e9060e0,test,D
Phoma/3 (1048).jpg,c6b16a4d542438e1f7c8cd590323c6897ec7326c86ec4bb934c3a2b98dcc2292,test,D
Phoma/4 (436).jpg,c7181689e9d58391a1d9ee6540594088c8c9f41966e3cf174e80496a91780a75,test,D
Phoma/3 (1232).jpg,c8821e63c37f0d4ee3ec6b414d446e2abfe21588346581705028696f700099a1,test,D
Phoma/1 (283).jpg,c95c5c810c42aed31ce9bbbccd2b23dc9ba2e4279925f5fd2896a09c689fd34e,test,D
Phoma/3 (922).jpg,c9d7f8f56a7834a85b19c543e936750dc901b3eb20733f80986ddcc363d2090d,test,D
Phoma/4 (588).jpg,ca14463bc53ae402b5d4588007acaa73c65826d069cd6603dbfcc31ac8b32915,test,D
Phoma/2 (314).jpg,ca2ed0bce14fca04aa457083bed23ef582d7c1b81f8574b86bfa075be1cd80b8,test,D
Phoma/3 (1038).jpg,ca555dc6cd9f8fa4d26d4349c64b8d727d7cb94a61b56993bde2cee9122aaee3,test,D
Phoma/2 (369).jpg,ca7317d75aab213a0a9846519957d2954157578d02b7c5300779d79e103f79da,test,D
Phoma/3 (1825).jpg,caa0626eea590d1b7cec89810eb9ffa071b8b689b318680262496d9dadde9424,test,D
Phoma/4 (527).jpg,cad9bc23d5d80573aa58537afc114b4db7c90fd7a17e87014ea9ff9d69763b9f,test,D
Phoma/4 (338).jpg,cae311ee4fb715e0062030a05a551ed8ffef6bbec093ef29619509f465ef85dd,test,D
Phoma/1 (372).jpg,cb4ef7b7d2901bf7dfa95bdd59d511c80d432b73bdbef627c716120f46ad506e,test,D
Phoma/4 (13).jpg,cb6199105bf9789f727da1cd7d5feacda173a535674a1e5134383d6e74462d46,test,D
Phoma/1 (258).jpg,cc38c32ef67f08b3683f84f05ef8b864b0da2efab62ac23bde15670dff3c2a42,test,D
Phoma/3 (903).jpg,cc53d6ddd5e41971ac37b5073dcbfe5f450af75d3c09b54a51185d0b08bb83d3,test,D
Phoma/2 (315).jpg,cc6597c2373f53d62a6ffb8142aca0d6978256852d2230eece35d4dc18e0acbe,test,D
Phoma/1 (118).jpg,cd21548957400b3e9bef7f54ad8c1048f8efdee2b0c3bc17ec8f071304d9dd5a,test,D
Phoma/3 (1200).jpg,cd4bf3581368fab8547fff415a4e7481c1f6f3bc341936516f7d88c148825d05,test,D
Phoma/1 (823).jpg,cf603d0712a9330fa265a99b7f9b1b37db661947f3199c4685d430e8af978d45,test,D
Phoma/2 (382).jpg,cf72b36f9c8dfef8c0320cba4a6a62e4d523f10fe4c4b0b40b3cb9b165ab74ae,test,D
Phoma/2 (373).jpg,cfa4d892431dc53d0e6b324b00783c4674b50b675f5bcf141e0aba8d4da8d7ba,test,D
Phoma/4 (24).jpg,cfcd9b27bc11e8d9c61c8cb57875d6cc388ab5d26ec6409efe8d5e5d8d5ae756,test,D
Phoma/2 (377).jpg,d029af2a442ccfa74048e87f4b2fc1826e584df830bd5883c2307f7dd82af292,test,D
Phoma/1 (566).jpg,d064b18698d9c467695f5a6023531728b626d0e2f0b4af1117b713579676cb08,test,D
Phoma/2 (371).jpg,d07c6536624879c15dcb7a046108d81e9fb491add491a7061e891356758c1364,test,D
Phoma/2 (553).jpg,d0a151dd799884155a46f4064e6bfeae11bb3aae01b2ab4d77bf577e558ee602,test,D
Phoma/2 (119).jpg,d0d1fb12cd80687d7d8831f0439611305ac5d20c168dca5b047148a7a119212f,test,D
Phoma/4 (587).jpg,d0d700aef9c974a4ba2c41cdfeb6a4087b05bca12f916c28e47a0472eb353dc0,test,D
Phoma/4 (469).jpg,d1b701a9bbebeb4da8ac1a41d2bc3bdd8ce0d400d48b90f9fcee59c5cef7652e,test,D
Phoma/3 (1282).jpg,d2a8af47c0a7ce9ab189602fb3ba9bbb6e91a4fd841b4ebe77b7c24ae9eb934b,test,D
Phoma/2 (260).jpg,d2ce752540082e38a9f7a51142a76292bee5eb0017627f10ab2b9b2b8a3b1cf9,test,D
Phoma/2 (561).jpg,d3e30a5fc2f617b22aec752cda0ca697d052db28e9a64b4ebad44a41b570d2ec,test,D
Phoma/2 (447).jpg,d3e645710028ed31ba680f6e50f803f0aca7dbbd58ab089371c2e43cc0336691,test,D
Phoma/2 (333).jpg,d3ed1b09324fe42c598701aea51f9b8503d252070e4790636c6f23647ecb89bc,test,D
Phoma/3 (1285).jpg,d41c3b88a86562143a1a5dd12eba5a78d97f0bba6273b78a66f758c02df6cd2a,test,D
Phoma/2 (229).jpg,d468b669813adb559740656a9fff533bfcd77bc477b2c8bdf5e75cc7d9779f9e,test,D
Phoma/3 (1713).jpg,d48cae2bf0e153a59db1ab8a0a05e224267316f8070fe520a84c821108e509a6,test,D
Phoma/1 (105).jpg,d4a25a966b583918d341c29dc549e12e2e0a741bae03aa9969cf95996c1510d3,test,D
Phoma/3 (1188).jpg,d4d15a5cc17f0e5f37c5e23d8ed96046e97aa1dfbe4a268b93f9180a29e2b79b,test,D
Phoma/1 (182).jpg,d4e12e8df280ecbadf07179306bb46053f676595de0da8ea44c76954fdc6f95e,test,D
Phoma/2 (147).jpg,d4ef597450ec8eeece6e5261fb90098b7c6e62d9ac7ed9a488b822af8fdbaa00,test,D
Phoma/4 (553).jpg,d54c45de9eecd1aa4caf453377aed6c94a646917ca93a3dee2d49a065e4b791f,test,D
Phoma/2 (102).jpg,d58e1a1088921dcbb93bcc70663941dfb67a6877b773c1f2e86022439d81f817,test,D
Phoma/2 (527).jpg,d5b846f4ca1c472137611d413468f66c3ce1d53c599441ad2f63a460adee07d7,test,D
Phoma/2 (151).jpg,d64b231bf10887472910db01576951cb459bbb9e73ba81b19f88c2b9fb5d4f10,test,D
Phoma/3 (1123).jpg,d669b4d0a0c4b0e68d646a9105c7e0e2fcf236b119790f2262e265993f80d37d,test,D
Phoma/2 (335).jpg,d6adebd34ce28c963f52758abf820340af831c1c9812b78d5e6b77cec6ddacef,test,D
Phoma/3 (1508).jpg,d776f2cece1f692fda6cd76f9d9fd5ad16ea76cee1483b3c475a8ae335a07795,test,D
Phoma/4 (767).jpg,d780e0c53fbfa49127a70dd0a23f78f1843cfba31ca18354ebe64d6ca186996d,test,D
Phoma/4 (407).jpg,d86898359278b3a4fd2beeb051da4f595784664f7062061422346ac306d12fdf,test,D
Phoma/1 (555).jpg,d8a011f24c250ec5739d32eac8f8975b3a438532fc6fe7ca3b6e2fbe718eead8,test,D
Phoma/4 (552).jpg,d92b1459745daa0941ded071e7b5b33cc63889ab2a219d35e7657e2774367d1d,test,D
Phoma/2 (446).jpg,d98d396e9ecba42937ceab56e359b3d356f6cd85593db1769268b458bdb04101,test,D
Phoma/3 (1714).jpg,d9e0d437f8cc8d3c24b5f5a4739090d977bc3d692f5416d1f9003ec8fde5037d,test,D
Phoma/1 (194).jpg,daaab299dc506fc5ad69438940201da29bf2903dcf73680e75d37ff7c4269be3,test,D
Phoma/1 (1).jpg,dbad57d57a31d6d9d9db700958e5fb33ceebd5293da190c277c67b5f03c4fbc6,test,D
Phoma/1 (487).jpg,dbb6afc9ac1857e82e7f60a9f3650af1660ff7d385f8e666a9aa08c896df4fe2,test,D
Phoma/1 (287).jpg,dbe329e41fa8df53159b06325f0137d5261e4c5e6e40fca17dd32d22e2d4586b,test,D
Phoma/3 (1239).jpg,dc0881167e83a5cfa7e987b9e9add64bc412aeaf7290fc03f1ffdb15fa642500,test,D
Phoma/4 (147).jpg,dc0a4d254c237df074b4a85f4c13da9099b5bf1906c356db63f1a68446cdae94,test,D
Phoma/4 (11).jpg,dc93c906ee0d34f7378af2f43fca437dc60d3e14894342e851d3d7093e8e626a,test,D
Phoma/2 (258).jpg,dcc4fdf1ddd2bd2e5f438cf032d246658c5417ddce440ce5e51ee232f7991dff,test,D
Phoma/2 (773).jpg,dd4204689f79f8bf55e15a1401bc71b3130ed70648b711d5fa74b42a8a841766,test,D
Phoma/1 (195).jpg,dd8acb0ab9badf2d40164fd8e62204357e0c45e8b844648933450a9e674f7da4,test,D
Phoma/2 (487).jpg,ddf351a917aa312c13f160c9237395d8eb20070b53bdc3f1bec18fbce77798d5,test,D
Phoma/3 (1539).jpg,ddfb84a8d137e13467f6309f2e182bb2e1d996b6613c5b590871bebee0366840,test,D
Phoma/2 (1).jpg,de9446e40b2db9151422aab7aa257f7a7520c36c43098e2c09819c5cad858026,test,D
Phoma/4 (185).jpg,dfd56b17984f9c0e1ef6eaa0914097e0e53a4484bdb77e7aa95ec7ba68e0be71,test,D
Phoma/2 (522).jpg,e0991bdfbb04573a2f426584e8057e9ee750a5eeb2eaf4db6fcb5425ff71139d,test,D
Phoma/1 (408).jpg,e0ce02c7322d9ff7a33ea220314ee76d61a6a74d1467a2fb39f159379684b9a0,test,D
Phoma/2 (811).jpg,e0f7adf8969ae9f77d32412de749cd6b750ef7ad4c401ecdbe044eb2f3b3603a,test,D
Phoma/1 (315).jpg,e175c4223aa20465970c44b0d764e5956c1c835a66c2ac1fcd1153ba5c964f6c,test,D
Phoma/1 (313).jpg,e19e2085a4c923d285c2d48de745affd8dd789508cf7a301a563fc7567a4af71,test,D
Phoma/3 (1201).jpg,e1a4f2dc2f2cb9ae533f8cccd18790f2984e25a95ba52c4531f44117b0c1f4f2,test,D
Phoma/2 (285).jpg,e1c862884cd25c569d4215bb640704b9e18a04d34c3cbc57e792d7744e86c28e,test,D
Phoma/1 (228).jpg,e22f6cc303897bdc13585e38afda41ef69ea6cf8b0ba00d284e6e1d18e495a08,test,D
Phoma/1 (369).jpg,e2376ee7b89b6f6bab8a4e78614efce5bf54ded02b36e9c4633fdbd70bc226b2,test,D
Miner/1 (11092).jpg,0004f0875a7adf9d825d552e4c1dea38e6213fff930a12467f3a1d756ad8831a,test,E
Miner/1 (10476).jpg,00057fa9e81f4190eebcf9a1a4269dffc1cb8e973329685637492b9daf1746a1,test,E
Miner/1 (11970).jpg,005cecebf36611f11686751d7545598876186952406e3d761334e2de3d0c1129,test,E
Miner/1 (12867).jpg,007fdee42f162c0636b2dc4a9db05073e19166117f68ce4a3a596c726d3c6b22,test,E
Miner/1 (10406).jpg,0081649108bf98e88bc503dd56f06c75cc5997cf120723ef06a58b654e2c047b,test,E
Miner/1 (14262).jpg,00ba3bac5c3e0fcac2bb8c66b6db4a68659eeefc0ea223f156c4f853da02a75e,test,E
Miner/1 (10429).jpg,00c7341bcda114c0597edfc176dc0f2671df865f72749da4676c6c9243751582,test,E
Miner/1 (11776).jpg,00d1d85a479bc0ac02756d93642c12e73605dd4d3fbef33c3861bd9b48aa6ab4,test,E
Miner/1 (13692).jpg,010841b586a7ba70f0b096cd412c392b9f2664e171a19ef187cefad3d216bf88,test,E
Miner/1 (12197).jpg,015c77fb110c21aae37dac0a25d2c6163d2b88f852be198a3f8625ccbda46d2c,test,E
Miner/1 (13216).jpg,01716209f4e2a706aaf9f96a31201eb5082f658bd3df63a530f1120be08b6ca7,test,E
Miner/1 (12084).jpg,0172f278bfbfb00cce658fbe08c559012a1c68e57bdb7185d606368e3c45c068,test,E
Miner/1 (15616).jpg,0173b140281f4bcc2b9480f96e997f6ee4818328fc6ab31b7a7108615937b2e8,test,E
Miner/1 (12096).jpg,017f8805c361013eedf514069f328b55862c1aa2ddabf97ddda6cd6c2eb05c24,test,E
Miner/1 (11716).jpg,0182a4a769c3734bbd0be5f72c910d59a6844eb4c81b396480c60456f114c48a,test,E
Miner/1 (13841).jpg,0194f13044b14dfc6af877fb9937464c2bdce003bf38b4b277412131c1827cf6,test,E
Miner/1 (13994).jpg,01acbe0c533362a659db757010f98c5beee76c670a295081b601662b1f3d1074,test,E
Miner/1 (12038).jpg,01c0e431730c653fce753b68e9b925de1aca667e5c1ac87030adca1060ed2d96,test,E
Miner/1 (12188).jpg,01deb17d7e61598608253d79a34c37e8aeb6ead7be1db9de53e70f06f64b1e39,test,E
Miner/1 (10347).jpg,01f472a7c3396f8a8b4b4bdc39a5e90de4da2243b6a8c456cdfe55f38e678774,test,E
Miner/1 (14172).jpg,01f97170bb3a7478fd5ddae6366b87a467a54177fb16e88a02c17fb8bd2a292a,test,E
Miner/1 (10199).jpg,0212a8456e332b2140c7fa5b6e3e3de5613eea71f36f894c05888b5f6c46cbbd,test,E
Miner/1 (11820).jpg,02178285493eac6764766dc5d13d5479dd48498e4d9bdd0d27fcd35a56e13999,test,E
Miner/1 (10618).jpg,02b8224466e8014ca55bbd066f8dd8e95a2428005c940048d8d424186987d57b,test,E
Miner/1 (14261).jpg,02ea0f06439a252fa1f2624278cbc64b2f71ff8c0f0f884716cd316e65ade958,test,E
Miner/1 (10339).jpg,032a49df1f9a2eb89e6ce03173d9cb57b0bd4f6384a1b7cd93746ddaaeac7f3d,test,E
Miner/1 (14963).jpg,0350c5eb10fdd9bdb14ed1be8f0a9bdbd6f52a0beb478376b7ed0f6257b551b5,test,E
Miner/1 (1065).jpg,03798ff49bc0d4d18a50c38d2193fb1256dadd4edd49355ea24cd73f2131c343,test,E
Miner/1 (11708).jpg,03b52a6aa0a49344ef784bcce5b8bc0db9fab35931865c75d0132b00a83d1b96,test,E
Miner/1 (12209).jpg,03ba82d829a55c3e8d609e14477dc8c8ff08ef933dd6ad67a41084362b80651b,test,E
Miner/1 (14017).jpg,03e734dfb1e3a8b518e3902f5ae43938f236241338aa140192ad01de582c010d,test,E
Miner/1 (12186).jpg,03eea2ad5be3435eb640967063d433c3a29d0093eb3726ce0f7ef66772fdec5f,test,E
Miner/1 (15360).jpg,0425ccbdef933a4d113b5c7a67a837ab9e3918f6bfb2c7fa6198d67b4ffaf0ff,test,E
Miner/1 (11370).jpg,043821934786b8f700f73c432c0e7112871772a194e007f561d95aaf88d3e033,test,E
Miner/1 (12204).jpg,049cd330210eec64c0a46a068499e7e7d97c76b2b608e14724e7c33290650b0a,test,E
Miner/1 (1070).jpg,0511fe2625faf3d9b74b8c5a25b0387fc1d1aec085eb15bb583ae46ea5020883,test,E
Miner/1 (10217).jpg,052ccfa980ab73e729d5c07c75672a8190aff1020f3c828358179778ccbc2e08,test,E
Miner/1 (10059).jpg,053a49c8972ed51540e8d9f49bb364e873ae4254e8295a2e9b872ba8b3e2ebfc,test,E
Miner/1 (12127).jpg,05925581b2cb16724aab4351aa38610281239455e14a613b510a11fafb91d2e3,test,E
Miner/1 (12787).jpg,05ad9d4d078aff8b5649241faa6fb32b3ab5beafaa0778d0108b6d39851829db,test,E
Miner/1 (12521).jpg,05b657b1d015569423753166281acc4d717af6d5e8165b086a4cf3f421947f99,test,E
Miner/1 (14783).jpg,05c8e68657cac068d773034cbc4f2f8d1d55eee6481007cadf1d184d8486c817,test,E
Miner/1 (11866).jpg,05dd443c04972efc01571351c1a2920c2959be675ea61274d6a45daa4d28d6f7,test,E
Miner/1 (11822).jpg,05ddba14d5b4f5ebfd4ed6de9bd4322cec5ce4164289e3c015d185c4a3b7e150,test,E
Miner/1 (11902).jpg,05ecd7ed524babbd80cbd41ae9bdb19b5cde9858da88618520f073d6791145d4,test,E
Miner/1 (15819).jpg,061208924478a99567d98053f383183191f5202975a7c2f10fc80ebd9dfb0635,test,E
Miner/1 (10195).jpg,061f37b7d7fb95a1242fb5e08897c213619d22c4b8b51f2065ecb6b68c8c7319,test,E
Miner/1 (10090).jpg,062dc3f0c3fd6b2bb6c5549b7cebb5c97c720a046435389b61d814eb1c3cc2cc,test,E
Miner/1 (12525).jpg,0647b2326194646e83ad0ebb7172cd72305756be8bc1a542f63c7d49b8b0f728,test,E
Miner/1 (12522).jpg,06932ad0d1fd7bc7130ce29e557ae669bd8f614b12744690311dcfb32fd936ce,test,E
Miner/1 (10542).jpg,06b5f448af3aa71974df75bcc75a2eab01044162042fb02c0668d75142f4c044,test,E
Miner/1 (10407).jpg,06b83b0850485bfc501b6f6fd5eb92d9eb71c13491e3cc97b359858b30655dce,test,E
Miner/1 (13587).jpg,0711919025d4a02d53792ae4cc76da15738142cf52a6b5b9077692aecd65e5a6,test,E
Miner/1 (10267).jpg,0743579424616990edf1685723d7548c62830dca78db3186e654e360a729f02e,test,E
Miner/1 (15805).jpg,07af981cb7a3eb7654cf4558d8d36c1d3750f00b432ced8c0ad9fb1bcb13986e,test,E
Miner/1 (10423).jpg,07cd8d396b584e7e50fe5cc4e5d642fe0e92f1dda1ae8f392d943ab808863b6b,test,E
Miner/1 (15490).jpg,07dc7b921c6ad65322b98fa74c94e20d0b3ff8cd4da01c83ec682abb7db83061,test,E
Miner/1 (15763).jpg,07e1c016e750679339644d237b09e062c2593bfb08bffce5f2fc242c95035f5f,test,E
Miner/1 (13860).jpg,07e703b762cee58787ebc294131a27b91006e06acea47edcabf123a65d6bd7e9,test,E
Miner/1 (15768).jpg,083006c46f5b2e00c07d4d8d9b66fab865e9a3af9ffaa0d37d1d1548c9765eaa,test,E
Miner/1 (10462).jpg,0882cf91062e4e55f112a2bd8e8199a84af3fc67c929d2249049bcca0a00c822,test,E
Miner/1 (15821).jpg,08f862954ed71bc7fc89903b97da1780190e2dc168b1cc5dd9c17fb1d53d2bc9,test,E
Miner/1 (14979).jpg,096b2b713f36ec3603f866c63042a9b9a057df2a204843d84f7fc13be9a07da0,test,E
Miner/1 (10318).jpg,09af9482464dd8dc87aaa55744caf19e1817e045a0a7c4a8c64fdc5fde05f5c5,test,E
Miner/1 (12047).jpg,09c90def54a46e8c3b59091de09f9b9baddabde4e13d856d00affea8aa9b0f37,test,E
Miner/1 (12596).jpg,0a1ac19b4c5ebe66fba5abf1688385a1b61a158b1ac976c52d1ce8cb71e0a15c,test,E
Miner/1 (13584).jpg,0a2a76490c7ea871500b93deb7ba7c22bdb77df4a9218259fd1c2f7bf5a8fa22,test,E
Miner/1 (13981).jpg,0a385233ce191bf12355cd540b3ca52866f962044e949b8d6cf784882944be46,test,E
Miner/1 (10175).jpg,0a449181da41a83e6f585f9f8902dced7d0799d31348fb6f1bd89b5e2db561b7,test,E
Miner/1 (14790).jpg,0a62a30e796700b73b6ab4651a5f07794c43a27331958bab9e028f8c7abe22be,test,E
Miner/1 (11826).jpg,0a8194f14fc027daf8098d3098e719f1e3fa8b5ecc68ff1093b3dfd57e7d4140,test,E
Miner/1 (14221).jpg,0a9cd8bfe8ecc405a08dc146fa3b7ede101af5fcfbacfe71d73592c895585ba7,test,E
Miner/1 (10468).jpg,0adc5966847e72c21871be9e0cbf6a9536731a92d68dfc932a04f55dedf6c7c8,test,E
Miner/1 (13404).jpg,0afa53f9e437b5ebc426092a1619a0f91aa825c1e6fddaf46ae10277a3edc32d,test,E
Miner/1 (12539).jpg,0b108a64e8e10c7db9c2e58d1376f1d05dd3e5418753aaecd72c05985a1ee4b1,test,E
Miner/1 (12733).jpg,0b14215a5fb6fb0904f149b0ca90680c660a28b1d0ddcd288d733bc043c7735e,test,E
Miner/1 (14126).jpg,0b5092916504a381e00a1b2c62410a8b8d4b3c4d454f09c79e9487022cb2c2fd,test,E
Miner/1 (13499).jpg,0b587ba9756946eb4cf77ae632381e148e9f88dc4ec46be82ac1e13914edfb1d,test,E
Miner/1 (12039).jpg,0b5c14a0006c052f057e3114ee31adb150499f31deb7546ea38204551addea29,test,E
Miner/1 (11924).jpg,0b5e98720aee9f2826996469c6e7f6c745a4f3a4b82b1d05f5ad658baab32ec2,test,E
Miner/1 (10718).jpg,0b673356ac89cc79565a475fc5b70757c32f47268e95accacffba5a01bf74b15,test,E
Miner/1 (11818).jpg,0b96f52ba0ee469aa0ec38ccd51b4db6b7a412ad43c4bbfce1911a5b08b8452b,test,E
Miner/1 (11717).jpg,0ba76f2df6a3fb34024be8514599d0e40eca3a3a1c2f66198d2419ca69a03260,test,E
Miner/1 (14086).jpg,0be1a324d63386e9dce287106842eebd86267badf08a7f678afe52218d555e6b,test,E
Miner/1 (10181).jpg,0bfbdc1afeb3e42eab3cbab9d590c52aa103c3be88707cdbcc3703bac8813bf0,test,E
Miner/1 (12796).jpg,0c0c54dd2a9d66d1678eaebae0af4e9826e9531dcf7ad0cfaa1b48c64a98bb50,test,E
Miner/1 (11714).jpg,0cd112368ac9907b29fa0eafc6fdc23c958a40895954b202ecd8b0443409f912,test,E
Miner/1 (15335).jpg,0d09c9cf1c213c105d843ad76067b3f0847270a1de35b7a7a66417c0dae02931,test,E
Miner/1 (12126).jpg,0d242acbbd8e11853ee22d03d269c8c1106f9b28797fb3b4506a7b51c1170013,test,E
Miner/1 (10054).jpg,0d8a35701824a621f0ef183f898ce6add14a1d26d9cf766e8374b273d6e54182,test,E
Miner/1 (12858).jpg,0dc39f674011c737f8b087812e1eafe4b175393acd1d1509d17c9b3f7aebc03f,test,E
Miner/1 (11698).jpg,0dc414a8b43ebd588ed3103c2b1467d6f154617813ff0479c6e2cefbdb4a818a,test,E
Miner/1 (10337).jpg,0dd391fe88757f9c99396456f07c576cf9f687bb7ddb2daf70edb86a302698b5,test,E
Miner/1 (13221).jpg,0dd68484aeeb314794e5b627eeacecdec035694fb35f62c5078a1be35b8ba85d,test,E
Miner/1 (12738).jpg,0de540b73e25d8f00628863f368cb929c73ae6b11d9de0aea03e634394a6c915,test,E
Miner/1 (10962).jpg,0e4dfd04294ec8bb9bf5a30dd93cbde9b1b550e8d18e071f85b570ed8c3b3502,test,E
Miner/1 (11436).jpg,0e4e7ff015c697a6e5fde98bde21503e2473afca9ba1277900321ab1bcc622aa,test,E
Miner/1 (14205).jpg,0e65dee068b987b602cc1ffe46c5d80fa7d9e12652d2550dd0426831f2cc1f04,test,E
Miner/1 (10963).jpg,0e74ed6f756b5208d917dfdd463bcd171f16ac93ad6936dfcf84029b8406c742,test,E
Miner/1 (13496).jpg,0e8212ddb349aeead28a2b4db04f0a4703b3671250c7a127f76b26005cdfb136,test,E
Miner/1 (11522).jpg,0e861559fc132da5ec3fbec1793b356197a33b7859c20aaff42057d8f5f613ec,test,E
Miner/1 (11775).jpg,0e8e1db34d074ecb2fb190e2409321bc837bc96bb3307f748c0ea06e91d8c4e2,test,E
Miner/1 (10671).jpg,0e90e8f08fd78ed4fe40504adfb3d0dce0fd84e080ad86c7800d8bb5eb918412,test,E
Miner/1 (10362).jpg,0ec2663288b69b0ccd6e9f5371957bcd53ce35d2ecbdadf8421a926fade4fe23,test,E
Miner/1 (15808).jpg,0ed9174262d2a3c2c288891aa235df8a8610db9fab26fc445062d854ed47aa48,test,E
Miner/1 (12137).jpg,0eec12d73ad8bfacd99fb2d3cd2297fc78b4d362f3dbcfae9b5a1c659dface66,test,E
Miner/1 (14916).jpg,0f2c5314c8cfb7c876a3671ee5d4efc1e0364e11e7b292c55bff35a7a33ca0e6,test,E
Miner/1 (13691).jpg,0f3405977a8ecd65fc6cec644115b58cee5555bdf398d43d9e926e08c2ca9419,test,E
Miner/1 (11889).jpg,0f50fa64174c1cebb780bfff02baea50527f64910fb9b8a17a4ffa9584e90f84,test,E
Miner/1 (11899).jpg,0f97e71545d35118686dc796a9d1ebcf95d26f102dbf579b3419cc16ebee5023,test,E
Miner/1 (11918).jpg,0fce8971d0c20e46c20f74543e80a8eecb8f2a5d1d6bb8c655b55a7cf5c8471e,test,E
Miner/1 (13635).jpg,0ff661026b8b8ae41f5deb75f5346f0707e529f6a36c5c6dd2fb8065ed3a2ac6,test,E
Miner/1 (14044).jpg,100a37d1fa6db3966ba380853a4314a200210a357beb84ca54c9013b8d413062,test,E
Miner/1 (12590).jpg,1016fbdae017b1d1cb850f2c2990e1367de372171d546f65f4b522eb95d409ab,test,E
Miner/1 (14177).jpg,10451765311c3fba0cedd14de059e5c01cdeede39a87bb4e7ad20560b82a893c,test,E
Miner/1 (11677).jpg,104eef1dd4a8f3a568cdb082ebc22e99f99de916acfc817c929dc17c22205dc0,test,E
Miner/1 (10119).jpg,1051be4995dbe238b845c1e4a59625d637ca0e1c9e5a004f71427eceab42a595,test,E
Miner/1 (14971).jpg,1072aebd7e16f0fc5ee8e2a471f3c00accdde7b4ff702c7fefef66d9c2804079,test,E
Miner/1 (11095).jpg,107a0e306234f0c19a458c970168522060782bc26c0e108b43b77a3e479c38ec,test,E
Miner/1 (15461).jpg,10add4734399152e6e80e802f3696530d4e754ec31e2d48318cfdeee06803c7f,test,E
Miner/1 (11722).jpg,10bc80b91cd39e2c2b7af84d84d392005844bc9583ef5f04e6efe449b103b3e5,test,E
Miner/1 (12212).jpg,10f1e58dabbd807fb8fbde4a321b3e3cfd6f4d4c5b51526efc57a950c56132d4,test,E
Miner/1 (13977).jpg,1101bc3911d92c2697475db123ac2fb04b730c08bff48d2152fa3f624c594b6a,test,E
Miner/1 (12552).jpg,1108da478f5ee8697471a3311632242674c4172bd1dc9ae75ca3a71c8afadf6a,test,E
Miner/1 (15884).jpg,114a1bf9a6f24a36886c5e036404e706392b02533813974ae7a8f9760d51a83b,test,E
Miner/1 (10390).jpg,118c69ce123a94a6f8851dfb10ec59a75d4631c9961dbbd698afb12dd20f83a6,test,E
Miner/1 (10606).jpg,11ab2d0c65e98fca056f24b993ce1252c71c0d7f53edf68456296a370dda5a0a,test,E
Miner/1 (11098).jpg,123dd6c92eae90c9157c5bcd209a792b90aaf15b2e0b72b006e18347e0ef53b8,test,E
Miner/1 (11434).jpg,123fb3c9ed2b2839cf4f428a7cdf0ff294ecd37313f8eb441ed461e01ddc7577,test,E
Miner/1 (14652).jpg,1265276b7ff3434d91d2c5de1afa6f153528b2880d7c5c7972728de9b65f5278,test,E
Miner/1 (10464).jpg,1290c88a1a26b8293ac62afbf15ee68958c6c10d3c00197fd4c9412fa54e4e3e,test,E
Miner/1 (14791).jpg,12a6d4bd4cb8d3be045848228e034f630c348fe50cba0498b759878e06290b9a,test,E
Miner/1 (12792).jpg,12b014d13c6806b9f3c9d6b007533defba46d3e4b98d1ddc93dbadbce97ec029,test,E
Miner/1 (11895).jpg,12ccc7928b31cd82aec689131b7b89e3768af34aef0c2cff7284fa3cee033b23,test,E
Miner/1 (13991).jpg,12d440535d37dfe44c4ba7a277384bf55258293174c3f5104d9177c8a0f982f9,test,E
Miner/1 (14016).jpg,12e2bbe98cb29ed9fec5d8a636690cd25e633655d42cbdce49e05e017184d63a,test,E
Miner/1 (11281).jpg,12f54de3ff75f760ee1cae982bdcf35ef9de8e7324897a5622085b494fbfe25f,test,E
Miner/1 (11867).jpg,12fc19b632e79316f1642a81892bf828d8bf0acb37f3061d45154fa6d414aeb1,test,E
Miner/1 (11375).jpg,12fd1e32ea033c85425b011e0cb4926177dfc2a7eccb62f057cfae191a499a4c,test,E
Miner/1 (14313).jpg,1318e8bec03e1eecd2f4de261d7e92bd6c7c374eb1036ba5e26cea0905f456f0,test,E
Miner/1 (11737).jpg,133028b17718a8592a542c724c101690046bf13f7b11e56748cff2502765203a,test,E
Miner/1 (12589).jpg,133b1db2f095bd630e27e0c77652de2398b5e336c97b90759c3c0aae6f5ebdd3,test,E
Miner/1 (14250).jpg,1353dfdccd8bf6d598452a62495a63a025b87078899712bb8773fceca0f03075,test,E
Miner/1 (11736).jpg,13a3256e8f35af3a1cfad1007b87063f572f04deaee2902c03fe73b9ffd8ae7b,test,E
Miner/1 (12661).jpg,13a3fe78fa89c097025199b9c4e4d584feccdfe03779243ac1ca161ad6527b03,test,E
Miner/1 (11117).jpg,13b040db89311d3583f1561c0420130c6d9c1a122b09239f2c07195bb7757d10,test,E
Miner/1 (14120).jpg,13b0b3a6880b893849e8d62c4269a0ca66dd19243825146d5de51e9c1576ba74,test,E
Miner/1 (14087).jpg,13b4cb8f1c49e7d9faf6d60b14e8e2f3cb9f1513331b608622cfb68d8ebe8258,test,E
Miner/1 (10736).jpg,13ccc25c295627ad0e49d4a1d2a8e4416f460ebb8b79caca40ee3b44f0af85c3,test,E
Miner/1 (11372).jpg,13d384f4b4bb5962c378851394885a3338fd789988b05df5a93b09373081fda4,test,E
Miner/1 (14960).jpg,13f5faa42b04cc623eefaba76229b41e97618a8663e6be3bfa425e727ff40e2e,test,E
Miner/1 (14321).jpg,143d2c9a7b3b21327bb443c9c50b89c7492107bacf71f01ebc3ffe965a8d94d8,test,E
Miner/1 (13562).jpg,1506a0bd5caf0e1c62858a59c7226fc676098d1cd2219d7cf99beaae75fc29c6,test,E
Miner/1 (10408).jpg,1519dd71992e6c1912e78e7d54359dae6bd4840e62b6e52c24270e9a82385178,test,E
Miner/1 (14035).jpg,1522ac1cf0bbd965e0f16ea3164a908846378be6774a951adea3449fbaf183ca,test,E
Miner/1 (13826).jpg,161aabc83b23b3fe8395dd8943c227c7d921053bbf44d19ff87a8e793f1937f1,test,E
Miner/1 (15702).jpg,1644c678640b08d51fcbcd662d246766f847cf2ee29db9ba7217c81c610d79a0,test,E
Miner/1 (10053).jpg,167be7c8ab78ae0bd989dafc57ef808e2509fdde037978e9709ca7d09ff970ac,test,E
Miner/1 (12701).jpg,169343a9425ba52bdb80762f8b8cb923e5d67e28fea6568cc391dae4691ff981,test,E
Miner/1 (15686).jpg,16b050364f88033bf511f032c393778cc884318b3add5e3d28bf61a2718e3d36,test,E
Miner/1 (14721).jpg,16df582b72a6f0c3860c8af96aad064b9d993e1a179b58ea6d6b20705b1f739e,test,E
Miner/1 (12190).jpg,17098814227d89620d13b7ae3e56832d6913cc0c3eb4a4ef661ca64fa17837e4,test,E
Miner/1 (12843).jpg,17126da1e983dbc6dbb4ddf905ff33fbb3290bea008f67129cede9f1d96c5088,test,E
Miner/1 (10669).jpg,1739836a9714cbe3547f53ce475fe9b53e07c9cc874b7de12c54119979d5e750,test,E
Miner/1 (12734).jpg,1798fc5a4875ab3b70508d25d83680a289e6afd06e1d3f1a92958581a026a464,test,E
Miner/1 (10240).jpg,17cb34401d610870dc79df2fe4eb37247ac269f15a93089346e64829f24209d1,test,E
Miner/1 (13697).jpg,17ebebc8720b1dd453e08860a95834b412f78a858b2520ae7725c0e22045a99c,test,E
Miner/1 (10762).jpg,1807e3fd449e8d2621a3bc46136e5a672fe862e8fdbb73b8c38d07e7126068b3,test,E
Miner/1 (11861).jpg,18239028cb74bf2190ffe1da3a35f067a242b4e317a2e925ce1b385d7cce2ba2,test,E
Miner/1 (13415).jpg,186568a52ca3f50ac3127f93136541f5364b76f566957bc9c061554831440053,test,E
Miner/1 (10038).jpg,187de31e3f018caf9a979ce006c3697232a1536f19857fdce1ee4aef482996c3,test,E
Miner/1 (14985).jpg,18b69cc8bd301930bf459879e2f3b8cf9f0e1ff225689a679513d5d86c66ae13,test,E
Miner/1 (13132).jpg,1a490833f992992abe9e06a2b8e72595449961aba48fa024a5236f614298d6da,test,E
Miner/1 (14158).jpg,1a4d9d55f9ade8fe8f5c4fbbfbc1545baff1c932034f4e85079219866adbffd5,test,E
Miner/1 (14337).jpg,1a73d3546114155048860ed3117234393b707b53cdaa684db2f823ca507e626d,test,E
Miner/1 (14091).jpg,1a7788ba3f8f8a9804fccab825a26bbc423a553b135ab1e2b26e7a1a5fe8968d,test,E
Miner/1 (10266).jpg,1ab260430d154fed19ebfb5e4d6ccadc0086dd4e8f17e7eec549c1d4e5ea4bf6,test,E
Miner/1 (10614).jpg,1abc5d3fc36a5763f9e62fd2e19ad9a23d110621561ed931de3dcc710fed4948,test,E
Miner/1 (10725).jpg,1ac4ed69f293c80f0acf567dad1501d53478a245df466ef98f45373516ab3b84,test,E
Miner/1 (12206).jpg,1b11d84e7e02c9eeba2767ae0c4dc750237f898a27ca6cb973caaa3220c42c3c,test,E
Miner/1 (11926).jpg,1b15f62066c1412a2c86e245e8334eef6f0028dc9ef16245992405299adf0857,test,E
Miner/1 (14777).jpg,1b1b64c018633c0c798ebd57e4008d671062740436ac6c85d0c80e96f17f7843,test,E
Miner/1 (10729).jpg,1b32cd10fa31ad93faa015c11e3eb87dde4da655db9a058e02ca380f177dcd93,test,E
Miner/1 (13638).jpg,1b53f5caf54e669ade82c4ab1dff817c0b3a8b739edcec8191207c6f8f410548,test,E
Miner/1 (12585).jpg,1b56c9722c0bfc2a340f0b36ba6c38ea4c130b3f743f0144292c3e8aa1fd5ebc,test,E
Miner/1 (10254).jpg,1b5b7e987e36b70f94687e845ec299b918d1b979cd7220891b451ab739aceaff,test,E
Miner/1 (13689).jpg,1b714d27cfdef16f15ca30c93bef5d7db15fdff62d2e26736c0ea825c1608da5,test,E
Miner/1 (11700).jpg,1b75af94a1a217a57eb62b5416395f41abac4a7901873669ca15436ed71ff1d4,test,E
Miner/1 (12702).jpg,1b9fff1d3d7e84bc38d71821864591893ab59222b2fc9a408bfb022fdf250a44,test,E
Miner/1 (15709).jpg,1bcdc609cf2268bb1c2b66abafb6c117c2df54a5dfa89a30182b8f2712284adb,test,E
Miner/1 (10182).jpg,1bdd5743c2de19337fec13e3c902719e77e388565af9f29839e831fe724f2d87,test,E
Miner/1 (15003).jpg,1c45d2992a968dfea9cdad1247017cf386e872ff8f3a027e70aa69a7d12dd0b0,test,E
Miner/1 (1068).jpg,1c4b0a8608c2fac843b15315cf3ccef45b0511f4003d9e4bb9cbb5b47870793d,test,E
Miner/1 (10751).jpg,1c5101c35127d2f202034bf088b7ffa9afa14807d40ec6e54bf84ae587b2e30a,test,E
Miner/1 (11295).jpg,1c525caabf38c58fb3340fd7ff56073a79f404b19ec3e5523f8b814bdbdb568e,test,E
Miner/1 (10036).jpg,1c565f0a3821164183e9ed9394eeef575cd32a4bffafd75cd78bee122c628fdb,test,E
Miner/1 (15625).jpg,1c9ddb78640b7ef390f0df5aa0a5b53fc0a82acf6d98551f616611f385f27b7d,test,E
Miner/1 (10403).jpg,1d10fe983bce04b120e8711a4bfed95ef438f0321ea3964fff3babe5ee3dce87,test,E
Miner/1 (10404).jpg,1d1cab494ba1023ca2ba661fa92611eb6fbfb18f433c65d12066bb0bcb7c2887,test,E
Miner/1 (15334).jpg,1d2b781ee79b231a15faad25f8b7d7a7abcf34331ed1d1af49561f9e3aedcbcb,test,E
Miner/1 (13796).jpg,1d6e1c8362e7f0562c242c59c5577e1b3c7dffafd40041108809a277e4d0348d,test,E
Miner/1 (14002).jpg,1dc0ff92744d2092461ef884b765da4f9c860dc9193a550a3376ea320e0ea843,test,E
Miner/1 (14306).jpg,1dc6f6b2609811172b55d77f86090210cfa2480bec98820499269ed976213b71,test,E
Miner/1 (13241).jpg,1e14010f90ca313b774f1a8d748a249c2b7201b1a1a0c46a36e11bc5f0c94a3e,test,E
Miner/1 (13236).jpg,1e481213a5439381d86aabb81b2be3081e202d42463861b09de098be3b1e7c53,test,E
Miner/1 (13641).jpg,1e7764b76ae335cafb86d3edb5d070e712b71da20c5c9f6f2281d1a83a3cab1f,test,E
Miner/1 (14168).jpg,1e9a73a48327044dfedfa531299ed2ca85c65d356b317c69effc2d42a34a68e5,test,E
Miner/1 (12211).jpg,1e9a97ffa08518649e3693b937df27d7aa993c9371e8b71269426f7cae5ab4e9,test,E
Miner/1 (12668).jpg,1eb518fadc0d4ba681bf5b0017877eef20f5904dd3b4e168f29ce5f7204b9cb4,test,E
Miner/1 (12214).jpg,1ebc7a80944eaa14c1ee4d921d62e4eee5c7760bda18ff8de8359436870d3d27,test,E
Miner/1 (14324).jpg,1f69984d1ac9a683ad9a35f442dcda87953695a31f16bc292fbf97817751befb,test,E
Miner/1 (13586).jpg,1f7aa211740bf0e8c35b0d53a48488b089a62a9203a7606e665d51d66e1a41f3,test,E
Miner/1 (11298).jpg,1fa776a395da15003043ff07f13968383734144e62f0da98baac4e937f1dce33,test,E
Miner/1 (11697).jpg,1fa8ceaf7c43291598a43b344898e9440c8f1b66c18f3494063031e1b6cf79fe,test,E
Miner/1 (12520).jpg,1fb647e3cc0eeee91ceed40c4bffac6bde0c0ea8c9a8920c280cb4abfb009241,test,E
Miner/1 (15534).jpg,1fcfcc97989ced7895ef6c076e403ea6503da14432805bc418b0954774885bb3,test,E
Miner/1 (10139).jpg,205ade5163666f6288b438d271290c0b456b34c5291cf4fdd4f47867074932c8,test,E
Miner/1 (11707).jpg,205ee855c315adac5fadb9ea0a1b8d7cf8ba2c4066a196c849bc134c0ec76e76,test,E
Miner/1 (14717).jpg,20b6a6f201325fc13ff4f841d1ad12c5c4b05bce2dd863f1ce1d31d1e6080882,test,E
Miner/1 (11571).jpg,211c828be823f227b5446d66d01f09ca721411b8e14c4ea405bd38cec5218550,test,E
Miner/1 (11115).jpg,211ed3234c45603984b67a4817f71a45df22106c6a22b62ff4cc383dbf87020d,test,E
Miner/1 (14998).jpg,21639b2e7cd472ef8c116bc2deddf867f75f8d11f16a8684022a9e3058887816,test,E
Miner/1 (15358).jpg,219c4c1b62667a74efecc554fcff95f72e1dcae14d0cbfab07907bfd0bb8cbbc,test,E
Miner/1 (15370).jpg,21b5a4ff69fb27bb4619afcc6f3f7caccb479944c30a29625fc6c6bc621badc0,test,E
Miner/1 (10074).jpg,21e842cf0b124fea01d5a914fc7c33b545fedabddcd7767413331d96c32cd0ba,test,E
Miner/1 (12583).jpg,21ee5ddf07df74d1f4cd7e1d9a24dfa0d292989f5d69a638479e0614b6913ccb,test,E
Miner/1 (11574).jpg,220b562d0123e6e831f711e5d8ea0227bb5c521f0c7e40a4d0dde7be2e9182d9,test,E
Miner/1 (12665).jpg,222e6b673e5e4dd24f8c8050de8bb5a50ab9df72c12b93b2604c1de8e078edc9,test,E
Miner/1 (14130).jpg,229d93dbab8ebcca7fbb99452c305eba355ab66f4d20374aed2c8f2c184f9fc2,test,E
Miner/1 (11123).jpg,22c8655fd939966903c5b68ecd33e481339745b0dc649ba88b495261e5b0c5ed,test,E
Miner/1 (10348).jpg,22ea78280717fe1c56a1e82b70ec18420f58140953641dc45153c95f3b05ce19,test,E
Miner/1 (10027).jpg,233cb0ae3330f60ab892dc6651d4219c191f3e033774ea99eb3e299c1e3f5df7,test,E
Miner/1 (14039).jpg,2342599bc2de0b03dfd5e2a9dc4fe814264bdcecbeecf4de44b7a0400bda2ce1,test,E
Miner/1 (10230).jpg,23a2e226f4022da14dc92a38c36bc4e8e11428aa81f95a10222ec70e5ab82c02,test,E
Miner/1 (10018).jpg,23c25064943fabe225544dfa03cfecac2d9b08a553d68a90c474015198d34b81,test,E
Miner/1 (12862).jpg,23d471f148a9257e41f5ed0fe94b59350ab4f9e86a6e7c1a038a9dabb9305f7a,test,E
Miner/1 (11977).jpg,23e6c87f8b6bac8c4fe4571551a95ca2d1d742085f71c7420b6c352cdd9b13d9,test,E
Miner/1 (10418).jpg,2404c4bc440c795eabc35bc5e1dbc27307c5dbaae3ea0e1bb00cb176e4f4f9ec,test,E
Miner/1 (10430).jpg,24121082c2c4c38733033556429696142b23a4dcaa972dfbff0b5ca48db69c7a,test,E
Miner/1 (11099).jpg,2446e4fe0760a17fa5ea7afb308d00beac6930b1241097cec37558ed0f3fd291,test,E
Miner/1 (13872).jpg,24729f27697b79abddb3f6b787c1c6105da54aa916746e90d536575231f57fdc,test,E
Miner/1 (10358).jpg,247fc7f8768c892b4ea7c4d86cda4fe9dacf48ff286c4762708cc905ea1d462c,test,E
Miner/1 (10003).jpg,2496f229e803b453045794d4cfdf0b0df342ec94ea8c55d79ab73f784b0669db,test,E
Miner/1 (11715).jpg,249fe127d384b75d1078a70e215d397ad92d98c6305f98e2f9048ce38f104c05,test,E
Miner/1 (14084).jpg,24a4c0586cb465ed14ad099d997d595dcde512931089fb65900e3262c4a14d4c,test,E
Miner/1 (14966).jpg,24d1ca2b9a0956c20ca084c07316b38459a8880fa247e390a9458d4bb2b8d774,test,E
Miner/1 (10068).jpg,2505827d1fbd9942922182ce05736e07cc55d1d4ba3bed30657c9be9e3a6ab1c,test,E
Miner/1 (14982).jpg,25197a03f7f2ce6405310f3f0c562900750050b1c406504f3243177ae9e0c66d,test,E
Miner/1 (10212).jpg,25231ccf8d2842325905d2ea4189deaba811579022efdd5f7059c57134739d34,test,E
Miner/1 (13502).jpg,254ab014e24534378680dee800775af5c45ce794ff6afc0f9845a7c9933426c8,test,E
Miner/1 (11461).jpg,255daf45a689842d065a7a7273f9fd464908106957e6066b458c5a76b5115444,test,E
Miner/1 (11094).jpg,257d40fdf6aae925d2d1af5e9b6e7999bbb34ac982187eaeb4af7cbe9e0fb68c,test,E
Miner/1 (15759).jpg,258d8a6660a37208704c25ea20cc98545c0755fcf04c198c9bd9b7abf8b4abd7,test,E
Miner/1 (12184).jpg,259c4c0be40989c7c98d70a3e17903e9e00a884230e2b0f7391c31e2ebd8004f,test,E
Miner/1 (14327).jpg,264deec427b252197b7f96aec31078bb2a8171b9ad6ff7a19644c44e92eaaa53,test,E
Miner/1 (11217).jpg,2673a0bab5f906a918f31f8dbe6f69064d6fcf83111ffc2e3c311c27dc1fa435,test,E
Miner/1 (15201).jpg,2680186bb70149991899ee0e22e1fc4087dca5eb8b4d1049fd5b248c579673c8,test,E
Miner/1 (11457).jpg,2686506f58381447592f32bda5832b1bcb678a093431bef6b5545f0ad374f5c8,test,E
Miner/1 (12699).jpg,26accf2cbbfebf0a26781a1090fefd621cbfffff651fe7bfcb01d4656c4bfe36,test,E
Miner/1 (14203).jpg,2723c6449bb53667e5232b309593e05e51a342128c6feee1466833f230c866c9,test,E
Miner/1 (14334).jpg,272ad1bf73b377f62647aa91ac7bc0bde576abe6b3b5348ec43fe7e33c40df4f,test,E
Miner/1 (11896).jpg,273bcd7d84bf86e83b4f61b1bac1f98056cb12d99b470a37d59c4af9f4575d36,test,E
Miner/1 (10200).jpg,273c236aff81180098e86662016c53d075da46f47d1c5b6e516a55541e736555,test,E
Miner/1 (15823).jpg,275cfa6630669e48f4cf737257607e0c12df09ec18f08bc37c69832a29d82319,test,E
Miner/1 (15766).jpg,278d6d922957b200ca2f90bc5e07373edffee46dc7e0be11a3e62dfbca42ad42,test,E
Miner/1 (12797).jpg,279108a4ad9ce17f213d8f17f7ce60d3cbab35c6666f84078caf36213d3c1ac7,test,E
Miner/1 (13637).jpg,27a68050cd480cc8cb8ca5a35b8789c03c8bb24b020b44cde24fbe8269dcc404,test,E
Miner/1 (12869).jpg,2820503948470fa49d423754dd2d2309d92c799f4343d9b09c97e8518614a6a8,test,E
Miner/1 (12035).jpg,283511b324c0ebbc2e8a3fbb52a37595c6cd0ef21d4489770a0f83a2ed4d31a1,test,E
Miner/1 (14246).jpg,285d5345cdf6939a97ee1c7a21b19a541d8ca4384aaf36a7104ac8c9fe0d5dac,test,E
Miner/1 (14642).jpg,2878dc6c7431e59c782a176a6c98a2eb4ceb13eda61b6de2c2aeb26a12b52184,test,E
Miner/1 (14710).jpg,28a36d5ccf69d8b9c5b189a6a3bd193f066c30805305b9c81b65e6cb6f505445,test,E
Miner/1 (13643).jpg,28b3a469780004fffca0c145c580951601c6d0b700c216330e9183c9d95bec44,test,E
Miner/1 (14309).jpg,28ee14da5a32db7341d781f8545761aa21db98783fe9f8ec8c61366ba7884f27,test,E
Miner/1 (10017).jpg,2945a0d451b9265f5ba8460d4cab9c5c6045485332c79a70f18907ca3d10a32f,test,E
Miner/1 (15685).jpg,2992ae128984dd3de109efaca8194cd33ab639176978f08fe228087cc3e7df87,test,E
Miner/1 (12123).jpg,2a024a6d3787cfc2215497d0fdc8ffd09c9a0e88b1e5d7ed1a860a32e37258dd,test,E
Miner/1 (15879).jpg,2a5f0fd855b76057a0c25d9b977e7e0f72f2cacf9245107c4435c32e49ef95b4,test,E
Miner/1 (12540).jpg,2a6280de1cc56f78fe2f372a44ce7aefce03a0f195c9fec64707d424400f2433,test,E
Miner/1 (13948).jpg,2a8325a54f2df012be2b0f19b3b49020f7e194314cb70b94591c0be7d98f6658,test,E
Miner/1 (15681).jpg,2abae867169a4a80401f776743d1edd7bb3092f1bc3a99e1f03d698e4fa38387,test,E
Miner/1 (15621).jpg,2abbc7f50094572328c334dd2e06e081ca0ab9bcc63480393210c6bb1a7fdb2b,test,E
Miner/1 (11517).jpg,2adc5b1bcc4009217fdf6655338c1da50877ab3edb0c7b8c7c1d2ad2e53b4736,test,E
Miner/1 (10241).jpg,2adcd69d2907ffaf51849838373d85a09e8411edb92a607c5e378803d5b7933d,test,E
Miner/1 (14093).jpg,2ae425a2d5a44b25d4451a7adbf33a45451445b267b750ca58963bd48761fd1c,test,E
Miner/1 (10204).jpg,2af8f603b7b1dc7b8c168ed9902d90621ce35e0aa31f1b3a735f926a4eea0ddb,test,E
Miner/1 (13984).jpg,2b718e4dd7b984f0e3b8627ec18c811dfa107423467375e0449b2571854413ee,test,E
Miner/1 (10317).jpg,2b96b135bc00e9283989a4ec07d6a77eff67f267c4b67bca176dbb5b0207e82b,test,E
Miner/1 (10040).jpg,2bcaaec6d0377639471c0c36ec6b2182cf10e76aea8c74468452320755aaeb38,test,E
Miner/1 (10367).jpg,2be73ee47289e2b64c1d8e9ff9c4e6ed2ab10d508708928caee32fc7135dd179,test,E
Miner/1 (13493).jpg,2bf4bd466380e937ff8ff1ce37fdcd57b761828113a806bef422a59a4f51b87e,test,E
Miner/1 (14660).jpg,2c15413afcb5b90ea729c78786de46ec6190712d7ac0d5f0097ee123bf24b21f,test,E
Miner/1 (14042).jpg,2c2da64e1b4729fd4bce1f0837409ee8b48a8954a2d50fb77847434f5fbfd5d4,test,E
Miner/1 (12727).jpg,2c575d5c345a139a584f087dbf4ab9d9b7e2bdb2a26a8820661c201d17d81e82,test,E
Miner/1 (14975).jpg,2ca406bd057c78f3f3dea0e3aec7a1326069821d549ec5eab755d88bdad9cfb7,test,E
Miner/1 (15251).jpg,2cd2786d4912d8a5f20eda2f422b0ce4db50c733ebcac64ef7e0a1e114e66b9c,test,E
Miner/1 (10081).jpg,2d3a7a14c32ecfbf5bed75967c645d0aa25e829bb11ae8af7af60e09e855a6db,test,E
Miner/1 (14011).jpg,2d564cc7cd5b29a5a1a505b93b053e1990b0e40340cf8b62aed58eae58874215,test,E
Miner/1 (15812).jpg,2d7bb6296a3d5c68d1e6a1fe56478b8c2bf0e5a357fd211237a72f191f5306c6,test,E
Miner/1 (15206).jpg,2d86df74c4266472bf6d5b5b304cd44489769833d81cca40689027b6f61e2cce,test,E
Miner/1 (15344).jpg,2dc2d87171d516809b53ec4202951d98e46cff46f747fb3fac701c0913be2326,test,E
Miner/1 (14999).jpg,2e3abb1418aa9cb46b6247df617b11ccb91d11abbf0c3ba8b93551d891cbebf1,test,E
Miner/1 (12542).jpg,2e3c4807e8e1d767e85295595136e5d40411024f75d092c10b334acc014f8f0b,test,E
Miner/1 (11118).jpg,2e498dad3acb77519d051e02db1888009a1f655215d0a4669625ca67c5deedcd,test,E
Miner/1 (15368).jpg,2e4c86ea9bfcf7fc50a7cf928a56aac131bb65f59afbbc6a464cbc66fa76108f,test,E
Miner/1 (14641).jpg,2e7863d3fd23536ee65752c1e6c5bd524a0f97728d8b10a0d5c1bcc1f31c9fab,test,E
Miner/1 (14223).jpg,2e78abf94dc7e2afc2bed22715474bec0df222925cf7a7ac28d0171fe53a168e,test,E
Miner/1 (15814).jpg,2e79aea8a4245d90fd455470e1a7e832324ef01d4cadef4fef1e38870d1fe681,test,E
Miner/1 (14259).jpg,2e9a01fb56e329a4467683d390a672dace27620e5918de72ee11c217dac0a5b3,test,E
Miner/1 (15600).jpg,2e9f6f7e266e692f12105fae72c20b1d86f9b37f79701ca64c533788e570ce1d,test,E
Miner/1 (12599).jpg,2efc7f423753f93d8cd64a3d2877e2a08351df7595a75a9e0e655d090812f1dc,test,E
Miner/1 (14855).jpg,2f13da2ba926d8ab49134250f13ddec0904b19b02f7b122b335ef37929b04224,test,E
Miner/1 (11245).jpg,2f1c399a743d9b34c51c50512ba61060c81682475591e1506086e412416d535b,test,E
Miner/1 (10959).jpg,2f36c470b75cda310380f7f9bccb377222646e1f09d9f5c5a617aa335f8c1f55,test,E
Miner/1 (10087).jpg,2f471bc0a99b79ac2438032ea4b89035be0e7b782b3fb67e4800a2ee11988690,test,E
Miner/1 (10539).jpg,2f562a948927861ca5bd344d911a4c143073dd35d5c3ec6c2cc6d55af228624a,test,E
Miner/1 (13822).jpg,2f89944e760ed071a9c6ae881b0e1270351d9d32b7f59c5cfde6ec5dbcf1e3ef,test,E
Miner/1 (13245).jpg,2f9515404273102e77b3b5f63b5b89c97fad52543c1e766afb3f96b850306769,test,E
Miner/1 (13861).jpg,3012d7455d03dbbe94b3aaab4efb6dcfcd5a425e3a2247f32aafef2ececac57a,test,E
Miner/1 (11296).jpg,3029bc67352fa10c38964b3d4416807b5b265465fd11d00f9e029d9f0bf9d6f0,test,E
Miner/1 (14315).jpg,304d3bd126bf7fb3109c882ddf525b042ec5c36794907f5d49286dfc6ea81915,test,E
Miner/1 (14962).jpg,309e5791a01cdc95483f38ce8cc94c2517dece4fa38e603bd644f2ac52df2529,test,E
Miner/1 (13090).jpg,3136943a0e730aa3a1728dd7a04aaee2ecd7d46898b4cb28c6c4762e29d7757d,test,E
Miner/1 (10135).jpg,314a4c8414cb54f6a5c1a5b8251b026259b1e15867c93a1de5f9b7f71be9eead,test,E
Miner/1 (12546).jpg,317a300becf16e54d36c6d48b12514e42c03cbbae8bdb07eb9908ff8f9011329,test,E
Miner/1 (10360).jpg,31b2b22d4cc27b802c945acb44a1c80d8b89fd008a73ba9e5e5bc5dcbaeca45f,test,E
Miner/1 (1066).jpg,31d9f185518fcf5c92c48ab617d86a58757c9923cf4b2b1a0a8d9d060e788985,test,E
Miner/1 (11923).jpg,31eb21fb8964893a104bc76bbc2d314c96a3c84fdb5417a58fc2bd9464326b48,test,E
Miner/1 (12045).jpg,31fe219869f52b877be7efd9c1d8c15128b9f83ef0ff4692523681dbdc6af2ed,test,E
Miner/1 (11438).jpg,323c00abdc417cf15d71de2e38dcbcdcf01e5ee9ee875efc97f95ee290fac7a2,test,E
Miner/1 (12838).jpg,324850a05e44881757dac25e76c061d0c0900847fe9778319bb6f33cb0061e4f,test,E
Miner/1 (13225).jpg,324ea47cc4a4847ecf4db19b36a682153efa8e980960928ba9bc001b3f1d356e,test,E
Miner/1 (11999).jpg,3252940fc402809206d5c5b5a3be6555e0d2119dc67bfb8592cc3fcfed60040e,test,E
Miner/1 (10964).jpg,32583b18755f02f4bef6336648f807827192f3f09d827850f09a0e6519fdebfa,test,E
Miner/1 (14674).jpg,328ef68f474412fc9f36dbc05101fb3ef6b7cc3b3c57f63cc3ddb99817d1fa34,test,E
Miner/1 (11699).jpg,32994d823dbf080282725d6821300429bb79560e10ecca2c60d4b75d981edf2a,test,E
Miner/1 (11567).jpg,329a616851b5791dc982a167422d930d6ef53da472d18d45bf4aed3d2d676450,test,E
Miner/1 (15824).jpg,32a19ed1915c9a7d33e7e7a808b90e93800253fd67fdebb8c3874d7bc2eba09d,test,E
Miner/1 (12005).jpg,32a825dfe19a42e6a5d64955c2a97ea0144a7096db73e65a1b49400b401bab36,test,E
Miner/1 (12790).jpg,3351f07fe564d03cbca1d7557c73d31ca6ff181b937a68f80369fcb26e869cc4,test,E
Miner/1 (10125).jpg,3369b3bc7a364da7b4f6e7e8db042b5b016916b3c928cf0f1a5731ceffe1433f,test,E
Miner/1 (14972).jpg,33809b1e77a53424fb0f70204cb5c22980dca4df7a39da7dd66b63fa31f1352b,test,E
Miner/1 (15337).jpg,33a8bc6bd8968fece6b28f4f054443e0e915a5cc1674224263d82958f2fccc5c,test,E
Miner/1 (14220).jpg,33c044b22b07a5122937133b7fce6b1c32472425fb605964f3908a23c6341592,test,E
Miner/1 (15817).jpg,33c40a084716d838c34dee9f659310e9760495a90db9f08eb04f9c7856db89df,test,E
Miner/1 (13219).jpg,33cde76932326d65884b5180beceb9a460183a13c7fa0c3fe81e8241c86c1dc9,test,E
Miner/1 (10071).jpg,33fbda546ab4d4a73a904dd2edacf79f56b88ff88b607698c83f9e20b5e475d1,test,E
Miner/1 (12871).jpg,3432bffa537e5c8c07e2ae0acd5692bbd8b7ed64b814370748b71196ef7440b3,test,E
Miner/1 (15822).jpg,347890afff70edaca3703f39cd72afccf38868dc8616b091a022cf5d5aaf0ce6,test,E
Miner/1 (14216).jpg,34b6dbaf5aae05116e023b510b7f8b6e0a60b7a53d1b9a7fde3cbefb6eacdc4b,test,E
Miner/1 (14646).jpg,34c04a268ce8c040779e044e11a6434942e1e5dbf5418aff6421269d016d8355,test,E
Miner/1 (12732).jpg,34f626606b0a7b8578480cfa23af97dce4599386aee99a193b11401a08b36a21,test,E
Miner/1 (13755).jpg,34fda8881a96f7d615b510e1d98c12754cd5d20e7d870e4287a92329dbb2ed85,test,E
Miner/1 (13491).jpg,3521eb7fb8c51eff9222938873a6e86e41c5d957659eeea10c6a844e53286bf9,test,E
Miner/1 (10141).jpg,353712929ea9ebcda1bf9eb4e1fbce70ccab44cefd196e12d373be990502f7d8,test,E
Miner/1 (11282).jpg,35b4ecbef203cef75ef8b544e2ca38e91a6cbd436cd61d9abe2b0a7ffc312ea9,test,E
Miner/1 (11963).jpg,35cf9f5308666425c260ceaf3b5eeab94e494ab98c5a0aee818fd5180658b085,test,E
Miner/1 (10236).jpg,35d6598ec33030e1295c34394d74e9cead1377be0f716d7fbabb5ace6b2eebd0,test,E
Miner/1 (11772).jpg,3638cc348043dc65c7ba5c7f69df702f6c18ef0d45cecf18a00d2b991727a0b6,test,E
Miner/1 (10470).jpg,363aabc053b86c8cd30829d6e9a1b745a1ce749423ce5772fc56f44f6b40df54,test,E
Miner/1 (14712).jpg,364dee2e22c67e72f1c4bf4314f35be4208a2754744a5a918626826ee7e25f30,test,E
Miner/1 (11089).jpg,367114b90f836ccf290a6f3b0e942ad4bb783fbb4c0dd7c0d5ca615fa1353c71,test,E
Miner/1 (11519).jpg,3673dfd4f4662988777b370d8bcc2d875b517337b3651c44ded0baae5b4b7bee,test,E
Miner/1 (14336).jpg,36872e010b5a9df1b9b864de52443adca83de5e93ec08fabd767d7666944dee5,test,E
Miner/1 (11090).jpg,3696dcb96ab3638f6c651456fef6ff269fd7440d3ec72bf901e9a24d026f9d5e,test,E
Miner/1 (10004).jpg,369be8449285b1cb11e10d1ce03cfd715db164faac2197718cd0964d2d868340,test,E
Miner/1 (14974).jpg,36eb03dbd919a08cb73db4f1cc8ac1dd3d0249ba63952bda1f82a7e2dc4055f6,test,E
Miner/1 (13696).jpg,36faca537ff58a42e75c272e0a3220f5f033f262f0b3ab7f74687ff686aa5095,test,E
Miner/1 (12056).jpg,37115a6296aa6528a45d0fcb93275d7dce40edf8ab37af24dd19ff3c68dc354d,test,E
Miner/1 (10612).jpg,37201c4af29c9e2fed0692bafc433c0639171e73964d1da16fb29daeaad31c0c,test,E
Miner/1 (15528).jpg,3768273dce96bd28f6ceb39b7dd878e6c1354e675a0f8ca72c4880c0eeffdf39,test,E
Miner/1 (13419).jpg,37786593309bccb1c778271178350fa828312e0cb695aae8012ebdd7eabe902e,test,E
Miner/1 (12069).jpg,377d4c986a689776a9c926021a80f8903a4f70843ff02b2b8b8d33df89861a08,test,E
Miner/1 (10356).jpg,378b33906da54db2f76cd2cf920feca5ab4f69bde197ca7422c2ec4cc09b8fc7,test,E
Miner/1 (13701).jpg,37c43a58e9c95b2c810371ebbf8ab1bc601453883407e92b39f7efd4a09f43bb,test,E
Miner/1 (11854).jpg,384961441406c5a0b6897fae6d7af0945f0a8e2730583b49b97ab1766e1395e9,test,E
Miner/1 (15758).jpg,3871f9507d59b6a2696c26524edf98d018a7d8e6c1b2227c3bb41361bdb8ef3d,test,E
Miner/1 (10675).jpg,389f612765305fa1925d8f946576ada6aeda1b7e45acac7c25004eb87d4c12ca,test,E
Miner/1 (10305).jpg,38a6f24d68bdcadf3ed7bbcddf06f6c57dab108a07c62bae87f4f07c205a52c4,test,E
Miner/1 (10237).jpg,38bff6eeac48410b23832b178e1025a45bb66e668581655c1a44868de03aa8d1,test,E
Miner/1 (15005).jpg,3902b1539bdd20e5242dedfadb52f5512e2788fd7ae11b107bc945b1673588c2,test,E
Miner/1 (15760).jpg,3907b1eb57cf3cd5ea273676ed313878cf5669086d9d4abc2674f3d3b64c33ce,test,E
Miner/1 (10548).jpg,39405718a3ce0b8ee9d787d4ead93ed6960c8ffeab0d8ace24136c6ba5b36473,test,E
Miner/1 (10534).jpg,39416aa876b55b74cda7fbdef7989e84fffb47a1a2f312d9aefcca1d1c504b6c,test,E
Miner/1 (12195).jpg,3977e56e1e743a8f2acf37380142bcb9ebcc4a471a96f222a441bc4d6c0fc6f7,test,E
Miner/1 (14323).jpg,398ba5ff28f3b72ee2627944d23758ced43080971363d880046a31232b2366d6,test,E
Miner/1 (14918).jpg,398dadde851d97f9528fb6aa1a7614670a28f8c6ae5877bc559b9fd593962c42,test,E
Miner/1 (10206).jpg,39b23fcc3828d177b91793279c70da58358791be53c3616ca5d6f3afada2ae11,test,E
Miner/1 (12043).jpg,39ba6f5ccea8735357cebfabe7fbcd1eb2f3bba1db46ad10e1689e300060c1cd,test,E
Miner/1 (13900).jpg,39d4617bda018b9f78686b8512e7f2459d7e2fbe1ea3bc9e49d6c4df4b6e19b6,test,E
Miner/1 (12082).jpg,3a3133a1f6ee31f0795b89c4938c4d3151d605f7b7eae393a98c438ff15bde98,test,E
Miner/1 (15813).jpg,3a5f21d9f2fbf1ae9eb9b5cebe916feacea27137c2959475305901d6e64f23e0,test,E
Miner/1 (11125).jpg,3a72700cb7a65197259d95cf80253942375f44bbd11a528c3720df665b41ff44,test,E
Miner/1 (12600).jpg,3a8dd65c809f863057d84abda0fe1fddf130795843d7b63e11c095ea5c24f15d,test,E
Miner/1 (15532).jpg,3ac50940de182ef5a533555de14aed7935bfce5f5d8637530f3a17e19718744c,test,E
Miner/1 (10063).jpg,3ae6c250b7011c2845c9e0f61f1c553279faed65de51592bd20f2b20b25df4e6,test,E
Miner/1 (13869).jpg,3b10fc1e087223dae457253bba7d0d23b73c287f309d873763c736fd69835ce5,test,E
Miner/1 (13582).jpg,3b5e4fbfcb3f3540ae7b7a15195b333bdc58c18f38debe3e32741dee50a71fe4,test,E
Miner/1 (1067).jpg,3b63fbcfce1b3c49f4ab39b92e230f3c2131886c521fba0a9d451064609d91d1,test,E
Miner/1 (10308).jpg,3b8cef5f91b148ff1a191e1dad3b0daa9e99871a49712425aa7c49178e0c7068,test,E
Miner/1 (12868).jpg,3baa5c3c51dcad685874f673cf9420cdd2124984bb0093e923ceaeb280a076b4,test,E
Miner/1 (12663).jpg,3bae737e1273c2e89a940f160937a89190f5970a71d378558e5ccc1a803632cb,test,E
Miner/1 (11466).jpg,3c0e4fe46561e4b692cbef4c9d555f6064d0cb53cdc451dfb214f345e077745b,test,E
Miner/1 (13693).jpg,3c21fa0173e5d233477166673497adffa631f8d164a01a56a92c734966d5295e,test,E
Miner/1 (12670).jpg,3c2cab57b0a74d53117218fd32fd06f1a045b70aa51310913cd3abb72037bce2,test,E
Miner/1 (11286).jpg,3c7d0ef3805743ee1947925ad04032bc313aa0513f7337e4e834e84b79612032,test,E
Miner/1 (10754).jpg,3c80502e16b486f858cc2680b63de09d78b93b30331880da13b53bc453fe1a78,test,E
Miner/1 (13839).jpg,3c9569e667ae459ab240b5ba2b9e396b6cd04f83c51986aa23da91c7523509a9,test,E
Miner/1 (13699).jpg,3cb72070ea970331b05631a6e2c42e55b85cd8c08002deac9462523e6f25a8c5,test,E
Miner/1 (12523).jpg,3cc8e1139c5d43c5ef49a54787231ffc23d769e248bc2f29f65d710f2ef672d5,test,E
Miner/1 (12853).jpg,3ce297b2c3a19d1015e081ed3ac1afb1bb0e793955275a643d89aa8140ebe2c1,test,E
Miner/1 (13895).jpg,3cf632c8606f15b8214287422d86e927b2aad8e9f012f3123d73e28eb4379518,test,E
Miner/1 (12550).jpg,3cf6e58abbdc3548cb534dce3eb7748af536575f789c90e6ea7f9e9f025af1b2,test,E
Miner/1 (14175).jpg,3d0e1f792075d09f3306de8f91fcb48680d2ead489e525bfa5d2fe509ef03473,test,E
Miner/1 (13492).jpg,3d169ff99048159a70b0ca81803c94b54f6d1feb916fdde9b6d7f8862cd9b82b,test,E
Miner/1 (12528).jpg,3d256781fd7ef3a930496348c3aeb5b6add853c635438e8aeaf2a89cf92562c6,test,E
Miner/1 (10032).jpg,3dfa80626ee235b61528ccc0bd7425bcde25521641b4432c6c9b4dfa348dd63c,test,E
Miner/1 (12201).jpg,3e05c9655da57f3580c8026ad416ef8497933997304c5379108c6141851273ff,test,E
Miner/1 (11862).jpg,3e402f700268957332186f3e5f31d7ac1618da16458640ff0af8ea27bc0e287d,test,E
Miner/1 (13842).jpg,3e5d2b6c85891b97df0d29d398f7392dccb4448a1776bb51d2ec432f855f1cc7,test,E
Miner/1 (14305).jpg,3e9113d66eb96cf20aa4c829b565ad0f9567f7562af5186c5a25e24600052de5,test,E
Miner/1 (10750).jpg,3e977a67d47052e2954c17ae68863be864198f87052ccb444d9b2b3442728927,test,E
Miner/1 (11870).jpg,3ec7e7d7f6543dd684ce7765d73e17a4f2d943145d60ae23192a02b772222789,test,E
Miner/1 (15679).jpg,3ecf50bc929a269e7885c4bfd70b1bd3c5ed7eac08a7b1335635038715505a45,test,E
Miner/1 (10134).jpg,3efc94f60415961af4726230927723bb7804597603e0f699f91d42463138de64,test,E
Miner/1 (10256).jpg,3f19af53644a77a07018e5a0f78566406196160ce1c43dee9ee38d36060c388e,test,E
Miner/1 (13873).jpg,3f4ae45b415b4d29796831b9c83f30a0f692a4233e448c1cf6908b86b61c83cf,test,E
Miner/1 (13506).jpg,3f52d42f0654e4f67aa1e338dce0e680ebb8a8585f6a3e87a8bad7c06046bf0c,test,E
Miner/1 (11460).jpg,3f5e633369307e3b4f84be42b56b5ff3df561cb77b02562ab432d1d8680ca9ad,test,E
Miner/1 (13339).jpg,3fcc3902931e6a38b14d3b81277434338764f67dc180fcf9c7fb2f5555db776c,test,E
Miner/1 (12083).jpg,3fd81be94ec0be78400030f83629bdacfa808c8821b403dcdeadb7aacef2374f,test,E
Miner/1 (10400).jpg,403bc27d5b972593352a46af6783706c0b39b45d324497b92d38ee306ba20040,test,E
Miner/1 (11566).jpg,40616ecec4e277577b425f572a332b5e27c3eb0e53de1e0b11fc4bc51f3f515d,test,E
Miner/1 (15535).jpg,408df871764b439c36a5dc366229abb7eae63d73e9fedfda13c59158c633344a,test,E
Miner/1 (11636).jpg,409244acf38459a896c9f39cf72ae2da451b3838e90fee6d5dd26f9132f9fe7f,test,E
Miner/1 (13867).jpg,409d118e979b3899b170585138454696dff48d3fdaeb09545391c32abac79da8,test,E
Miner/1 (10086).jpg,40cb3b57731c7a674c70d1658f346ce0bba58c133515cac33a80be44a1eff543,test,E
Miner/1 (10392).jpg,40d85b89487dbaaab076678c7a802bbc4b9fac57e122aa311f28e5dc4458bdaa,test,E
Miner/1 (15626).jpg,4127a54f8e28d01dba2935df9e9c122f29833b6f1cbac4e0f1eb663aecaae601,test,E
Miner/1 (14854).jpg,41283147dd394a192cef3f34d9c3c4b004e62f91cad4bfab972d2ec8e100493b,test,E
Miner/1 (10306).jpg,4169acbe573099c9145278c9bf386026c703c874de4d1e52e9fb973f7137532d,test,E
Miner/1 (10732).jpg,41c2a00dc60b46b34c589d8eab63dbb8adb0f0f8a08e980572f7c74f2a382c71,test,E
Miner/1 (14653).jpg,41eb4f88bc699ab6e260c865eb81ca4301ec7d86e221661b6c38c2cc1cfd6666,test,E
Miner/1 (10957).jpg,4201934a7b301923e4b315f6fa5e8cb0c25b4af4b25c5d5c10f34e9b378df7df,test,E
Miner/1 (11100).jpg,421be0565424a66e084d16ff255efc1f149dcb8d59969e1b100f40897a2aa76d,test,E
Miner/1 (11702).jpg,42392ac9cef628b82ccf90683a94febf53d923382612a4dc7c4cf749f6b16848,test,E
Miner/1 (12213).jpg,42452b35fcd8c3d8c3156ae8680d579102074d2bb06a4b622b926eb3081bfe90,test,E
Miner/1 (11917).jpg,424f1c7403b4626fe96411a2c934b0944f0ad91457fc7d05676d1be2d558ac88,test,E
Miner/1 (10045).jpg,4269cd501fd3ac69db007fbcaf25c82450def22c7cac0a25874b48d10d2784ef,test,E
Miner/1 (12531).jpg,429a3963aebe02c4b3fbcc84282deaaf6e1a4df5d5bedf15acecff4a4257f674,test,E
Miner/1 (12093).jpg,42c52c16ca09b3c46a0753b8a27ecf1f467a4f45b17c98e99065faf51635321a,test,E
Miner/1 (12850).jpg,42c81e60065f47d95722dae54d698b8493537807fa287e85cd76828ee37f8400,test,E
Miner/1 (12207).jpg,42ceda257baa362daa74b81bef6ad4d8f6af786e7eca33b4c0199a219a46acee,test,E
Miner/1 (12192).jpg,42d7689d6c807175a098bedd0e6fdd91299ac5d52125b16c4c7ef72a3c06d4cf,test,E
Miner/1 (14779).jpg,42e2251f220ca9befccf0527dfefee48a1fbe21ccda69527f43946281659fad9,test,E
Miner/1 (10201).jpg,42fd56ae0a46eacf51a7645475ae990d8dc8d998c79656f9cdd68bccd127f16b,test,E
Miner/1 (14651).jpg,43267c99880f1a1398c412e24b2a6d8281f5dd3dc8c2786bf8230c33dedb0d9d,test,E
Miner/1 (13819).jpg,434705c327ec5bc0a4c3eaa115be90c2c1231068214bf2abc252758bada1daa1,test,E
Miner/1 (11009).jpg,4349047a3a6f7b846b7e83351e77decd82c4ba36454a7d0b260b8e83e42ffc2f,test,E
Miner/1 (14663).jpg,43644196cc64545d24034fd4c279246f5f937a36d90be2f79df0b2c0655ec7c2,test,E
Miner/1 (15526).jpg,4371e0d502ceff09554831593e6bac23460085f429ced84a609de9e27001b5e3,test,E
Miner/1 (11570).jpg,437a651b43b3b544a52f62c9672f0f9d17141b8dec522b6798183f7716cef755,test,E
Miner/1 (14156).jpg,438500e7880f90e12b502ff55c1db773970d00658fcebb878e992c74b1f62b6b,test,E
Miner/1 (10338).jpg,4390fb5d251b1caaf0528f4d1742dbf303c8f058a17ec7a0f06848881043674c,test,E
Miner/1 (14857).jpg,43aa03f844ad3d52eda62d15956e876df597e98b1a08bbbc8150fe916c8886f7,test,E
Miner/1 (13757).jpg,43b9c85613dcd268f084af37db098614aa65ebd1ce843a1d1fa7430f64b4d52e,test,E
Miner/1 (10253).jpg,43d2fbf135fcb70c96555c15b2069f7f0eb3d2f9a0df0e3137b60f693e3e2839,test,E
Miner/1 (10126).jpg,440353bf8641cfe76bf261ec7fbd04e92c5926527e7e8817cc4c141f0511b3da,test,E
Miner/1 (11124).jpg,44576f06f797a052a9c79b9236b2e1df8e9d733efe0bcf078588a9542d6e83dc,test,E
Miner/1 (12048).jpg,44a138e4593a44277e2991e49d344adbe03b90cbfd463bea1bbb4e5d5b30b610,test,E
Miner/1 (13238).jpg,44be877f65723f6c15a9f0c476c142572f01bd904591713979f40a85850cdd8a,test,E
Miner/1 (14170).jpg,44f0fb13a74e5d84270c7b35d259fde989dee9d48e3e2ef34e3418ce8be0f9a2,test,E
Miner/1 (13131).jpg,4519941982692f102ed9b1c2c77f025989141de4a1c823ae8027bfb241254418,test,E
Miner/1 (14098).jpg,45246336fd4cd991f71047c5832eeef7ba6c034874dae042f63a701f84f4f05f,test,E
Miner/1 (13583).jpg,4527d1db5dccf1c0780462e73068447d115cae03886f28c47ca0ebe9a92c57b5,test,E
Miner/1 (11091).jpg,45329baf53a1590883e9643287f2f481aee808c943a8f9ee4f49b1a15f10fcc1,test,E
Miner/1 (11568).jpg,45bcd67347a1b8b857908ab8f1fceb85d743446e7e5a13cb953f2d652abf6c4d,test,E
Miner/1 (11465).jpg,45c125b81af688f5a37d1fa955a4435b8b7be6b3b8e15365de17d8b8df3d113c,test,E
Miner/1 (12878).jpg,45cb7c44f151ae2fecba0daf868f0e93b13ab07e8380eebc6d10226fc6bd8eea,test,E
Miner/1 (14307).jpg,463e8fe231b1ec1f91dfb5a4bbddb3e918a671f864ae34e0396b6c7c13205f59,test,E
Miner/1 (10065).jpg,4662a9faadc2c061009d2c098871acefc395c77da7da88e9e419d43cd96f39e9,test,E
Miner/1 (11440).jpg,46721a1ac80ba5966bdb0811638fd23eada9dc5bdf0c1fedd451b701152ea28d,test,E
Miner/1 (13504).jpg,4679197c3a97ddb7e55ab71795234b477408fdb27d6e0a2770b4334b93149d72,test,E
Miner/1 (10579).jpg,4693c759aaaacb66f004ed2db380edf73a2ddaa1e5957d6504394b59b80e5c1f,test,E
Miner/1 (14715).jpg,469f54376f6dfd5732e38b8444ed8a7f10095d2ea2551883fba8861079e763a7,test,E
Miner/1 (11915).jpg,46d4031851badb4a4ac2b6c78f48a844e2fc88e9855821d55adf97e8e03c1741,test,E
Miner/1 (14785).jpg,471a5d19f80f9836851c8949263107414750a44b2b4bb83b090817a1ad829d65,test,E
Miner/1 (15701).jpg,476c5a99865c8eed7924e8cdc6e6f469857c9a6e415b06f9b47d427e3cc6e402,test,E
Miner/1 (15533).jpg,477cccb63f54817c40c958f7a16f097c426b204dcb02165789987735c73c7fdc,test,E
Miner/1 (15619).jpg,47870c1e30651793efc227603452e13288b364ffceaf12028792d0a4743c7b08,test,E
Miner/1 (12874).jpg,47b746a06b6a4a30d4d88b7f5f7ce5986323ac30fe4ad62a469b3572803766c9,test,E
Miner/1 (13417).jpg,47c95a3379547536568d1c1bd3fb91dba90fa46668d579d7127751bc17cf1d69,test,E
Miner/1 (12598).jpg,47f77308eb0f5f5aed70d468112a040babcd11f873121d6ecbe8a6bda5fd8909,test,E
Miner/1 (14021).jpg,47fa1c67422d5c66e064221369af757e06536cc855126aa869f9811e7174c274,test,E
Miner/1 (15809).jpg,481a8863193d8e5e0327c81c730cd1d6d73220c9cbaa3b6ba637b292defbe514,test,E
Miner/1 (14191).jpg,485aa6d7d77a3313601ffac6eccb6eb67102fe3b6385d4ed50819383ad6e02e4,test,E
Miner/1 (15253).jpg,4871d6a437d87d90a604e6a07f0077188e56d404679d0959bf5749b0cefffdff,test,E
Miner/1 (10179).jpg,487e23b2772d8854c8b914bd9611c3730d97e3d15f62182abe1fc7e061f6c5cb,test,E
Miner/1 (15210).jpg,488076f0fc90a264bc42286de21cd3e151b09ff2d7f7d6ec0685d20842dd06dd,test,E
Miner/1 (15529).jpg,48d534a8a6c122d380db26bfad4550f856ddd17f7244915070d00ce6c947be88,test,E
Miner/1 (10444).jpg,48da7ab81bdf9255e2e7fbe5e377d7d0f08d60bd53b49b72cc4d28cde155f4ec,test,E
Miner/1 (14022).jpg,490d6e404509742ea733232f76897a945178aef2392e07b61cb9022b17328e3d,test,E
Miner/1 (12530).jpg,4948f8e6ad6e962d310df70ba28e94c4e1ca45e9867e000865fcaf9b3b2f3d79,test,E
Miner/1 (12551).jpg,4987901b2e366afd2a38aff20933cd55475f3b391bf3231ed5add3db72c9e5e5,test,E
Miner/1 (10420).jpg,49977ab701fe3e47375e626676dcf4b07b51fbc9e660ee1fb20cbb18ccd39f8d,test,E
Miner/1 (14912).jpg,49cf62b4abb8f9cc69a367e887de1616a11d7fa7a2a8b6ffaa3a10b229c53093,test,E
Miner/1 (15207).jpg,49e5fb53a9f31109a497c51e38b6c3f27c4ce5ff43e4df0249975d52d74206ac,test,E
Miner/1 (14260).jpg,49f46ca51f830cfbd85b65985e5662c004a783ed1ca84fe70fc0b7708224ac13,test,E
Miner/1 (14849).jpg,4a1809b09461224f2d6278abfec986c5405c7c224bec6884a75a0857d1f21ac9,test,E
Miner/1 (10968).jpg,4a1cf3a48dae60aab62792ca06c2f1e3117629378e5e6ed1601bd1f12d620563,test,E
Miner/1 (12852).jpg,4a24600cb87b8dfd7f959661258b4cdb79fde6e6b95aeb8287dd50401c91f26a,test,E
Miner/1 (10374).jpg,4a63fc18181694464c00620f4a38c69c2450aef25555a0d8b78bc68dcb276f09,test,E
Miner/1 (10263).jpg,4aacc3ba597331f099ec747f8cf94d8934e3497b8670029ec873c6ee69f40238,test,E
Miner/1 (13240).jpg,4ac44bbcf6513dc299f7ea0b97f46bac5e4880dca8481974eac0833934c0a681,test,E
Miner/1 (12215).jpg,4af40756f578ad1f7e2a411fd04dcc93f9b012e46da9334fcf61b803cbd1d13d,test,E
Miner/1 (10174).jpg,4b92d998cb58f6047197930f9dc35ef5841c9da753deca5cf43361416dedfe63,test,E
Miner/1 (10301).jpg,4ba6c72430e1710b0b1c89ead5093a85f0973dc0b6499f4842a4e850efb952df,test,E
Miner/1 (10465).jpg,4bf6899fd79dddd600adfa7cbb074c7a39e34dc0de5f7c744503515e6e09d481,test,E
Miner/1 (11565).jpg,4c21adec73783f208d4f6a71096891f17782bbeeb2443c76155ff503fd2026d4,test,E
Miner/1 (12194).jpg,4c596ce995b65a66c79d0f582fdc5fbcd3ff96f929a947622901d9e8bbaea560,test,E
Miner/1 (15333).jpg,4c5e3335387efcccaa228a500ed8c79531274ade133e04b373caeadd3c4ac190,test,E
Miner/1 (15346).jpg,4caa035daaff67ab9105befcabcdeea305433de811858871032a4b917b5901cc,test,E
Miner/1 (10474).jpg,4cf17b130f34e181a4cf938f3a6bc30bb3f4acf2897d3971e22a0dc6cb9ec7b7,test,E
Miner/1 (10544).jpg,4d0b50c26c9ff31eafdfe24fbf4dbca94c6124a520bac155d5094679ac641bcc,test,E
Miner/1 (15006).jpg,4d2cd2fa1fde6b5cba2f3af42410f24998a8e15bf5a14b401931a8f11b3c689a,test,E
Miner/1 (10025).jpg,4d3aafa7ed3c3a7d5f7b621eb27364b0fcbd1d7c9f4c8f78da852550be91d2c8,test,E
Miner/1 (12666).jpg,4d426af1aecb7e99f6345b340da390419eb1227b24a4cfc2e23007797f48c952,test,E
Miner/1 (13835).jpg,4d452947fe7cb0a714972251127f4d3f3078067aeff315f427645aeb7f29a406,test,E
Miner/1 (11283).jpg,4d578f78448076da1dba33fa7f4d42e47d62abcf09b31bc137c21129a4dbace0,test,E
Miner/1 (12788).jpg,4d683e8ad9c8fc4460ae953ef0df789ca337c45a66ec303900c2e4e041cc261d,test,E
Miner/1 (14318).jpg,4d6d7634cbb0d8c0378946e81a69e20eef10ad01fb7cf4dc4cafee3ad174c258,test,E
Miner/1 (11378).jpg,4d829c1c367ce2606903ee759baffa5fb1cde04fbb6c52c0db649a5202e7e14e,test,E
Miner/1 (14862).jpg,4d9706cb80306925aa15b3e83341275946a91df542ab4079c42700baabb5fe51,test,E
Miner/1 (10369).jpg,4da531bc7d3dfa8846d317cf6abf53d1405d4b1ad7a61103cc551063e9a0292f,test,E
Miner/1 (12664).jpg,4e1af2cc45ef2e674d759281855e1db0c92d46e8b09abb77fb55df35cc4d3e7d,test,E
Miner/1 (10014).jpg,4e275507d1a09e978aacc4ee0c6458484f4448c2ce8ad038cbd9bd2a1fa8dac5,test,E
Miner/1 (15618).jpg,4e48b03d357db70a41f08e19caba613fbc98f778cfa4ff493810d6b0d0fb0a1b,test,E
Miner/1 (12547).jpg,4e57105443173fc9b07a538aa94c90b49c0bfb5d4fd1428e9e189ac0d3d4b9ba,test,E
Miner/1 (13795).jpg,4e9cbea73af15dc4816820ecb2e172ad2026de679f0423975c61676074b4c6ad,test,E
Miner/1 (14179).jpg,4ebfac48fea2d2e168e3b8b2d423cc963b9ef0d41333c178c11b4542ab6da7fc,test,E
Miner/1 (14861).jpg,4f02552dbf9aa03f0050f95319f6faa81292fd5d29830485f68ca27781f71c42,test,E
Miner/1 (10082).jpg,4f0fdfc1bd2e03a6849c8b3d5f995ce85abbac08ab46dc4e415573da354a6df4,test,E
Miner/1 (15617).jpg,4f365498e540c9bbd9d72d8256a62f7891bff687d387ee6eb5cd267201612a19,test,E
Miner/1 (13824).jpg,4f58ece3c989aa3258b722909cfa41711d446fbc706773c5586bd022b469f404,test,E
Miner/1 (14339).jpg,4f62b1ce58d3ae69c8dd3d6e74b7a17cc60116fcbb02850cd0e76a8910220a36,test,E
Miner/1 (13224).jpg,4f85b9acf473b91e23a3f6ad43c863f3a5072347cf686dd19e328526c615198f,test,E
Miner/1 (13989).jpg,4fb59f948f2acbc3cf17eb896feaa3945d47e5bafc83e2cc79f80503e756af64,test,E
Miner/1 (15704).jpg,4fca882ff9975e5c0f5b73cb88ed16a11a9f5126d32e44e4c0ac44a8de053640,test,E
Miner/1 (14023).jpg,4fdcc7996e2da19ea3dfc00eff9de440bec3067404044e1221ec409d535b9457,test,E
Miner/1 (14661).jpg,4fe75b79c5b55a54cead91cb998645e7bc05b8a181a9020c5cde03fabd5cae84,test,E
Miner/1 (12876).jpg,4ff04a5a67523fa58c884730054ab10dbbddd54a41b29904f48e7ffce37b8210,test,E
Miner/1 (12591).jpg,4ffc2434f5c1c151c2b1902c0a7e9c32f4cbcc853f29b66d75dd3d1f0ce78505,test,E
Miner/1 (10666).jpg,5014b454c82b7dbec97b3bd74245cc6957e68f1cde43194124e9b8809192b7b8,test,E
Miner/1 (13475).jpg,50e1fde8e4a463bec773f38f25810223eeb138713063b830085f592e450ebe1f,test,E
Miner/1 (11745).jpg,510c069c5d3e1b3727564f2d87b722a09e6f19b1ed979e5f739c69e682e5366c,test,E
Miner/1 (11723).jpg,512e34aaec53faabcd9ba556c462289b1cb81847bb70dba737decf6fe2a4de48,test,E
Miner/1 (13857).jpg,5153340c08da760d39107d04ed40cebd3bfeec8a2843226131a18df0d48e151f,test,E
Miner/1 (14123).jpg,516b7d7b0b496add78e45fe47e3ae54074a8cec75775598581d7a0eb107f9a68,test,E
Miner/1 (10454).jpg,518bc3c0c2c97f637add1e28f60ff68208c23f602c7c9a7a638b721d136513ce,test,E
Miner/1 (14161).jpg,51d0d48023b6f424cb7090a954928d9a8e7dd77078c82c2095f0e5cb708772b0,test,E
Miner/1 (11754).jpg,521e7e303cab2c0ca129747bb4165fd044f20f655bd8209319a4dd637c3592e7,test,E
Miner/1 (14125).jpg,52298aedfa332ba525944e1072b2ac7eb63c5d5ee4e558dd52e9a40943ba7275,test,E
Miner/1 (12845).jpg,5248d8d7b0e28bd99f20fbb5c2bc357999d038864d34757ded75c66e8e712d40,test,E
Miner/1 (14085).jpg,525544f6228b6f35cc365c99bcf9e3470ef4a54b6c9bf9449924bad793fc591c,test,E
Miner/1 (10667).jpg,525b996635df7862d67c65ff6c806e373e49a2132e09a71b274f7da0c17d6037,test,E
Miner/1 (12840).jpg,529a88f602570b901aec6e879eb0f98c8bb4c94ddf77791a51405796f388728b,test,E
Miner/1 (14219).jpg,52c90f2824fe61b823bc65db359ac86e04826637beb30c03c01e1b0012375239,test,E
Miner/1 (10303).jpg,52faa8e9e98ebdce0f0d86080f7dd9496f0be5dee1b2356de8dcb7f58e0342cc,test,E
Miner/1 (15706).jpg,533dc2c29de6d7291162e6c5bf68f95cde02ca580acd19a687756bf54234f42c,test,E
Miner/1 (10676).jpg,5347a54db737679140b927f9a202ecef1f169c6711318a3118380431f084488b,test,E
Miner/1 (13834).jpg,53850176e35d0ae25261c702218de9763352f1ba8b89ed597a15b000185f6c06,test,E
Miner/1 (11706).jpg,53d0124d9fe4f4cb6296475c1fa7076ba50927bb4bd5d257ba090adf32ac22d3,test,E
Miner/1 (15764).jpg,5436bba8a063850cc676709ba9fa25c9ac367f6a17faaa26fe148ce32ae57ea7,test,E
Miner/1 (10413).jpg,54678ade306d0f17e611f6ef8fcd0507f72f8a01f40187645bcbf30c373b8969,test,E
Miner/1 (13876).jpg,5478ddc1ad383c78e5af0e688f6450c5522ad9675fff0fe46c3ef3c3142de492,test,E
Miner/1 (13980).jpg,54a6183da7b4a4a8248f9ac1f148c3c4d609323d4c3053e23cbd6ccb2deec08d,test,E
Miner/1 (11701).jpg,54ea73d19f767d161568dec4f82c06f72c1cc801c30610b30322f6710665ca6a,test,E
Miner/1 (15878).jpg,54ee0354dd6987581d286a61b69039e0178c529a8bde60e0d4ce0a4ac9a56698,test,E
Miner/1 (11997).jpg,550a81995634112c8177ccf830f2cb6b6ef2b950b9f5fcdb34b0551ac2377e2f,test,E
Miner/1 (13409).jpg,55393fd6892df11e606e816be08161d9381185ec92c31fda2ea66744b78a984d,test,E
Miner/1 (15684).jpg,5540ceaf74cac6bc40c840795d9f3453287b9373475b842de84569657e729095,test,E
Miner/1 (15761).jpg,5542cb0c4978c8f32d3280724002176d20884348cf0a9a19d8b363bcb9f4069d,test,E
Miner/1 (13896).jpg,555692ebefbba21006c52cbc3ac85855a7e2498a2d9bc685b1de59b27e40f53f,test,E
Miner/1 (14988).jpg,5579e9b6c884bcafc29b45204810eb92b7e7ea8b5718320cb530590b0d7bcd90,test,E
Miner/1 (10009).jpg,55bac293dafe6379126f1e24600b25ab0ee23925ddfea354ac7e6397e8da7ea9,test,E
Miner/1 (14822).jpg,5615042775f06fe140c0fcdf944f8a026fec5b05997291bdb931da193c7818ba,test,E
Miner/1 (12594).jpg,5618146d3f600a4f6d49e7689285bac40b9ba6cfceac18fa702a542f54c3c421,test,E
Miner/1 (12863).jpg,5630cd3c84a6ba390e3a4168a1140bf08440c11f585c7593440c65acde2983ba,test,E
Miner/1 (10673).jpg,563e4b6a2f9b5333af6d2753940894279d1d91b96b1346b2a239325f1fc8d284,test,E
Miner/1 (10428).jpg,564b543b130d10ac7556f52b357bfcfd5cb310252ea7c3ec6fad0d9070cd501d,test,E
Miner/1 (10312).jpg,5679589bf85b3aee107f7645752adf5ca58edc64e8e7920e623ab1770f410a40,test,E
Miner/1 (13406).jpg,569bd0caa2bfcee0764052179d1cb6d3a9f63362da7217767b09c3105fac222f,test,E
Miner/1 (14018).jpg,56a9288f5911c1f6e1fd8a32fc9c6f725066a1a4e5cf7063d43895e450b33c8a,test,E
Miner/1 (10000).jpg,56dc30d7017fdaeee32fa1a79d0773d94afd7a2a657e37ef8abc82c8af442703,test,E
Miner/1 (12519).jpg,56df9b3e7789e0157159f1df1da43a6434cd733ec03ec4c51ca512576d284b45,test,E
Miner/1 (12794).jpg,56f7d12e16d390a2b5dd9382ff482f865a1e19adf5ca647a8c10f06453944af2,test,E
Miner/1 (11676).jpg,572cb83e918b67c8ad313302728441669d1f9c01281049c36be923eb47bc574d,test,E
Miner/1 (14705).jpg,577bf7979f16f11777f01b3890490d4b268c37c6ddf1d7f4f0ec8ced0f1dc783,test,E
Miner/1 (13843).jpg,579aac10a3d056b5889a27e0b47de3b4155baa977fe5c749b1cf24fa9851abee,test,E
Miner/1 (10234).jpg,582e9272bc6400fbde632210b0003d190242cdc6c6e4a79a476a874ed37b7862,test,E
